typing_speed,avg_hold_ms,std_hold_ms,avg_interkey_ms,backspace_rate,punctuation_rate,uppercase_rate,digit_rate,char_count,label
4.321854414619274,118.71182584822265,30.303097748921182,233.09652985896818,1.4084507042253522,7.042253521126761,0.0,0.0,71,0
4.277039415487933,121.02274140985246,25.84593574497076,234.77678674959964,0.9433962264150944,9.433962264150944,0.0,0.0,106,0
3.9237582535308824,121.38972392333505,25.16027547274106,255.95970925909404,2.608695652173913,6.086956521739131,0.0,0.0,115,0
4.268901203511028,117.56528405302329,33.71096788876574,237.69293716242862,2.7027027027027026,16.216216216216218,0.0,0.0,37,0
4.342914008901936,113.84526374225375,30.792028558298014,232.2880241049968,0.0,2.083333333333333,0.0,0.0,48,0
4.120890580873956,121.8356350191201,33.240971971074366,244.64285223326812,0.0,5.454545454545454,0.0,0.0,55,0
3.9454201382232053,121.18072949318501,33.479073422595185,259.60196971204846,0.0,6.666666666666667,0.0,0.0,30,0
4.203384542177558,122.84638838475745,29.793948879415684,238.5898958502564,0.0,4.545454545454546,0.0,0.0,66,0
4.11985819754867,124.59319597874932,26.989869533999137,243.9078070465171,2.4096385542168677,3.614457831325301,0.0,0.0,83,0
4.068058072997735,123.57201145245455,28.326594933977127,248.12475961643,0.0,3.125,0.0,0.0,64,0
4.343727109952433,118.9917791638942,30.71361586173824,233.37421774406664,0.0,5.405405405405405,0.0,0.0,37,0
4.551257396643443,113.77593582779585,33.05022732301167,223.32924913414132,0.0,4.878048780487805,0.0,0.0,41,0
4.203780233681246,118.97510638602779,34.77817129797315,239.39448487675514,0.0,6.8181818181818175,0.0,0.0,88,0
4.336811609169348,118.53926970468227,31.447216723967326,231.40619267630058,0.8928571428571428,5.357142857142857,0.0,0.0,112,0
4.088410454751282,119.69538028668944,31.046469235058858,246.54347225406252,0.0,4.6875,0.0,0.0,64,0
3.9952329505725044,128.84150902429292,32.485229044221704,251.6238465714702,4.444444444444445,10.0,0.0,0.0,90,0
4.122014849588129,118.14028111152805,26.730208524245015,244.29540413287634,0.0,5.0,0.0,0.0,100,0
4.255572568735465,115.75921318824332,27.816354553255188,236.40386158460296,5.194805194805195,10.38961038961039,0.0,0.0,77,0
3.97296228797906,123.63657164839935,33.660350371751214,253.2946148213267,2.3529411764705883,4.705882352941177,0.0,0.0,85,0
4.236562706289598,116.27664934706499,26.962977278176325,237.16959243113587,2.1052631578947367,6.315789473684211,0.0,0.0,95,0
4.1011722164441,122.80926467387815,29.31944877633006,245.62020609671782,1.2345679012345678,6.172839506172839,0.0,0.0,81,0
3.9302993325907334,123.33048748211256,25.109055927350468,256.2271572903938,0.0,11.25,0.0,0.0,80,0
4.1099917755644,124.14610797877761,29.336085124194533,247.11698901317823,0.0,7.317073170731707,0.0,0.0,41,0
4.220885465618636,120.53137406131263,33.07418150017478,238.41463007258827,2.5316455696202533,10.126582278481013,0.0,0.0,79,0
4.172321068234568,119.04260189647069,29.208117546364317,240.9803593010236,1.0869565217391304,3.260869565217391,0.0,0.0,92,0
4.023069924283273,122.68146003898495,30.965612931437786,250.00303129657186,1.098901098901099,7.6923076923076925,0.0,0.0,91,0
4.368850662559085,111.70604216218625,31.863060317668975,232.63233730479106,2.857142857142857,2.857142857142857,0.0,0.0,35,0
4.18107762518419,121.50887312326914,26.932942142354264,240.05691942266546,0.8620689655172413,6.896551724137931,0.0,0.0,116,0
4.1430960239220544,119.01224254071897,30.490252985114207,242.42276099152218,3.508771929824561,9.649122807017543,0.0,0.0,114,0
4.235167075971682,120.67714237414782,28.813764887614287,236.86806860504888,0.9259259259259258,6.481481481481481,0.0,0.0,108,0
4.220012257267873,115.35936792135688,28.492705795134135,239.01810224497092,0.0,7.142857142857142,0.0,0.0,70,0
4.232884712700738,119.06464092921404,32.80210360104333,239.78967058251612,0.0,2.7027027027027026,0.0,0.0,37,0
4.369711299660285,130.68677790991995,27.524279622305297,232.3270143031048,0.0,5.0,0.0,0.0,20,0
4.177773076993211,130.4687655460858,32.36813958109742,243.51359058325323,0.0,0.0,0.0,0.0,38,0
4.1487746313196325,118.92475430322052,32.51446274269089,241.8057609351037,2.7027027027027026,5.405405405405405,0.0,0.0,111,0
4.179136001102276,117.81640260555862,33.46680347782011,241.8330984544267,2.7027027027027026,8.108108108108109,0.0,0.0,37,0
4.019129066893379,124.32988283802746,27.075848728536617,250.13090733680943,4.807692307692308,9.615384615384617,0.0,0.0,104,0
4.020436079409896,121.05867638829973,30.618457067061264,251.01459421122,3.896103896103896,6.493506493506493,0.0,0.0,77,0
4.115747762770993,123.0327346995666,29.23442829508463,243.9846946764096,1.2048192771084338,6.024096385542169,0.0,0.0,83,0
4.187371384116417,116.28576109859085,30.773474950673403,240.02656103494314,2.272727272727273,4.545454545454546,0.0,0.0,88,0
4.219309879812406,119.75856881130814,30.48660478139985,237.98594910853288,0.8849557522123894,5.3097345132743365,0.0,0.0,113,0
4.54887509293631,120.36177228269331,28.8454620065887,223.7983272098711,0.0,4.545454545454546,0.0,0.0,22,0
4.127579566971219,122.50238765108875,27.05998992835907,244.5190129621781,3.508771929824561,8.771929824561402,0.0,0.0,57,0
4.072040915310246,124.07560289493223,30.427200890322663,248.31075876089562,0.0,2.127659574468085,0.0,0.0,47,0
4.117901395691266,120.37301516988792,32.97518160070609,244.94390171877183,1.098901098901099,5.4945054945054945,0.0,0.0,91,0
4.024838383245186,120.12714029205863,32.45695439412196,256.37753357427624,5.0,5.0,0.0,0.0,20,0
4.356517253446151,115.03898576748533,29.942119972171206,231.24675722478844,1.2987012987012987,9.090909090909092,0.0,0.0,77,0
4.356839845993504,115.41055937255445,28.98334766911724,231.75216540440226,3.1746031746031744,4.761904761904762,0.0,0.0,63,0
4.115883710427969,126.41605206516226,35.474201519462206,247.35680437477066,2.4390243902439024,7.317073170731707,0.0,0.0,41,0
4.483026951197723,118.41464232189645,29.481588400936086,225.75804699896432,5.555555555555555,8.333333333333332,0.0,0.0,36,0
4.152083408471947,119.83790918343759,28.87728669398311,242.60702129811034,3.061224489795918,3.061224489795918,0.0,0.0,98,0
4.07629050744962,118.77518831461717,29.51917505150497,246.48354445503526,1.1627906976744187,10.465116279069768,0.0,0.0,86,0
4.116131622021519,117.31182969211251,31.087434087486912,244.23050900866494,2.2988505747126435,3.4482758620689653,0.0,0.0,87,0
4.23009533387234,127.11034860008903,29.10025458857948,239.24974928932684,7.4074074074074066,0.0,0.0,0.0,27,0
4.413788135140693,122.44225886337554,31.522355428198537,229.2627831772923,0.0,12.903225806451612,0.0,0.0,31,0
3.865252436539702,127.14291191614859,33.01279888620462,264.6854353647037,4.166666666666666,4.166666666666666,0.0,0.0,24,0
4.220841915408751,116.22079339207038,31.198084152993136,239.97809938336815,0.0,10.638297872340425,0.0,0.0,47,0
4.051210735156585,122.69212296254395,30.45442286902708,248.2945579011745,0.9090909090909091,6.363636363636363,0.0,0.0,110,0
4.213087257929407,119.28805031092485,29.252644533016966,238.78608542237282,1.834862385321101,5.5045871559633035,0.0,0.0,109,0
4.356966005846334,115.84289118707277,23.906390356264804,230.57306876203495,3.389830508474576,4.23728813559322,0.0,0.0,118,0
4.072145813431858,120.54476194648801,31.299593709605695,249.64259538503967,2.5,5.0,0.0,0.0,40,0
4.247747391946132,117.40221457467482,25.17027433373728,236.94201750233273,3.3333333333333335,11.666666666666666,0.0,0.0,60,0
4.165541783338115,120.52638343101198,31.1084475578273,240.8545274598019,0.9345794392523363,6.5420560747663545,0.0,0.0,107,0
4.135130250126222,121.40357225487546,27.7510068819695,242.94934391240756,0.8403361344537815,6.722689075630252,0.0,0.0,119,0
4.092161217860577,125.88570206590441,26.365482814422005,246.51665275615738,0.0,6.666666666666667,0.0,0.0,75,0
4.0976015156474705,122.1764580657916,29.347017521110715,245.53162994877556,3.3707865168539324,5.617977528089887,0.0,0.0,89,0
4.426417948681455,115.97743674258274,30.478490619603207,228.4884133731707,0.0,1.8181818181818181,0.0,0.0,55,0
4.152579000019775,118.33040844057352,26.489395998409822,242.63737126613657,2.666666666666667,5.333333333333334,0.0,0.0,75,0
4.327639352384315,119.47956410739825,30.247456763055347,232.4176045944584,2.1739130434782608,5.434782608695652,0.0,0.0,92,0
4.308692378348596,120.87160043983924,26.443208110207376,233.49375702387812,1.0204081632653061,6.122448979591836,0.0,0.0,98,0
4.146080414934212,122.1694506570593,27.867920458556327,245.39993131938607,3.225806451612903,16.129032258064516,0.0,0.0,31,0
4.247727688440587,122.04389013412741,29.000328773099657,237.1929596406509,3.4482758620689653,10.344827586206897,0.0,0.0,58,0
4.539423827766605,120.4829781429656,36.434859420035856,224.5662434536636,0.0,10.0,0.0,0.0,20,0
4.252887474782592,118.23615229222133,33.55101323964869,235.8150907728899,5.0,3.0,0.0,0.0,100,0
4.051738515797708,121.87961244447662,28.867206485657036,248.7751207941283,0.0,5.769230769230769,0.0,0.0,52,0
4.086762760210655,121.9723532895336,26.247214430850075,245.94577160765175,0.0,2.4691358024691357,0.0,0.0,81,0
4.420615076963069,116.45379244788026,32.61279378877235,227.4736311518186,0.8849557522123894,2.6548672566371683,0.0,0.0,113,0
4.104918064953205,119.60226340052192,33.04183660660442,244.94595569409182,2.0,7.000000000000001,0.0,0.0,100,0
4.1137411790613285,126.09139824965216,29.61517514113178,246.144384584942,0.0,8.108108108108109,0.0,0.0,37,0
4.1102444631768424,124.50952500921898,31.106620046331557,244.94198174632749,2.857142857142857,5.714285714285714,0.0,0.0,70,0
4.129893029290526,123.39366644533212,34.7522374302434,244.40390689516917,4.761904761904762,1.5873015873015872,0.0,0.0,63,0
4.191353613411106,117.0768305625206,28.50506992351062,239.41622121860578,1.4084507042253522,1.4084507042253522,0.0,0.0,71,0
4.226912420762742,115.18654493764114,29.086148140849005,238.4648185778481,3.278688524590164,8.19672131147541,0.0,0.0,61,0
4.356074588095635,125.909050149929,33.54532409062387,233.5789700686297,0.0,10.0,0.0,0.0,20,0
4.10230362089147,125.02318867919674,29.222377505766673,244.49014276701476,3.5398230088495577,5.3097345132743365,0.0,0.0,113,0
4.339031727669572,120.03751119429077,31.859605114461154,231.54006023011556,1.9607843137254901,2.941176470588235,0.0,0.0,102,0
4.08490430462543,119.8753692637456,26.893002673454607,252.5425080958045,4.761904761904762,0.0,0.0,0.0,21,0
4.232519652256962,115.7062940702205,30.693495224736605,241.0216205815056,3.225806451612903,3.225806451612903,0.0,0.0,31,0
4.00900354988936,125.5808015077715,27.28709555544273,251.25012081919664,1.1904761904761905,8.333333333333332,0.0,0.0,84,0
3.834847801476772,123.37452100704186,29.914779033810362,266.47503882235867,0.0,7.4074074074074066,0.0,0.0,27,0
4.195212167392782,121.56666213876204,31.669194345979992,239.41190792423023,1.7241379310344827,7.758620689655173,0.0,0.0,116,0
4.485284152818613,120.53924135277312,30.795282353580188,228.21579962340704,0.0,3.3333333333333335,0.0,0.0,30,0
4.090841522313056,116.80350536419138,29.204239111106777,246.10612655224188,1.9230769230769231,6.730769230769231,0.0,0.0,104,0
4.06952606409793,123.99160127259363,32.166499218778235,247.28959941545742,1.36986301369863,2.73972602739726,0.0,0.0,73,0
3.883711597483235,129.66322505299428,31.24432021496157,261.3437441785386,4.761904761904762,2.380952380952381,0.0,0.0,42,0
4.294598426085805,118.56754475916235,30.35316649411771,234.0910665241957,2.608695652173913,6.086956521739131,0.0,0.0,115,0
4.350425661471691,115.84239123980188,29.00028993083644,231.23493191957365,7.462686567164178,4.477611940298507,0.0,0.0,67,0
4.279914478524845,118.26161782472563,29.96433169870518,235.45892891123086,1.5873015873015872,1.5873015873015872,0.0,0.0,63,0
4.266734410425411,117.75888628116846,32.37135652968582,235.6077829449121,2.7522935779816518,3.669724770642202,0.0,0.0,109,0
4.18410295081735,123.48561461111957,26.702515980928947,240.89815445930893,1.4492753623188406,7.246376811594203,0.0,0.0,69,0
4.165393283131928,118.7882797471713,28.192569714071567,241.79269752773334,2.247191011235955,7.865168539325842,0.0,0.0,89,0
4.23215478951602,126.15318108844492,40.24612460257594,238.72524663292106,0.0,15.0,0.0,0.0,20,0
4.159714388424818,118.1116484627683,26.991857527756384,242.1558013812478,4.444444444444445,4.444444444444445,0.0,0.0,90,0
3.9789873191489793,127.27345146388805,28.51428821952841,253.27861534181847,4.3478260869565215,4.3478260869565215,0.0,0.0,46,0
4.010487896460563,125.08050653476874,31.488868371024182,253.8974118082311,0.0,3.225806451612903,0.0,0.0,31,0
4.134139936347402,123.03096369489764,27.30241352001894,245.40943167274824,2.2222222222222223,8.88888888888889,0.0,0.0,45,0
4.085521941792725,122.64193368331867,26.542968670444342,246.0581175287212,2.3529411764705883,4.705882352941177,0.0,0.0,85,0
4.351118879241532,122.66896982875585,25.693536374109016,232.8045958102797,0.0,9.67741935483871,0.0,0.0,31,0
4.061431759582609,121.19948227844068,31.003915796113976,248.0960562162159,4.6875,7.8125,0.0,0.0,64,0
4.004463603074618,118.75834016959115,20.626379992317762,254.21479780030722,0.0,0.0,0.0,0.0,25,0
4.128991996343744,126.00101485844726,26.44753840004915,244.85222936353674,1.8181818181818181,0.0,0.0,0.0,55,0
4.281678115933497,120.0317637935414,30.584958891760678,235.59085740864688,3.4482758620689653,8.620689655172415,0.0,0.0,58,0
4.0612852886816375,112.42401632886104,28.616045238694387,249.43110519542992,2.0408163265306123,10.204081632653061,0.0,0.0,49,0
4.0698910899623835,119.35851150122276,26.234572952103477,247.60914860939317,0.0,9.615384615384617,0.0,0.0,52,0
4.12730478673079,118.16572738894678,28.623318934388454,246.2340215950709,0.0,11.627906976744185,0.0,0.0,43,0
4.1731622463275615,116.41251331834175,31.153152909417678,241.41030581842222,4.444444444444445,6.666666666666667,0.0,0.0,90,0
4.18706031923333,118.19824184181999,33.08197637757867,240.85333515965578,0.0,8.064516129032258,0.0,0.0,62,0
4.145369156443317,120.12571818501291,30.12741695552535,242.52106336164718,2.857142857142857,5.714285714285714,0.0,0.0,105,0
3.9740883003342913,126.81576020715562,34.14121008043765,255.1713338996407,0.0,11.76470588235294,0.0,0.0,34,0
4.197554523246278,114.42194646073365,29.178394256138358,243.13816339588743,3.571428571428571,7.142857142857142,0.0,0.0,28,0
4.041614215590368,124.05505978467748,33.442786691725374,255.33631670327287,0.0,9.090909090909092,0.0,0.0,22,0
4.164706352487028,122.04514431717368,27.4815163347698,242.9189401530747,0.0,3.9215686274509802,0.0,0.0,51,0
4.154390786219114,116.68018448384335,32.08724763563352,242.24590907411203,4.615384615384616,6.153846153846154,0.0,0.0,65,0
4.174641836819401,119.57536379206799,28.32024081599414,242.79167255909564,4.3478260869565215,6.521739130434782,0.0,0.0,46,0
4.147086669740202,121.49763771380447,31.950035060109226,246.42881101095148,0.0,8.695652173913043,0.0,0.0,23,0
4.105670342705621,122.8942857825471,33.95778991246732,244.79197288339194,2.4096385542168677,6.024096385542169,0.0,0.0,83,0
4.244581850095988,118.35125641135573,29.736701269029524,236.88555458210092,3.9603960396039604,4.9504950495049505,0.0,0.0,101,0
4.067389851817094,124.14554703902085,25.392560142792323,247.14897454989048,2.7777777777777777,5.555555555555555,0.0,0.0,108,0
4.058102514436959,124.7514875638248,31.024172879666764,247.90690644400328,0.0,8.035714285714286,0.0,0.0,112,0
4.1410266720825515,118.43761104928281,24.700809818487528,244.27014745558284,0.0,2.4390243902439024,0.0,0.0,41,0
4.214912145808123,122.61074971695044,24.979171893527862,239.24677618326658,0.0,1.5873015873015872,0.0,0.0,63,0
4.401834437316101,122.18691203209222,33.40632443934111,230.17275421166255,7.8431372549019605,3.9215686274509802,0.0,0.0,51,0
4.1391036729380195,115.55500170963725,29.1772545389772,244.2380039433523,2.8169014084507045,9.859154929577464,0.0,0.0,71,0
4.226053014448248,121.45618007893896,29.31669000535297,237.5815111654274,0.0,4.705882352941177,0.0,0.0,85,0
4.099304428082354,121.47958088034507,31.297657871340302,245.37181021527888,1.0638297872340425,12.76595744680851,0.0,0.0,94,0
4.028608911708947,119.30145277501713,28.804026091075535,249.69402914940932,2.8169014084507045,4.225352112676056,0.0,0.0,71,0
4.347359504169165,118.31495649800097,28.711154694145897,232.2888165971952,3.4482758620689653,12.068965517241379,0.0,0.0,58,0
4.004786099992567,122.53854678877566,32.73570673737673,252.64828142914203,4.0,10.0,0.0,0.0,50,0
4.43499434121572,117.16038873348403,32.25064277268823,227.86810270101154,2.380952380952381,4.761904761904762,0.0,0.0,42,0
4.095019703414689,120.74720970898923,32.83173039641763,245.99777300294542,1.0101010101010102,6.0606060606060606,0.0,0.0,99,0
4.236276158799349,120.2849034911058,28.276080135687174,237.72443785654767,0.0,3.1578947368421053,0.0,0.0,95,0
4.277126325025896,123.54798927677732,29.251380423281606,235.96703724262966,0.0,7.142857142857142,0.0,0.0,42,0
4.146574397860761,114.90840587862587,32.72527309423328,245.25042323719316,3.0303030303030303,0.0,0.0,0.0,33,0
4.234999117135285,118.95234667736617,32.84360996133226,237.8010210495381,0.0,3.3707865168539324,0.0,0.0,89,0
4.401946901769979,115.73187789007855,31.566887164601198,231.1970501348554,3.125,3.125,0.0,0.0,32,0
4.178973590567968,120.40116535843457,30.03700788495111,240.40321005477267,4.545454545454546,6.363636363636363,0.0,0.0,110,0
4.143617841007378,117.5956101982286,31.91310220085049,242.38085752143792,3.361344537815126,9.243697478991598,0.0,0.0,119,0
4.11617431962333,127.06022622209056,27.831270984254083,246.20829023940036,0.0,8.571428571428571,0.0,0.0,35,0
4.106251933653888,120.00232244090994,29.345385139391436,244.61439282516653,1.098901098901099,6.593406593406594,0.0,0.0,91,0
4.113053094360266,120.23661621958045,29.84557307811368,244.0425634208529,3.418803418803419,10.256410256410255,0.0,0.0,117,0
4.103780906777424,118.34822979407201,29.126133258558163,245.4514681172683,2.73972602739726,2.73972602739726,0.0,0.0,73,0
4.164704186481772,118.04289747503502,29.646376705540252,240.82417871196324,3.4782608695652173,6.956521739130435,0.0,0.0,115,0
4.223025295889806,121.1848172088595,29.33336275541775,238.71893514506536,2.4691358024691357,7.4074074074074066,0.0,0.0,81,0
4.176655546691926,119.08409060764608,29.148877074746068,240.3738416125192,0.0,4.819277108433735,0.0,0.0,83,0
4.103911653876684,117.2399692269939,29.69020840565104,245.0746042400879,2.7027027027027026,6.306306306306306,0.0,0.0,111,0
4.091925652728765,118.68883582594813,33.0120463017891,245.55166335604932,0.0,5.5045871559633035,0.0,0.0,109,0
4.285127835301592,119.3350929625546,32.20793238161013,234.1518977147786,0.9615384615384616,4.807692307692308,0.0,0.0,104,0
4.077756292758928,121.64554136073724,27.684348158011858,246.4819303527035,0.9345794392523363,8.411214953271028,0.0,0.0,107,0
4.082868385832266,118.1643639042339,28.73383730549969,246.76049435254572,1.2345679012345678,9.876543209876543,0.0,0.0,81,0
4.233457435695851,114.76661984780615,27.491118971126177,238.10989501780205,2.5316455696202533,5.063291139240507,0.0,0.0,79,0
4.458732771288014,104.51440625975367,37.06052669932865,228.2926899640629,0.0,9.523809523809524,0.0,0.0,21,0
4.0439467844725066,119.97047389817786,30.472440002287144,248.7682660010801,2.5974025974025974,6.493506493506493,0.0,0.0,77,0
4.354732406547221,110.51743364422632,28.199369589759634,231.05627871340513,0.0,4.761904761904762,0.0,0.0,63,0
3.9968613992463755,120.26132052759252,27.87234696569948,252.01380453225698,0.0,6.25,0.0,0.0,64,0
4.271766538928499,117.86714774741853,28.49837760459813,236.08608079999578,1.4925373134328357,5.970149253731343,0.0,0.0,67,0
4.177796817356849,120.56101064091189,29.220532632216315,245.84719207581946,0.0,14.814814814814813,0.0,0.0,27,0
4.246534290315888,122.63886957443638,26.298672174486736,237.89435774617758,2.564102564102564,0.0,0.0,0.0,39,0
4.060549377521189,114.00738041389381,32.78241168072848,248.24441660942003,1.1904761904761905,4.761904761904762,0.0,0.0,84,0
4.061499029052645,120.14818468065187,27.012925772073302,247.30602891376395,1.8181818181818181,13.636363636363635,0.0,0.0,110,0
4.020451643097372,122.17446711776967,31.166279465595125,249.87111656864826,0.0,6.1946902654867255,0.0,0.0,113,0
4.0351709604912545,115.24917039033838,29.44426694984521,249.41117199841784,1.098901098901099,6.593406593406594,0.0,0.0,91,0
4.219846262825976,121.5639131857486,32.5743494891633,238.18983734889636,1.8867924528301887,9.433962264150944,0.0,0.0,106,0
4.101138971902673,119.47562895291213,26.067543634626436,245.1867113787479,2.127659574468085,5.319148936170213,0.0,0.0,94,0
4.231689556672783,112.5309452900194,27.281647012241873,238.04532445554065,0.0,8.571428571428571,0.0,0.0,70,0
4.2417957707647425,125.7836849445305,25.950416584920713,239.59654753760222,5.0,2.5,0.0,0.0,40,0
4.041895391788185,124.21079757528322,30.530334704394175,249.27163561386584,1.3888888888888888,2.7777777777777777,0.0,0.0,72,0
4.128565517422577,118.21833822741472,27.771213505536522,243.69548346606493,3.260869565217391,3.260869565217391,0.0,0.0,92,0
4.274461491069956,117.8435813484737,31.26956221458984,235.24028387732548,0.9803921568627451,6.862745098039216,0.0,0.0,102,0
4.224018048317374,116.32899351207989,27.783314648063552,238.78902389336918,3.225806451612903,6.451612903225806,0.0,0.0,62,0
4.4019282309518175,113.3325944104496,27.96728543909538,229.15736826929796,2.083333333333333,4.166666666666666,0.0,0.0,48,0
4.16121845563196,117.50986280341871,31.508881465497517,241.65602079973084,4.285714285714286,1.4285714285714286,0.0,0.0,70,0
4.091217685416154,122.70568549848575,30.16393961882322,247.1467457823196,3.8461538461538463,3.8461538461538463,0.0,0.0,52,0
4.399702406810523,122.90316585884102,29.58463282655228,230.6357316833906,4.545454545454546,9.090909090909092,0.0,0.0,22,0
4.049563932596624,124.70954292948723,27.684563676829193,248.25744600459797,1.1764705882352942,4.705882352941177,0.0,0.0,85,0
3.9431955145635786,125.26724705906778,34.33991202904459,256.3276976725241,4.0,6.666666666666667,0.0,0.0,75,0
4.080137708408234,119.70483851613746,29.60921589170995,245.944397435762,0.0,7.964601769911504,0.0,0.0,113,0
4.002553676117219,121.85970587113388,26.9625875204121,252.2484286059967,5.263157894736842,3.508771929824561,0.0,0.0,57,0
4.223082970779191,121.24076158252562,27.064227244216333,237.4897550046792,0.8620689655172413,6.0344827586206895,0.0,0.0,116,0
4.120636045145348,117.86147126854756,32.22460357485119,243.77555609394662,4.081632653061225,3.061224489795918,0.0,0.0,98,0
4.376536796506515,114.88883189868072,30.165248481610547,229.4908385873649,0.0,4.761904761904762,0.0,0.0,105,0
4.214116738882797,118.50292705235478,31.495073959858015,238.92018366785163,2.631578947368421,1.7543859649122806,0.0,0.0,114,0
4.232825934763555,116.86837157893675,29.73489286237757,237.3736614643959,4.040404040404041,5.05050505050505,0.0,0.0,99,0
4.018094087845696,126.56169817685519,32.17225980828111,250.0958409604858,4.0,6.0,0.0,0.0,100,0
4.341251048310561,120.53024211445033,30.138274325368865,232.57414065144485,2.1739130434782608,13.043478260869565,0.0,0.0,46,0
4.141221406427577,124.06526675811058,28.73464365330613,242.4267406974681,4.166666666666666,5.208333333333334,0.0,0.0,96,0
4.2821597867686,119.53613709391998,31.419531742325084,236.23597576879473,2.3255813953488373,4.651162790697675,0.0,0.0,43,0
4.095829970743828,116.81246289012584,29.75766740382292,247.53371043570357,2.380952380952381,0.0,0.0,0.0,42,0
4.224264632502589,118.54921192981848,27.059372000443243,238.51540119812097,3.571428571428571,1.7857142857142856,0.0,0.0,56,0
4.024232619155458,122.82897500183017,28.80503561864947,249.9859046408668,3.5294117647058822,7.0588235294117645,0.0,0.0,85,0
4.0395903405069165,112.00961221638651,29.167777127209355,254.421853671587,4.166666666666666,8.333333333333332,0.0,0.0,24,0
4.184078373413698,120.11268218147141,31.746857719410865,241.14693428795465,1.4492753623188406,5.797101449275362,0.0,0.0,69,0
4.2804024544792965,120.51964880729952,35.383281141813846,235.62064546947693,2.083333333333333,8.333333333333332,0.0,0.0,48,0
4.406761072004055,110.08817096374068,36.313669995918936,232.62402771661723,0.0,0.0,0.0,0.0,28,0
4.160881557688573,121.044850424629,30.4028341403637,243.82785124335385,3.8461538461538463,7.6923076923076925,0.0,0.0,26,0
3.920290729629866,123.52910741455409,27.064038921136746,259.3846031013342,4.0,8.0,0.0,0.0,25,0
4.064742717027725,121.79654437976905,33.211159876431644,248.01370713137823,1.694915254237288,1.694915254237288,0.0,0.0,59,0
4.265066338965877,114.6277194481522,30.939883800329948,235.24514499480495,0.8928571428571428,8.928571428571429,0.0,0.0,112,0
4.133869473298743,120.95280444591064,30.009669540596512,243.0975656937286,1.2195121951219512,3.6585365853658534,0.0,0.0,82,0
4.162321671050192,122.85306927664868,29.830851655987573,241.73613375096664,2.941176470588235,11.76470588235294,0.0,0.0,102,0
4.060121839832127,125.40295084207317,31.129958547622863,249.04881254763748,4.838709677419355,8.064516129032258,0.0,0.0,62,0
4.094849502724358,121.20037586362244,28.491906845897855,244.95544024274835,2.912621359223301,7.766990291262135,0.0,0.0,103,0
4.119429900191817,116.65447922911106,30.08050018843345,245.1512470997993,0.0,9.090909090909092,0.0,0.0,55,0
4.289449271541926,120.92094990403533,26.70987686245964,234.59515906471802,2.7777777777777777,2.7777777777777777,0.0,0.0,72,0
4.189202799147727,119.68610741520597,30.580897814752834,241.30597249566492,1.6666666666666667,6.666666666666667,0.0,0.0,60,0
3.9481493136390386,126.03568563109123,30.160047152321,254.7310712147511,3.8461538461538463,5.769230769230769,0.0,0.0,104,0
4.226295739569329,119.8131674275357,29.855750543805797,238.4751995428234,1.2345679012345678,4.938271604938271,0.0,0.0,81,0
4.392999470000824,114.60405283265634,28.114059471519113,235.00399359730315,4.3478260869565215,17.391304347826086,0.0,0.0,23,0
4.206410384947675,124.11405083989014,32.74894834827656,239.9479735044512,1.36986301369863,5.47945205479452,0.0,0.0,73,0
4.341962887382911,117.18884241207232,31.292850920300342,233.54806411788618,5.405405405405405,10.81081081081081,0.0,0.0,37,0
4.076576687272148,126.43245679947171,27.758450983320504,249.51373138722354,0.0,2.7777777777777777,0.0,0.0,36,0
4.2726008715373425,121.17043553318993,30.950516419962103,234.859951610433,0.9174311926605505,6.422018348623854,0.0,0.0,109,0
4.028019358632095,121.75418724469064,31.982973570781002,250.08627319159305,0.0,7.368421052631578,0.0,0.0,95,0
4.328497762149584,122.12209657043826,29.25618974315858,232.2294680911263,1.8018018018018018,4.504504504504505,0.0,0.0,111,0
4.188971390873436,122.39628061631214,30.36310387858971,239.26181527419766,4.545454545454546,2.727272727272727,0.0,0.0,110,0
4.17169224450575,119.59507453235055,29.96752824116965,241.11404327652204,1.25,7.5,0.0,0.0,80,0
4.114888204623992,114.23235624269941,30.189761520843174,246.84018783463296,2.7027027027027026,10.81081081081081,0.0,0.0,37,0
4.186249014288275,121.96034195959474,30.040135751466998,240.12352822476336,3.614457831325301,6.024096385542169,0.0,0.0,83,0
4.056340809523607,117.43880162038245,31.600293120751534,248.994658161109,2.941176470588235,7.352941176470589,0.0,0.0,68,0
4.021188121544991,121.01981533314097,32.7600880396227,250.97490296777318,0.0,7.2727272727272725,0.0,0.0,55,0
4.018317125573488,125.67055709701431,30.009260326995594,249.64423447945734,2.803738317757009,7.476635514018691,0.0,0.0,107,0
4.168989334552631,121.98232442072836,28.77108316433104,240.88303356839359,2.7027027027027026,5.405405405405405,0.0,0.0,111,0
4.059255488326529,120.88048963944567,28.44590938138986,247.76494671310576,3.6363636363636362,3.6363636363636362,0.0,0.0,55,0
4.401008012132545,118.50629475514589,29.1869203409476,232.5003536101426,0.0,7.4074074074074066,0.0,0.0,27,0
4.163120273025426,121.63277146211246,25.30876265349862,246.1973498728674,3.8461538461538463,7.6923076923076925,0.0,0.0,26,0
3.9317363377107393,122.20484515864104,26.777978488737624,256.15802565450593,3.225806451612903,5.376344086021505,0.0,0.0,93,0
4.245429062326638,116.04346866263158,30.624619301862598,236.05114191776934,0.9345794392523363,6.5420560747663545,0.0,0.0,107,0
4.020524904715114,125.56215843451605,31.800302505310235,249.97632872615338,0.0,6.837606837606838,0.0,0.0,117,0
3.8814812002130514,124.607141923597,27.793291089025885,262.29481095354265,0.0,2.380952380952381,0.0,0.0,42,0
4.234892983455223,117.20626856715636,30.304520559404637,237.92502454942772,1.3888888888888888,2.7777777777777777,0.0,0.0,72,0
4.070752062741198,115.9032934753924,29.593446334511878,247.6154503516249,0.0,1.1904761904761905,0.0,0.0,84,0
4.053957082090204,127.15084718758395,27.72896856306464,249.95479128149137,0.0,7.317073170731707,0.0,0.0,41,0
4.0334377640671555,120.53424189801369,28.903862725125517,252.6371431738485,0.0,6.896551724137931,0.0,0.0,29,0
4.015208411980043,121.00789163995852,30.488216330470113,251.362632101663,1.694915254237288,6.779661016949152,0.0,0.0,59,0
4.168062646551171,115.43393900111867,26.642308755736348,243.3003776179852,0.0,2.7027027027027026,0.0,0.0,37,0
4.0608611149451255,122.53184548723628,30.6948917942149,247.19803904451473,2.7522935779816518,8.256880733944955,0.0,0.0,109,0
4.054847135768264,120.06133626678927,30.01090855873227,248.16252630665522,0.0,3.260869565217391,0.0,0.0,92,0
4.073473570728521,117.26715928831611,28.932390148186258,246.7937904284652,5.357142857142857,8.928571428571429,0.0,0.0,112,0
4.154355782990844,116.50947638307333,29.205220441486794,241.8470680639806,0.0,4.587155963302752,0.0,0.0,109,0
4.10005066565798,123.05204920725853,30.82318048484047,245.12516537647465,0.0,6.666666666666667,0.0,0.0,90,0
4.122945536138845,117.32809053936049,27.55528688140373,243.55695846050773,2.912621359223301,7.766990291262135,0.0,0.0,103,0
4.128293834271462,130.38626390378283,31.306953622131527,245.09509785328964,2.4390243902439024,4.878048780487805,0.0,0.0,41,0
4.119942786250534,125.40636038806088,28.974044404165987,244.30382969685172,0.0,5.769230769230769,0.0,0.0,52,0
4.232639630756677,116.47457639358764,27.52713772548699,237.65692391941752,2.564102564102564,7.6923076923076925,0.0,0.0,117,0
4.053471548193904,125.15446690502532,24.736635143446794,248.85597529618536,3.7735849056603774,1.8867924528301887,0.0,0.0,53,0
4.199446646958549,126.53171015570987,35.692875829366876,239.89599715421343,4.25531914893617,8.51063829787234,0.0,0.0,47,0
4.203505892636237,120.93443853125554,25.15231916481272,239.45259215478583,3.061224489795918,5.1020408163265305,0.0,0.0,98,0
4.156922819385567,120.32402519028592,29.975013409033174,242.09690724377933,5.05050505050505,8.080808080808081,0.0,0.0,99,0
4.093875324738022,127.08603107917784,36.15444515865321,246.29902852586096,0.0,0.0,0.0,0.0,65,0
4.222025080299157,115.3072632987034,29.935894164652463,238.21419189971394,4.938271604938271,8.641975308641975,0.0,0.0,81,0
4.312546779512692,121.67727113581022,26.915002322877495,235.63499657707192,0.0,4.651162790697675,0.0,0.0,43,0
4.100994913962107,118.2295471440225,29.1999882838758,244.42587427414244,0.8620689655172413,6.896551724137931,0.0,0.0,116,0
4.260986214934407,120.10667517290365,29.20322478952532,235.7336984402582,2.0408163265306123,9.183673469387756,0.0,0.0,98,0
4.019820631580078,124.93989403079131,31.998023126848114,250.45867464407598,2.7027027027027026,10.81081081081081,0.0,0.0,74,0
4.605930031026861,118.18919283713039,28.204152739087295,220.2474980243584,0.0,6.451612903225806,0.0,0.0,31,0
4.094752055112972,121.74215921303006,30.299751516847298,245.68438426884435,4.0,7.000000000000001,0.0,0.0,100,0
4.183606726078133,118.3506343321295,29.07316654247552,240.53238603569378,1.2195121951219512,4.878048780487805,0.0,0.0,82,0
4.161369092450896,119.97522154629242,27.631506849040466,242.2325458964216,1.4925373134328357,4.477611940298507,0.0,0.0,67,0
4.057479542658857,121.09832893102357,26.199443921391385,247.6718749705186,3.8095238095238098,4.761904761904762,0.0,0.0,105,0
4.3309103868105385,116.16630624927804,24.494710867963697,231.7227476941191,2.727272727272727,4.545454545454546,0.0,0.0,110,0
4.1996726207006,120.07640557799584,29.661696496886012,239.29144632078436,1.9417475728155338,1.9417475728155338,0.0,0.0,103,0
4.211784149458893,117.91941460285969,32.543355580256716,237.98351931191658,0.8547008547008548,4.273504273504273,0.0,0.0,117,0
4.080807157628719,112.3585987836352,28.664821179790984,251.5269082094506,0.0,3.7037037037037033,0.0,0.0,27,0
4.279407255335559,119.21668120095785,29.651610716926093,234.66588244053966,1.1111111111111112,4.444444444444445,0.0,0.0,90,0
4.077720396043837,124.61097965025702,29.919508911296813,246.71578120126478,0.0,6.944444444444445,0.0,0.0,72,0
4.087554576364203,120.17304939916065,28.195096401104756,246.12124519731827,2.1505376344086025,8.60215053763441,0.0,0.0,93,0
4.079349028471766,120.46785910847481,31.173884509310195,246.7071251759946,0.0,6.896551724137931,0.0,0.0,58,0
4.4904697744664555,117.4784741000731,30.363843578895107,228.39807051642217,7.6923076923076925,3.8461538461538463,0.0,0.0,26,0
4.123012556431472,126.22959197281779,26.799806609112185,243.8549572699767,1.1363636363636365,6.8181818181818175,0.0,0.0,88,0
3.977934446031258,123.24464946696068,25.57521723244103,252.6648703902801,1.5151515151515151,3.0303030303030303,0.0,0.0,66,0
4.307588914918719,120.51665729047366,28.4288092188736,237.02562012357453,6.25,3.125,0.0,0.0,32,0
4.086435173257505,125.16609197559382,27.02621082956008,246.11975457462114,0.0,3.4482758620689653,0.0,0.0,58,0
4.196591513578485,119.1286096043657,27.66142831477543,239.51523496222887,2.7027027027027026,6.306306306306306,0.0,0.0,111,0
4.012569687817016,125.57416671118493,24.591751712901385,251.50631266990052,0.0,5.172413793103448,0.0,0.0,58,0
4.37545536109054,119.73651418898199,30.75533153978082,233.33498482639007,0.0,7.142857142857142,0.0,0.0,28,0
4.356250335919503,118.72745588779703,31.41708573515507,230.87365938981205,4.761904761904762,6.349206349206349,0.0,0.0,63,0
3.9358458386720154,125.3934466072415,31.86873094292302,255.71163153631022,4.166666666666666,6.25,0.0,0.0,96,0
4.078427799047062,118.28772555435171,31.690924540778195,247.14664770129662,2.4096385542168677,6.024096385542169,0.0,0.0,83,0
4.166799994224855,115.96902736672614,34.85293067379492,242.24255963419265,0.0,12.5,0.0,0.0,40,0
4.01795925441029,122.52526349960591,30.948419897999756,250.3106277133958,2.0,7.000000000000001,0.0,0.0,100,0
4.331791362120033,118.7951921566517,31.66361309144229,232.1935684813803,1.4084507042253522,5.633802816901409,0.0,0.0,71,0
4.10343730376257,121.0819668189248,33.87217294833485,245.1326710179249,2.631578947368421,9.649122807017543,0.0,0.0,114,0
4.195645956393822,116.46878661569687,25.430789417347864,239.50230233895505,2.0408163265306123,5.1020408163265305,0.0,0.0,98,0
4.1438619101100675,133.75246216036953,30.798742596577984,245.58559325027977,0.0,9.375,0.0,0.0,32,0
4.188070487146664,120.00596949369918,30.327844744802647,240.35764513450104,2.083333333333333,6.25,0.0,0.0,48,0
4.1193101063144955,113.57815119063903,28.397954835330278,244.86155983178946,2.272727272727273,6.8181818181818175,0.0,0.0,44,0
4.281184102806069,125.3748032220246,22.20447208632704,237.37666069420914,0.0,4.3478260869565215,0.0,0.0,23,0
4.329066604962156,115.2648728948946,24.781013438867525,232.27915040774892,6.185567010309279,11.34020618556701,0.0,0.0,97,0
4.028431746592635,125.28815605254574,27.078723564567248,248.8432240291705,1.8867924528301887,6.60377358490566,0.0,0.0,106,0
4.09163906317136,119.67505851485458,27.667633370985293,246.81073795605772,0.0,0.0,0.0,0.0,36,0
4.2702356933916255,115.4558052922722,28.69624177869047,235.20384145044372,3.7383177570093453,8.411214953271028,0.0,0.0,107,0
4.095438295599651,120.25595356477426,30.708909305338054,245.9830746643899,1.9801980198019802,9.900990099009901,0.0,0.0,101,0
4.059433207386838,123.67678170354787,24.97697679221173,248.17740187790073,1.36986301369863,1.36986301369863,0.0,0.0,73,0
4.096184212878646,120.3986661246214,25.79133002770489,245.60263215104447,0.0,3.125,0.0,0.0,96,0
4.045694331495684,121.7262423864475,29.722398801701484,248.8167834632775,3.076923076923077,4.615384615384616,0.0,0.0,65,0
4.370239960274901,112.99338231982432,26.29061528937838,229.81256814034177,0.0,3.8461538461538463,0.0,0.0,104,0
4.054318906420551,124.73543563463524,29.24375679945585,247.75426419600512,7.6923076923076925,6.153846153846154,0.0,0.0,65,0
4.263144486395341,129.18674827171384,31.01514357695316,237.4316876194985,2.2222222222222223,11.11111111111111,0.0,0.0,45,0
4.2105531434243755,118.99358712411139,28.88840529802661,238.64710349592585,1.098901098901099,7.6923076923076925,0.0,0.0,91,0
4.084436333326042,120.92404275774526,30.44312179254012,245.75750731206801,1.694915254237288,6.779661016949152,0.0,0.0,118,0
4.189219134644979,122.2455954135286,26.840060207751844,240.23458748714393,0.0,5.633802816901409,0.0,0.0,71,0
4.15111751658983,114.72468697290954,25.031354143082883,242.6137617608024,0.0,7.216494845360824,0.0,0.0,97,0
4.398540993025655,115.29098257610414,27.92272856595402,229.23096797647202,1.4925373134328357,2.9850746268656714,0.0,0.0,67,0
4.15190876969959,118.95897021255732,30.93274282780507,241.7279561265464,1.6666666666666667,4.166666666666666,0.0,0.0,120,0
4.257668495074655,108.95743239148491,30.19192454808711,237.98913440745133,0.0,3.225806451612903,0.0,0.0,31,0
4.246118925872715,111.1300203547342,26.17238300610489,237.45770765506012,2.7777777777777777,13.88888888888889,0.0,0.0,36,0
4.205710315471223,121.36203553009084,29.545766982693475,238.83502034330832,1.3513513513513513,8.108108108108109,0.0,0.0,74,0
4.198274347256253,120.88857253685511,32.431450886500926,239.49184196424324,0.0,2.4096385542168677,0.0,0.0,83,0
4.192221682683418,119.121381872423,28.175963707421705,240.29818775991808,1.4084507042253522,4.225352112676056,0.0,0.0,71,0
4.251523454056502,125.10855524997108,29.095808341769967,236.15602478601448,0.8547008547008548,5.128205128205128,0.0,0.0,117,0
4.133651987742646,120.2616223253803,29.682383614318912,244.95305818007174,6.666666666666667,6.666666666666667,0.0,0.0,45,0
4.090459754505643,122.13739446015877,26.07375201484467,245.50887265505568,0.0,6.382978723404255,0.0,0.0,94,0
4.173968750174098,120.63410371616237,27.64289529460407,241.0665322320167,0.0,4.62962962962963,0.0,0.0,108,0
4.216766711719766,119.71651108026349,26.73027764429049,238.2170696525474,1.2345679012345678,4.938271604938271,0.0,0.0,81,0
4.204288203332594,120.44828742321562,30.295776424666816,238.83209768584243,1.098901098901099,5.4945054945054945,0.0,0.0,91,0
4.319805567856247,113.7392085912947,25.614746366548186,235.61580316680295,3.225806451612903,0.0,0.0,0.0,31,0
4.110610382325505,124.44308664638824,30.647917550709106,244.46060788072032,3.3333333333333335,1.1111111111111112,0.0,0.0,90,0
4.051762691416911,120.96742665760291,33.14096690959331,247.87182353241263,1.9047619047619049,9.523809523809524,0.0,0.0,105,0
4.2086348062142225,118.71410691463602,29.97662311079561,238.7572051777362,1.7543859649122806,1.7543859649122806,0.0,0.0,114,0
4.081826517566079,123.24268237906598,24.505657741307623,247.3314691035417,1.639344262295082,8.19672131147541,0.0,0.0,61,0
4.447188083127858,113.68373515787472,28.760086582631867,226.27376861105236,0.0,5.0,0.0,0.0,60,0
4.171912170718691,115.28199323535,29.516982446334353,241.86365817929678,2.5,5.0,0.0,0.0,80,0
4.305446564749972,117.03490587511634,31.07027832775139,235.48553829784956,5.555555555555555,8.333333333333332,0.0,0.0,36,0
4.3669526003222705,120.8984669777105,34.65920326490972,230.38446966685294,5.681818181818182,2.272727272727273,0.0,0.0,88,0
4.293419730094199,117.37754614266781,31.575698870259227,234.75637933964998,0.0,5.797101449275362,0.0,0.0,69,0
4.125530445700529,124.05847789188152,29.361532416583184,243.53492689811742,3.3333333333333335,7.5,0.0,0.0,120,0
4.125817595847232,120.94123350806316,28.66812744112798,243.2506988112325,4.040404040404041,8.080808080808081,0.0,0.0,99,0
4.045061833970301,129.39812157333918,21.848529585036587,251.77920570663312,7.6923076923076925,26.923076923076923,0.0,0.0,26,0
4.114983571632774,122.48967270271345,24.652332293282218,245.0903984739844,1.7241379310344827,8.620689655172415,0.0,0.0,58,0
4.188100383521025,124.379811000186,30.522323486796466,239.53341524713707,2.608695652173913,6.086956521739131,0.0,0.0,115,0
4.080767955287473,124.77571906163472,25.06610282456579,249.23480326579636,0.0,4.0,0.0,0.0,25,0
4.0034812016786985,122.10500681324505,26.849257303031465,250.82849521495353,0.0,8.695652173913043,0.0,0.0,115,0
3.9467357578801563,114.06648763440064,41.04653034538304,258.5343189375531,4.3478260869565215,4.3478260869565215,0.0,0.0,23,0
4.120735809378528,120.72311402480001,28.306179322277323,243.24982321188358,2.608695652173913,6.956521739130435,0.0,0.0,115,0
4.159584602859932,122.65826197918773,29.632676640501153,241.496633525477,2.2988505747126435,8.045977011494253,0.0,0.0,87,0
4.459074849272068,126.76609182111012,28.55552656508877,228.01214183040764,0.0,11.538461538461538,0.0,0.0,26,0
4.249227113327295,115.06634522598772,24.576080353558773,241.65644981844244,0.0,5.0,0.0,0.0,20,0
4.074022803576597,115.69717900744403,27.726581085372292,249.62447466100645,0.0,5.405405405405405,0.0,0.0,37,0
4.46368198836118,112.90946767499122,33.76222582389286,225.21463875870126,2.912621359223301,4.854368932038835,0.0,0.0,103,0
3.8086781745088567,132.73284603894433,32.413417415179474,267.6789229629194,0.0,8.0,0.0,0.0,25,0
4.149577029700595,124.69832495375857,30.36617610709863,242.72773974245453,3.571428571428571,5.952380952380952,0.0,0.0,84,0
4.161851920243036,121.42880317555073,26.844440021546415,242.28244384204368,0.0,5.633802816901409,0.0,0.0,71,0
4.08081163268406,119.06552585664848,26.374219975264996,249.00595968950475,0.0,4.444444444444445,0.0,0.0,45,0
4.137545765055274,125.06337473689534,30.021782124175893,242.66975501492095,0.0,5.154639175257731,0.0,0.0,97,0
4.151628383237278,124.05534038254311,26.349571624490142,241.2434438501979,2.6548672566371683,7.964601769911504,0.0,0.0,113,0
4.193793924317428,121.65530825613786,35.538573555971055,241.3644088904943,3.8461538461538463,9.615384615384617,0.0,0.0,52,0
4.128922718417257,121.34636839377532,24.577355568877575,246.50402608919057,0.0,9.67741935483871,0.0,0.0,31,0
4.037297001341377,117.46944572626448,34.01891708191669,249.63715940885976,1.1363636363636365,5.681818181818182,0.0,0.0,88,0
4.158813471631698,123.06983529846578,28.412289970156415,242.03590228703794,1.4705882352941175,7.352941176470589,0.0,0.0,68,0
4.2068943817790245,118.62456039311806,32.085050203365725,238.5616041328787,0.0,6.741573033707865,0.0,0.0,89,0
4.091504677430195,121.8436276710056,27.69356336401736,246.0892204032945,2.4691358024691357,7.4074074074074066,0.0,0.0,81,0
3.986839155344797,122.62066458530356,30.082049923391203,253.2432086762791,0.0,5.0,0.0,0.0,60,0
4.3364136477851805,117.96700839576404,31.00778914024676,231.72690844495392,2.7777777777777777,7.4074074074074066,0.0,0.0,108,0
4.25483722642133,118.55977779603317,26.746553534376346,237.082344325707,0.0,2.1739130434782608,0.0,0.0,46,0
4.2265407364312155,117.3130465776936,26.434076467578162,237.68245304186547,0.0,6.666666666666667,0.0,0.0,90,0
4.391471338042527,121.91322490633442,24.188446697128633,230.1207198140093,2.4390243902439024,7.317073170731707,0.0,0.0,41,0
3.9962393022314417,129.57850587499658,28.94342578557676,251.7531973308599,0.0,10.666666666666668,0.0,0.0,75,0
4.236403914318653,116.8606456190514,31.59465583714648,237.26384283223936,3.4482758620689653,6.896551724137931,0.0,0.0,116,0
4.2332261417700785,120.38550730248485,28.87044172237001,237.51973469190153,2.0,2.0,0.0,0.0,50,0
4.103118396872641,126.72215094392313,24.05517647481845,245.4590811395141,6.122448979591836,2.0408163265306123,0.0,0.0,49,0
4.30532598464875,115.0534096542057,34.43667944646442,235.49175104071307,2.5,0.0,0.0,0.0,40,0
4.0443642204351695,114.95607493023574,33.32126483686909,248.63678960035145,5.333333333333334,2.666666666666667,0.0,0.0,75,0
4.036046660820082,120.65945559651237,29.627425668530087,250.64839952173523,0.0,7.2727272727272725,0.0,0.0,55,0
3.9958798832045255,122.37438870530866,29.05352293444823,255.27984806834883,6.451612903225806,6.451612903225806,0.0,0.0,31,0
4.227658080895542,114.68206631184353,30.765899973823373,239.22890528346724,1.639344262295082,4.918032786885246,0.0,0.0,61,0
4.172238565234302,118.21015547227897,29.61573928225231,240.55535089762543,0.0,8.24742268041237,0.0,0.0,97,0
4.239987656286678,116.20344245810085,29.884126638675497,236.72471632714058,1.1111111111111112,10.0,0.0,0.0,90,0
4.13522341575125,124.32136556995601,32.53861065837339,243.36348559192692,0.0,2.8169014084507045,0.0,0.0,71,0
4.3206376327646625,115.30039118013462,31.613566182276443,234.71807101865775,4.651162790697675,6.976744186046512,0.0,0.0,43,0
4.147229876228467,122.73212486838688,28.037562953255666,242.45052511080414,3.225806451612903,6.451612903225806,0.0,0.0,62,0
4.007906910681703,118.38261291964307,29.404752562748175,251.9810196056222,2.083333333333333,4.166666666666666,0.0,0.0,48,0
4.287284031926334,120.2622076172415,22.89708285930589,237.2947051032915,5.88235294117647,8.823529411764707,0.0,0.0,34,0
4.326421164782808,119.39412320906258,29.672775442051826,232.0672934858047,3.8834951456310676,8.737864077669903,0.0,0.0,103,0
4.161241318556582,115.18505077908723,30.67688132911252,241.5220917760793,3.614457831325301,2.4096385542168677,0.0,0.0,83,0
4.2042338592783075,116.15294902565232,27.782676672939058,239.48451481085604,1.2345679012345678,3.7037037037037033,0.0,0.0,81,0
4.233091343574939,118.96343766989207,31.758665534182924,238.73610489382517,5.454545454545454,3.6363636363636362,0.0,0.0,55,0
4.247530581796942,118.70334919284217,30.122222915356858,237.08186605346137,2.5974025974025974,7.792207792207792,0.0,0.0,77,0
4.290157858870858,120.81412134915874,28.026030175028026,234.11856735499134,0.0,9.183673469387756,0.0,0.0,98,0
4.155994944211251,119.10545905309768,26.010889942878578,243.5929470882057,0.0,2.0408163265306123,0.0,0.0,49,0
4.147434181298948,118.9375679230698,27.500695016335026,242.8769815245585,1.694915254237288,6.779661016949152,0.0,0.0,59,0
4.084793170049456,121.43368021272195,33.6227688965439,245.84691711952402,2.912621359223301,4.854368932038835,0.0,0.0,103,0
4.287143598174039,117.55006197569129,32.07745982944541,234.52288854944658,2.3255813953488373,11.627906976744185,0.0,0.0,86,0
4.178668947532495,119.22369335874431,27.1966881166463,240.88161614224538,1.2048192771084338,2.4096385542168677,0.0,0.0,83,0
4.141488232083844,114.96610023771458,25.520565340823023,242.94812429699365,1.0638297872340425,2.127659574468085,0.0,0.0,94,0
4.156158306370254,116.74253885526748,29.770759013460395,241.46689507721726,0.9708737864077669,4.854368932038835,0.0,0.0,103,0
4.307257956997737,117.86563131130902,25.43955235005341,233.6315711184194,0.0,7.2727272727272725,0.0,0.0,55,0
4.04687972555389,117.42628290592003,28.00220210830176,248.2099490524062,1.1111111111111112,4.444444444444445,0.0,0.0,90,0
4.550767305810743,115.2313971479666,27.362395391581227,221.16438667286954,3.389830508474576,1.694915254237288,0.0,0.0,59,0
4.035200712508775,122.16418068797073,29.670220761234688,248.7471761355289,2.7522935779816518,5.5045871559633035,0.0,0.0,109,0
4.253007522241767,120.70077627769493,30.454776943636727,237.24788504586817,2.8169014084507045,2.8169014084507045,0.0,0.0,71,0
4.106453193279384,116.06750696808339,29.559605615694075,244.55985648206493,0.8849557522123894,5.3097345132743365,0.0,0.0,113,0
4.145366606128452,117.89876584364502,25.57516323767154,244.56399184870546,2.1739130434782608,8.695652173913043,0.0,0.0,46,0
4.054710134138411,112.65043156029671,27.350851631114594,252.4415758612587,3.571428571428571,3.571428571428571,0.0,0.0,28,0
4.162850317074231,124.44118480864633,29.12031356034061,241.29540346243286,4.23728813559322,5.084745762711865,0.0,0.0,118,0
4.095747849016906,124.01557833471414,29.592434790930948,245.59966470783144,1.8018018018018018,8.108108108108109,0.0,0.0,111,0
4.326429584762206,119.85537543481978,28.8269098813459,233.06576599225082,2.9850746268656714,7.462686567164178,0.0,0.0,67,0
4.211574038644077,126.0296825456016,26.03213303163812,240.24888466280134,2.2222222222222223,4.444444444444445,0.0,0.0,45,0
4.084767991172441,123.5797521522507,31.505428124060238,245.9974784069422,1.6666666666666667,5.0,0.0,0.0,60,0
4.263819406106413,118.08403204657188,30.570460118745792,235.66991539482527,0.0,3.225806451612903,0.0,0.0,93,0
4.129049361258161,121.36131570920732,31.479912060391875,243.24975464021412,5.333333333333334,5.333333333333334,0.0,0.0,75,0
4.173662596346631,119.11270561665611,32.40951078648712,241.3590351981238,2.5,3.3333333333333335,0.0,0.0,120,0
4.195891963804178,118.2050706239727,29.256837062172394,239.68493747686102,2.803738317757009,6.5420560747663545,0.0,0.0,107,0
4.059567090671123,125.02833165799109,28.118520560419256,247.19622751144576,1.0309278350515463,3.0927835051546393,0.0,0.0,97,0
4.1696099678888485,118.0607649869933,29.71665855288752,241.1341572168761,2.666666666666667,4.0,0.0,0.0,75,0
4.2988130201363655,121.46131432887482,28.795809140043357,237.35280588749362,3.4482758620689653,3.4482758620689653,0.0,0.0,29,0
4.148539143706397,117.88798637296793,33.03839078136592,242.3580428523898,2.5,7.5,0.0,0.0,80,0
4.16555252084388,118.16805170993459,27.662706032665042,241.0513586765816,1.0309278350515463,6.185567010309279,0.0,0.0,97,0
4.030878081620907,121.62508191516825,34.97099540644848,249.1550062857051,1.834862385321101,3.669724770642202,0.0,0.0,109,0
3.9847794997167254,120.96758742894656,31.03053159788347,252.41304593472026,2.586206896551724,10.344827586206897,0.0,0.0,116,0
4.185773922176552,123.42266407401458,32.89973476481289,241.12284054816135,1.5873015873015872,9.523809523809524,0.0,0.0,63,0
4.388046414702301,119.25815802833868,29.586627825277294,228.582602015635,2.564102564102564,6.41025641025641,0.0,0.0,78,0
4.4441628329504335,126.93166803513627,29.970391938072968,229.59662602765437,10.0,15.0,0.0,0.0,20,0
4.455912264352073,112.26426635149556,32.84200615232203,229.93607532081037,0.0,9.090909090909092,0.0,0.0,22,0
4.074922111157414,129.22368456078453,23.15899318776202,249.81299888483431,0.0,10.714285714285714,0.0,0.0,28,0
4.168087320428053,120.1960513223264,30.379138144495876,240.97228420768795,6.0344827586206895,5.172413793103448,0.0,0.0,116,0
4.029954087351985,127.8713515989465,33.40485944049395,249.74402846268015,1.5873015873015872,4.761904761904762,0.0,0.0,63,0
4.43865746538316,120.67369022071995,29.327882314089845,229.40919392172833,2.7027027027027026,2.7027027027027026,0.0,0.0,37,0
3.991466457902888,127.60222855530303,28.13592318311087,252.48161250854832,0.0,2.8169014084507045,0.0,0.0,71,0
4.152165132976973,117.44345654731535,25.97552164745559,242.95371289849126,3.389830508474576,11.864406779661017,0.0,0.0,59,0
4.071122405791156,117.92339507927647,30.225583483553514,249.6893191561121,0.0,11.904761904761903,0.0,0.0,42,0
3.9469268712893366,124.99786278488027,30.296114849478162,254.9732502603632,0.0,4.6875,0.0,0.0,64,0
4.034596874406619,124.63604486948978,31.559278590973086,249.35095105170566,1.3333333333333335,4.0,0.0,0.0,75,0
4.035547508633879,125.10224326329286,35.816787242266976,251.74693723807098,0.0,10.81081081081081,0.0,0.0,37,0
4.179684828727381,120.24782171524222,26.728126066767388,240.6098071548706,2.2222222222222223,2.2222222222222223,0.0,0.0,90,0
4.343510488987883,121.4025706136214,32.37850316813396,231.1632946421378,0.8849557522123894,6.1946902654867255,0.0,0.0,113,0
3.926038226926671,126.93992671073377,28.287495327734614,255.90466319536637,3.9603960396039604,3.9603960396039604,0.0,0.0,101,0
3.9755855313622224,125.22602956998826,31.11324490464414,252.15586568844085,0.0,2.272727272727273,0.0,0.0,88,0
3.9967645497752806,122.16941002685331,30.216291983654454,251.81746307119042,2.666666666666667,4.0,0.0,0.0,75,0
4.034999019369369,122.19808638278683,30.517963544769252,249.3212468684889,3.296703296703297,2.197802197802198,0.0,0.0,91,0
4.274109652142491,117.39629399982904,28.66372100166429,235.11979478259278,3.296703296703297,7.6923076923076925,0.0,0.0,91,0
4.154546730159381,119.24943665957666,23.677088665477097,242.3417312443803,0.0,2.380952380952381,0.0,0.0,42,0
4.123517978280656,121.23526297806606,30.365949078192045,244.02952892536956,0.0,4.6875,0.0,0.0,64,0
4.0301253562996315,126.50256959636685,30.196316037903344,250.89455592335153,0.0,6.382978723404255,0.0,0.0,47,0
4.279107867381363,118.05435379838406,29.478545681071814,235.01139199476694,0.0,5.970149253731343,0.0,0.0,67,0
4.154923478201538,122.23072303782989,30.093871420778854,242.64734481019462,2.857142857142857,12.857142857142856,0.0,0.0,70,0
4.466973942285446,116.92779039367414,27.45799628407797,225.20722437306003,1.8518518518518516,7.4074074074074066,0.0,0.0,108,0
4.1387194418717215,119.58303266437188,32.573174018947924,242.74950336691455,1.8867924528301887,2.8301886792452833,0.0,0.0,106,0
4.02024069991877,117.11041695811419,29.474333972488648,251.0869107986212,0.0,13.725490196078432,0.0,0.0,51,0
4.183589133825037,119.74229107778167,30.334755751527773,242.03243566949766,2.1739130434782608,6.521739130434782,0.0,0.0,46,0
4.089301665076394,123.33616147196781,27.991609820864163,246.2131322768011,1.4084507042253522,5.633802816901409,0.0,0.0,71,0
4.009905091970668,129.94115263088736,30.19008365344264,254.35834791395973,4.761904761904762,4.761904761904762,0.0,0.0,21,0
4.1239423624392915,123.1915659920582,29.360970249719507,244.8194415412648,0.0,3.508771929824561,0.0,0.0,57,0
4.156139239618654,118.57416488803564,31.40089145600481,244.1246853227463,0.0,0.0,0.0,0.0,37,0
4.16176347282345,119.29461266274987,33.79980173190143,241.8272707051773,4.123711340206185,3.0927835051546393,0.0,0.0,97,0
4.133267352584086,120.87602940907402,31.882384527734725,243.0810337228109,0.0,11.11111111111111,0.0,0.0,81,0
4.3642607706909295,117.92255852845328,32.21767735782552,231.1783107306517,2.127659574468085,8.51063829787234,0.0,0.0,47,0
4.197194064350448,116.81659777804319,30.55799568611151,239.28380423267367,0.0,8.823529411764707,0.0,0.0,102,0
4.070438924398845,114.46850030494247,30.251632873101308,247.63920343561955,1.1627906976744187,10.465116279069768,0.0,0.0,86,0
4.087110282895155,123.51467343225177,28.10202053478266,245.58423443386573,5.454545454545454,7.2727272727272725,0.0,0.0,110,0
4.358686039076146,115.68659256951752,32.062518946523035,234.94872505027305,0.0,3.3333333333333335,0.0,0.0,30,0
4.098420376328075,121.33618366155413,30.12630069098802,245.8846235223477,0.0,5.555555555555555,0.0,0.0,72,0
3.939975156427629,124.12213467035457,24.926800657827663,259.2723628033928,0.0,6.666666666666667,0.0,0.0,30,0
4.149328643059864,117.3205436284257,34.4173813500176,242.62545921298374,3.6363636363636362,7.2727272727272725,0.0,0.0,55,0
4.328289485316603,119.98455413935176,28.387252855478202,231.78892518769467,1.0638297872340425,3.1914893617021276,0.0,0.0,94,0
4.176094872503562,118.83223931346281,30.526941481579573,240.23484405172238,1.6666666666666667,3.3333333333333335,0.0,0.0,120,0
4.28386159625758,117.69923125378692,32.605166446375385,234.94774738603414,2.564102564102564,7.6923076923076925,0.0,0.0,78,0
4.075593856821142,128.51225602958215,29.696911457017876,246.49833152631948,0.9090909090909091,8.181818181818182,0.0,0.0,110,0
4.607280501623103,112.90886554406687,31.224773160504764,219.1341901773544,0.0,14.634146341463413,0.0,0.0,41,0
4.454239515176607,113.78900092071692,29.929192924739876,226.49168760360172,2.380952380952381,9.523809523809524,0.0,0.0,42,0
4.402680362456115,116.19472473725045,29.639126303438637,228.9187106937968,4.166666666666666,1.3888888888888888,0.0,0.0,72,0
4.290312448446768,120.14130722448466,34.48192084788284,236.41931117283892,0.0,2.941176470588235,0.0,0.0,34,0
4.41761906156766,111.96002118307376,30.999814287507714,229.84266009242222,2.1739130434782608,8.695652173913043,0.0,0.0,46,0
4.106509660676463,123.42800215171171,24.713104927647546,245.2205001403675,0.0,5.769230769230769,0.0,0.0,52,0
4.182062273513957,118.88371181512977,29.68122402570929,240.33102295310763,1.2345679012345678,4.938271604938271,0.0,0.0,81,0
4.219067232895893,125.54894590071665,32.03651856870941,237.7960567604663,3.389830508474576,5.932203389830509,0.0,0.0,118,0
4.0114149286714795,122.23076598187711,29.186455306189746,250.3019584216807,0.0,8.47457627118644,0.0,0.0,118,0
4.173816227896835,122.07966438507651,28.522127713747604,240.78600018335464,2.803738317757009,10.2803738317757,0.0,0.0,107,0
4.093673338109803,121.51961661851534,31.322214981400606,246.6512604588384,0.0,7.142857142857142,0.0,0.0,56,0
4.069321121281065,120.77651552224131,27.92833751831545,247.818472224042,0.0,7.142857142857142,0.0,0.0,84,0
4.144807886631698,118.38417463532932,32.240904221469734,242.45585024769747,4.385964912280701,8.771929824561402,0.0,0.0,114,0
4.032333074775839,123.2215952308384,29.38535638251625,249.32876073713052,1.2048192771084338,3.614457831325301,0.0,0.0,83,0
4.2547669755403525,124.18327761744361,31.083648001724253,236.71915181573138,0.0,7.142857142857142,0.0,0.0,42,0
4.215202932171532,119.62290976855047,23.135979766214835,239.70380847880244,0.0,5.88235294117647,0.0,0.0,34,0
4.221918808763019,124.14414168343706,26.625365701433736,238.5491652691063,3.6585365853658534,7.317073170731707,0.0,0.0,82,0
4.315242622129992,119.2174264206822,30.674860862165772,232.31357031953928,3.076923076923077,1.5384615384615385,0.0,0.0,65,0
4.237670328939718,109.6746500705681,34.52628002203085,240.2693046005459,3.225806451612903,6.451612903225806,0.0,0.0,31,0
4.228498196647048,115.33004199186331,30.474746715097726,238.23445061099412,1.36986301369863,8.21917808219178,0.0,0.0,73,0
4.086989358155502,118.93070707505653,24.620296636154947,246.25439653737908,8.333333333333332,10.416666666666668,0.0,0.0,48,0
4.103987409234536,119.50220666151083,26.240550066733437,244.84493824465085,2.380952380952381,5.952380952380952,0.0,0.0,84,0
4.1298087220363096,118.40372968500782,28.17355524820635,243.40536420659987,0.0,5.0,0.0,0.0,60,0
4.566200754321212,112.28802441656408,28.922168328626796,221.7558561628862,0.0,10.256410256410255,0.0,0.0,39,0
4.189937286596646,121.1405336808035,27.301878009988663,239.74251911717758,2.7027027027027026,8.108108108108109,0.0,0.0,111,0
4.372014338836886,118.96734761868977,25.25688654375655,230.65239358049877,0.0,6.521739130434782,0.0,0.0,46,0
4.307793955467135,120.61225129174333,26.04362842529004,236.45811720976462,0.0,4.761904761904762,0.0,0.0,42,0
4.155989344087887,118.54297033783752,28.651250168872455,243.23629703657616,2.272727272727273,4.545454545454546,0.0,0.0,44,0
3.964429968982216,123.04943394385158,38.42717424453459,257.4613793585517,2.7777777777777777,8.333333333333332,0.0,0.0,36,0
4.186029022045566,120.95352062035415,30.36992654819667,239.9239047676697,0.847457627118644,6.779661016949152,0.0,0.0,118,0
4.148559988013864,119.65217614727908,30.775587401746975,242.62608258799685,2.5,6.25,0.0,0.0,80,0
4.204116158979303,123.36026936714407,29.129030414393394,238.7888225993896,4.3478260869565215,6.086956521739131,0.0,0.0,115,0
4.356669856802131,119.95755423423441,29.69722057981313,230.75245755653935,1.5151515151515151,6.0606060606060606,0.0,0.0,66,0
4.314398483224311,119.94195514240157,33.12593657143169,233.52443217786532,0.0,0.0,0.0,0.0,38,0
4.255565616589989,120.59321994592295,32.34872363930736,235.64037548422445,6.122448979591836,9.183673469387756,0.0,0.0,98,0
4.187595669485027,129.81426035443647,28.46709538755546,243.92704514163316,3.3333333333333335,3.3333333333333335,0.0,0.0,30,0
4.104170791035058,116.52942932035914,32.918248517835565,245.85040393398344,0.0,5.797101449275362,0.0,0.0,69,0
4.1555532900475525,119.58385742615836,29.593575641591407,241.8791897995341,1.0101010101010102,6.0606060606060606,0.0,0.0,99,0
4.220786254440947,120.49336940774256,29.579935255684042,237.9166043967443,2.586206896551724,6.0344827586206895,0.0,0.0,116,0
4.255876306285441,116.86039814727454,29.476993758319335,236.3000057534151,0.8928571428571428,8.035714285714286,0.0,0.0,112,0
3.876897307351794,119.670961978164,35.038248226876476,262.4331417668801,0.0,10.0,0.0,0.0,40,0
4.1282891023345565,116.77855915603337,29.737553039426935,245.34010136370827,4.444444444444445,6.666666666666667,0.0,0.0,45,0
4.076955147968805,123.02035284245828,27.271380800523655,246.78928546407593,2.3529411764705883,12.941176470588237,0.0,0.0,85,0
4.200534062897013,120.7451389122474,31.228197557379403,238.96506923731224,4.23728813559322,5.084745762711865,0.0,0.0,118,0
4.267232672565672,118.79709099752294,28.640671191823127,235.62331103685904,2.564102564102564,6.41025641025641,0.0,0.0,78,0
4.189709878906428,121.7349363827358,29.38620218784459,239.17564360086078,0.9259259259259258,4.62962962962963,0.0,0.0,108,0
4.1920510872644225,121.43774376598817,28.643650818823243,240.85498235701579,3.4482758620689653,6.896551724137931,0.0,0.0,58,0
4.347745348586962,125.65469535137233,37.335581633843866,230.60082222826193,6.451612903225806,3.225806451612903,0.0,0.0,31,0
4.22805608071154,116.76296325377852,33.22920410630583,237.54112837447718,1.7241379310344827,5.172413793103448,0.0,0.0,116,0
4.175814935209697,121.89684574468907,28.59217669662586,240.69434462007777,3.4090909090909087,9.090909090909092,0.0,0.0,88,0
4.145152490139203,120.69910449663223,31.970113218314285,242.1317841185321,2.631578947368421,7.894736842105263,0.0,0.0,114,0
4.16510316985977,119.26879647811985,30.293122652576404,241.46262140115164,3.1578947368421053,3.1578947368421053,0.0,0.0,95,0
4.259928284994421,115.64467320608345,29.225701972910645,236.1229455265418,1.2048192771084338,2.4096385542168677,0.0,0.0,83,0
3.963266116887674,126.1186584785394,32.756756082646866,253.53061833591727,1.1111111111111112,8.88888888888889,0.0,0.0,90,0
4.163621253044251,121.05402073673594,34.707624331838716,243.5867509961274,0.0,1.8181818181818181,0.0,0.0,55,0
4.150600848784927,120.85326338309626,27.987146143958903,242.17825319470998,1.282051282051282,7.6923076923076925,0.0,0.0,78,0
4.56109408938039,120.27276598868457,33.31312127184983,222.7803036114831,0.0,0.0,0.0,0.0,42,0
4.151532660423564,122.91489353786629,31.22781250023065,242.2157358162899,5.970149253731343,5.970149253731343,0.0,0.0,67,0
4.139204135534621,113.571729289383,30.455024287644505,244.81008350570065,2.127659574468085,4.25531914893617,0.0,0.0,47,0
4.137218467720743,129.69057019432765,28.762191550295082,244.59178022347947,3.571428571428571,3.571428571428571,0.0,0.0,28,0
4.136438471968991,122.38882341976519,30.992298844550184,242.87521229830307,1.2987012987012987,3.896103896103896,0.0,0.0,77,0
4.156626154289398,116.2113216801958,30.55103253914383,241.6682441038266,7.6923076923076925,5.128205128205128,0.0,0.0,117,0
3.9798541621198567,126.03060081965245,30.49055808194894,258.58533831329265,0.0,0.0,0.0,0.0,22,0
4.134809863188087,124.17009111437602,30.361955482037438,243.03494222821735,4.615384615384616,7.6923076923076925,0.0,0.0,65,0
4.306351600504279,115.10282376092644,29.960895251679524,233.71477317847257,2.857142857142857,2.857142857142857,0.0,0.0,105,0
4.535081849371986,114.01802051909603,31.374867885475663,227.2191520928155,0.0,9.523809523809524,0.0,0.0,21,0
4.196331599488262,115.25020061623968,24.964942521555997,239.35406000970644,0.9174311926605505,2.7522935779816518,0.0,0.0,109,0
4.042525580652945,123.32052717793694,28.42064913475113,248.62695347271926,0.0,4.25531914893617,0.0,0.0,94,0
4.076482742316404,122.4312570994924,28.459510778346786,246.4069224718098,1.0,8.0,0.0,0.0,100,0
4.389543422493234,116.25951043257164,25.533881670211567,230.68391832288964,0.0,11.428571428571429,0.0,0.0,35,0
4.060236929508519,117.65773998137843,28.589663051096633,248.02196955439481,1.0309278350515463,5.154639175257731,0.0,0.0,97,0
3.8815477411766555,124.48036104370333,28.966802779395497,258.85810376092564,3.0,4.0,0.0,0.0,100,0
4.032615942909179,124.42749229314533,30.060147581494448,251.5723580918901,2.7027027027027026,10.81081081081081,0.0,0.0,37,0
4.178075959572759,116.02543823178426,28.073634961473935,241.8590976370977,1.5384615384615385,10.76923076923077,0.0,0.0,65,0
4.537341225102719,119.60960674826526,30.49286679533064,224.63306927523772,0.0,5.0,0.0,0.0,20,0
3.8927237202567366,128.8075475865219,32.040028406138255,263.15866423441446,0.0,19.047619047619047,0.0,0.0,21,0
4.102332100982959,115.01387760148721,30.328106984467805,245.3396425803831,1.9417475728155338,2.912621359223301,0.0,0.0,103,0
4.216638712446256,120.12344617146395,31.631921426573943,238.49973030809969,1.5151515151515151,7.575757575757576,0.0,0.0,66,0
4.087537644044341,122.49519984218303,28.10573535381979,246.63608042044063,1.694915254237288,5.084745762711865,0.0,0.0,59,0
4.363029995673524,117.86210929849803,26.19169881683807,232.46826346349488,2.3255813953488373,11.627906976744185,0.0,0.0,43,0
4.247758148246379,120.1867084261438,33.27566356584877,237.59060110908354,0.0,8.16326530612245,0.0,0.0,49,0
4.074657710948208,122.47579961976002,26.878895385432234,247.2794990487784,6.0606060606060606,3.0303030303030303,0.0,0.0,66,0
4.144471711953993,120.74507822834703,28.392930846256043,244.99545447103492,1.8518518518518516,3.7037037037037033,0.0,0.0,54,0
4.033162894540098,122.268546715007,32.15598553240073,249.27908089345615,2.6785714285714284,8.928571428571429,0.0,0.0,112,0
4.143944629554945,125.30099087577553,29.942617229124302,246.71175562169879,0.0,3.125,0.0,0.0,32,0
4.308872943527666,114.4633268761625,23.20198879160421,237.2578769633724,0.0,6.0606060606060606,0.0,0.0,33,0
4.139880560613107,120.8444237884994,28.94038566304885,244.0463884147504,0.0,10.714285714285714,0.0,0.0,56,0
4.454496661806194,110.59176024373879,27.1876286059442,227.24146250819044,0.0,4.25531914893617,0.0,0.0,47,0
4.2580782275838995,122.63459948530243,28.33479243523442,240.201136141433,4.761904761904762,0.0,0.0,0.0,21,0
4.02974808555424,125.14773405221152,30.238563662384987,249.9734733884882,4.918032786885246,4.918032786885246,0.0,0.0,61,0
4.1185440341357005,123.17982930961068,32.338823443796855,244.12170198331384,1.3157894736842104,11.842105263157894,0.0,0.0,76,0
4.067288649689396,122.98850631575462,29.236536825154815,247.08550412903514,0.8620689655172413,6.896551724137931,0.0,0.0,116,0
4.275993682374353,122.10488896790886,30.20842640853897,234.8763870251066,2.727272727272727,6.363636363636363,0.0,0.0,110,0
4.306069397032872,119.957719009013,36.58887670239638,237.8009967810194,3.225806451612903,9.67741935483871,0.0,0.0,31,0
4.12094452188692,120.64380138467419,26.90415250586537,247.02453468911492,2.941176470588235,2.941176470588235,0.0,0.0,34,0
4.251893051582168,116.76832115372096,26.784810373705266,236.7261446772435,0.0,4.411764705882353,0.0,0.0,68,0
4.248059720429797,113.71057436601379,29.942441522753196,236.71334532480068,0.9523809523809524,4.761904761904762,0.0,0.0,105,0
4.101743770171462,128.0054631031293,29.806979378491683,248.02848235763065,2.5,7.5,0.0,0.0,40,0
4.04359140038596,122.3121475304856,27.8267118581362,248.99983180465347,3.6585365853658534,2.4390243902439024,0.0,0.0,82,0
4.289200449772043,112.8111668730992,34.937638271757905,238.0363122674632,2.941176470588235,8.823529411764707,0.0,0.0,34,0
4.040256080587798,123.5202711362136,34.21780691291021,248.76981320478998,3.3707865168539324,3.3707865168539324,0.0,0.0,89,0
4.204647336883193,116.34733776268561,30.61644143361885,239.5847256245233,0.0,1.8518518518518516,0.0,0.0,54,0
4.104405317064303,118.41411245129648,31.13220706995941,244.60301023126942,0.8771929824561403,7.017543859649122,0.0,0.0,114,0
4.251303902976065,120.57537482214197,29.093236863909873,235.9814655210644,1.680672268907563,5.88235294117647,0.0,0.0,119,0
4.167366964898707,122.64978061297388,33.367646257327266,245.87863712258684,0.0,7.142857142857142,0.0,0.0,28,0
4.102901815835232,128.05457780334976,27.965769704606554,246.22712497578925,6.666666666666667,0.0,0.0,0.0,45,0
3.9788045857266274,125.03975035786851,27.843070479380224,252.06867612258978,4.385964912280701,7.894736842105263,0.0,0.0,114,0
4.036198634007186,123.67076458626805,28.746149485787612,249.28234527210822,1.9607843137254901,4.901960784313726,0.0,0.0,102,0
4.073571378558593,118.23168580505009,30.186026144156344,246.92112296379318,1.7241379310344827,3.4482758620689653,0.0,0.0,116,0
3.945587064072152,124.83613329386917,26.323412636060485,255.13619123005094,0.0,2.8169014084507045,0.0,0.0,71,0
3.991947090583953,121.73000081719405,31.185712353441552,251.59005241905297,3.5294117647058822,4.705882352941177,0.0,0.0,85,0
4.089169983509321,124.17620251779977,27.523096217337564,245.57591631092893,0.0,4.545454545454546,0.0,0.0,110,0
4.354677423372609,112.28164052551236,27.069870510262533,230.45593203892435,1.1111111111111112,4.444444444444445,0.0,0.0,90,0
4.1800283700647745,117.638796971384,33.57820753808081,242.27471038687463,4.166666666666666,6.25,0.0,0.0,48,0
4.165429120873113,119.16286368522702,27.49588543957184,240.93233281846582,0.8695652173913043,7.82608695652174,0.0,0.0,115,0
4.242289529916891,119.51825103591199,30.00946766207799,236.97257461397345,0.9090909090909091,8.181818181818182,0.0,0.0,110,0
4.164417326552502,119.67553989279044,29.42618832072936,240.85445185291184,1.7391304347826086,5.217391304347826,0.0,0.0,115,0
4.045622864646232,126.8862461863664,26.84061175796861,248.79909035317368,6.329113924050633,11.39240506329114,0.0,0.0,79,0
4.070673501799768,125.15630178871162,33.8620484288536,247.15429647651598,2.3529411764705883,2.3529411764705883,0.0,0.0,85,0
3.980432813488292,119.47654774000969,27.05923622536402,252.6524063032319,2.5974025974025974,2.5974025974025974,0.0,0.0,77,0
4.302879975184885,117.38256442257271,30.689012020668667,237.25954374880672,0.0,10.526315789473683,0.0,0.0,38,0
4.481489625672582,110.67208616406649,31.391124206730062,225.5940894744162,2.380952380952381,7.142857142857142,0.0,0.0,42,0
4.557170599313473,111.42397635083027,29.154834658997984,221.58382494690431,5.47945205479452,5.47945205479452,0.0,0.0,73,0
4.095609847454591,119.3326802901448,30.254618948263374,245.62206978659728,1.9047619047619049,8.571428571428571,0.0,0.0,105,0
4.283583263330963,119.65191507986059,30.51191263895803,235.27984570200346,2.666666666666667,8.0,0.0,0.0,75,0
4.038833009188714,125.2166331149638,31.916467900649963,248.61375870004235,2.4390243902439024,2.4390243902439024,0.0,0.0,82,0
4.063259047690134,121.31613523077353,27.69105245308329,247.44369940340505,0.0,9.722222222222223,0.0,0.0,72,0
4.145397488279341,115.4826866813168,31.284565227011612,242.18710999717106,0.0,7.6923076923076925,0.0,0.0,91,0
4.241505069534149,120.42216735002488,30.490531329443964,239.16694443382505,0.0,8.47457627118644,0.0,0.0,59,0
4.168921583251506,121.46508049634555,29.341580358828434,241.5567209031335,0.0,12.5,0.0,0.0,64,0
4.248079438434369,121.69418605231662,29.62304612740625,236.44659499297177,2.127659574468085,5.319148936170213,0.0,0.0,94,0
4.042921038238833,124.11319681947462,32.70419110123958,248.74379927513445,3.3333333333333335,4.166666666666666,0.0,0.0,120,0
4.174969441445448,123.9312371147158,28.282436567302646,240.30065586324412,1.694915254237288,9.322033898305085,0.0,0.0,118,0
4.123904369519231,118.82281670399375,27.368981670414275,244.47960996622336,2.3529411764705883,5.88235294117647,0.0,0.0,85,0
4.049068344245767,120.90195484118719,31.04761870080648,247.75136103105916,3.361344537815126,5.88235294117647,0.0,0.0,119,0
4.062495773118176,124.47651590134407,33.5679639042397,248.28196858078658,2.73972602739726,4.10958904109589,0.0,0.0,73,0
4.519862863525011,106.60042709540724,26.291884212009915,225.08362075610586,3.0303030303030303,3.0303030303030303,0.0,0.0,33,0
4.1127263933947935,116.99700774167054,29.89572563618197,245.5326383573464,6.0606060606060606,4.545454545454546,0.0,0.0,66,0
4.1322711992925,118.24602257110963,28.826972466021225,243.33688246397574,0.0,9.89010989010989,0.0,0.0,91,0
4.133909954468792,120.47571275905523,30.474122118351055,245.25184970060192,0.0,5.88235294117647,0.0,0.0,34,0
3.994335040751686,117.51681227445302,31.248664833506144,252.34053300443884,1.7857142857142856,0.0,0.0,0.0,56,0
4.069115248470074,121.69248686287446,33.508728379361685,248.12697729300334,3.4090909090909087,5.681818181818182,0.0,0.0,88,0
4.219997254968304,127.1076328475934,28.866005211665225,240.59265562235203,0.0,0.0,0.0,0.0,35,0
4.090102812206803,125.47757334675286,30.73640972806711,245.40166015539157,3.5398230088495577,5.3097345132743365,0.0,0.0,113,0
4.078196295116824,125.90995705892368,29.82134200530167,246.20267302490458,1.0,4.0,0.0,0.0,100,0
4.001119372147948,124.19474225216001,33.97972539654572,252.17713545532703,0.0,7.246376811594203,0.0,0.0,69,0
4.187284590764801,119.86757659980033,28.913871754540164,239.80170656985538,1.1494252873563218,4.597701149425287,0.0,0.0,87,0
4.307476778074302,116.83296993504528,30.167268798339595,233.3880648218896,2.857142857142857,5.714285714285714,0.0,0.0,105,0
4.290666891509342,118.75055430728341,31.661969754141246,234.68617576061504,3.3333333333333335,3.3333333333333335,0.0,0.0,90,0
4.185234714344917,120.91941272187621,26.159552860138906,244.13584326133355,3.0303030303030303,12.121212121212121,0.0,0.0,33,0
4.037156549723336,125.67487049505804,29.36276465325141,250.63355519930005,2.7027027027027026,5.405405405405405,0.0,0.0,37,0
4.242354738556905,122.67965581487395,31.3775489646354,236.0480730866401,1.8518518518518516,2.7777777777777777,0.0,0.0,108,0
4.090141303913099,117.8509398273834,33.41749410831286,245.40846454413833,2.6548672566371683,8.849557522123893,0.0,0.0,113,0
3.832022805919925,129.34836905975257,28.504061519340695,262.72937810168963,2.7777777777777777,2.7777777777777777,0.0,0.0,72,0
3.96056689371748,122.33922289352854,31.876326845621783,255.1920505460532,2.5,10.0,0.0,0.0,40,0
4.039328064250732,129.14099375953273,32.37391838486483,251.26809741634284,9.375,0.0,0.0,0.0,32,0
4.268056872850312,115.86694814603466,29.250237427252127,237.05144173216988,2.3255813953488373,4.651162790697675,0.0,0.0,43,0
4.232534608788565,125.04331458717394,30.838594398012294,237.72595575620733,2.247191011235955,5.617977528089887,0.0,0.0,89,0
4.285511556478768,120.7197097381704,29.26648709976381,239.5516208427128,0.0,0.0,0.0,0.0,20,0
4.1477884174727215,119.69429239871486,26.26020787984081,242.59798344108597,1.0204081632653061,2.0408163265306123,0.0,0.0,98,0
4.221016431340196,119.53717243981797,27.729871834727458,237.64622012959387,0.0,6.956521739130435,0.0,0.0,115,0
4.102553435466433,119.88878761676972,30.80457549069914,244.5242287770342,0.0,4.597701149425287,0.0,0.0,87,0
4.007730143041809,117.26405225846813,28.68356896451921,251.54513655069948,0.0,4.6875,0.0,0.0,64,0
4.272023350165694,114.6941361937447,28.583857287837603,235.50056628092435,4.301075268817205,12.903225806451612,0.0,0.0,93,0
4.033109777132476,122.76660083909466,31.800301235334107,248.81107250405398,0.9433962264150944,6.60377358490566,0.0,0.0,106,0
4.146221013054748,124.84522570176313,26.039559623484763,243.3374676329184,0.0,6.382978723404255,0.0,0.0,47,0
4.276292733901857,118.41241658380652,32.52459126512521,234.63568276662483,1.680672268907563,5.88235294117647,0.0,0.0,119,0
4.0576592421684525,122.8211115383527,27.949601185608422,247.36323486026822,2.7777777777777777,4.62962962962963,0.0,0.0,108,0
4.12832336436031,119.05937629371621,29.18999923184408,243.13166394894654,2.6785714285714284,6.25,0.0,0.0,112,0
4.314708237818179,122.16929056871167,29.32285563949366,233.32759841316303,2.3255813953488373,2.3255813953488373,0.0,0.0,43,0
4.194654965383078,121.31188304477267,33.966475525092484,240.19901185759716,0.0,3.389830508474576,0.0,0.0,59,0
4.1712065173844755,119.10823444534908,29.385193109555765,241.1274461987286,1.3333333333333335,9.333333333333334,0.0,0.0,75,0
4.087817281687652,120.54426149564613,26.45391404463988,245.81659933687544,3.125,6.25,0.0,0.0,96,0
4.064344542005465,122.93657230784132,31.412381448535577,247.53672915711996,0.9090909090909091,5.454545454545454,0.0,0.0,110,0
4.419874183898637,114.31677801215754,30.069499694938685,227.36898697942016,2.803738317757009,3.7383177570093453,0.0,0.0,107,0
4.687285739750375,118.9070793003921,26.942023142638117,217.11246237160904,5.0,10.0,0.0,0.0,20,0
5.0249199725970595,104.67254794656913,22.550670894123495,204.79181321841037,0.0,14.285714285714285,0.0,0.0,21,0
4.207303200013901,117.20232342465017,29.068196469199965,239.7189657378131,3.75,6.25,0.0,0.0,80,0
4.1509758073135785,123.7937328650156,30.1844393584718,242.39525667784454,0.0,10.144927536231885,0.0,0.0,69,0
4.044063446533896,126.80693538992153,29.944543872664827,249.01216400778503,0.0,10.204081632653061,0.0,0.0,49,0
4.252739271829128,122.7815510291292,29.991723940165084,237.7522650526988,1.5625,9.375,0.0,0.0,64,0
4.401120140503662,113.98040491783931,31.999192938724033,228.1975255919012,0.0,2.6548672566371683,0.0,0.0,113,0
4.146584976184731,116.79551451475862,29.473345276986045,242.10606124698194,2.083333333333333,3.125,0.0,0.0,96,0
4.284869154351792,112.9655908022168,29.610025699406542,235.11850370536655,1.3888888888888888,5.555555555555555,0.0,0.0,72,0
4.0122964034485005,125.85268679212332,24.322548981089074,250.85995554357504,0.0,0.0,0.0,0.0,65,0
4.120884272503596,117.2588868787921,25.29914298842659,243.72055239890162,2.564102564102564,10.256410256410255,0.0,0.0,117,0
4.004232221675645,126.81147537971096,27.16294649849423,252.18992563122822,1.4705882352941175,5.88235294117647,0.0,0.0,68,0
4.17149391993737,117.72783243474524,31.386116036652652,242.78869977855513,5.263157894736842,10.526315789473683,0.0,0.0,57,0
4.312308908043381,112.07368381485871,30.22089042052734,233.71738991371282,5.454545454545454,5.454545454545454,0.0,0.0,55,0
4.1411464092151045,118.69877204850157,32.36218321389323,243.73515073683433,1.1764705882352942,7.0588235294117645,0.0,0.0,85,0
4.549674648371949,115.44753046688409,27.732847683340367,221.11384066433482,1.2195121951219512,6.097560975609756,0.0,0.0,82,0
4.17143009790787,118.64049976818042,23.681379138454492,240.96103172483623,4.0,6.0,0.0,0.0,100,0
4.043846730592952,121.90272901127094,32.353220939508454,249.50347228294808,0.0,6.521739130434782,0.0,0.0,46,0
4.131186403675943,118.31424953216295,26.044231529265012,243.06101970095096,1.9230769230769231,6.730769230769231,0.0,0.0,104,0
4.282518368418918,112.44868528323225,29.288851190608593,234.3614977815803,5.88235294117647,2.941176470588235,0.0,0.0,102,0
4.165893631152809,123.31836493958357,28.502966591130694,240.9430299354557,1.0309278350515463,5.154639175257731,0.0,0.0,97,0
4.7097158809907596,109.94633930114611,23.484545999404776,216.8642471738014,0.0,0.0,0.0,0.0,26,0
4.360801759374269,119.17751699389879,26.657009366578066,231.01727296247657,1.3888888888888888,5.555555555555555,0.0,0.0,72,0
4.3150193609671845,121.61851383597117,31.15600158984989,234.41546772759423,0.0,3.8461538461538463,0.0,0.0,52,0
4.011438275037268,125.766224445015,33.28231932159432,250.38347902998674,0.8771929824561403,3.508771929824561,0.0,0.0,114,0
4.160437718491874,120.59098743173935,25.488193123277515,242.24027904499908,1.3157894736842104,3.9473684210526314,0.0,0.0,76,0
4.177548179098562,118.08771384871622,30.955704065718034,240.40034967500821,3.7037037037037033,6.481481481481481,0.0,0.0,108,0
4.286076110299669,116.95245017926352,27.589713412016835,234.3278495272431,2.197802197802198,4.395604395604396,0.0,0.0,91,0
4.057328527790231,129.70265444539282,27.486281945177115,249.69702194419847,0.0,11.363636363636363,0.0,0.0,44,0
4.179454679183699,121.18054081333501,33.55467108154359,241.15392392066585,1.6666666666666667,6.666666666666667,0.0,0.0,60,0
4.469232192930684,115.98116173528177,39.04908957956937,226.54411131240155,3.4482758620689653,10.344827586206897,0.0,0.0,29,0
4.2578931260384545,119.0411569153351,29.39679336222041,237.39593582643616,1.8181818181818181,7.2727272727272725,0.0,0.0,55,0
4.059775492832427,121.95935727505498,31.19834580862281,247.27022080354092,0.0,5.319148936170213,0.0,0.0,94,0
4.216104685180663,119.995624367918,29.657591453128724,238.13973138107434,3.6363636363636362,3.6363636363636362,0.0,0.0,110,0
4.203655522516309,121.09126850976725,26.19334771696054,239.18124741294534,4.0,8.0,0.0,0.0,75,0
4.248013900354911,120.00890163038295,29.464379262416287,235.93591517809696,0.0,1.9417475728155338,0.0,0.0,103,0
4.204829580083233,114.01135935543381,28.870606855721963,239.0638867391523,4.25531914893617,6.382978723404255,0.0,0.0,94,0
4.121096027450384,118.61679166892073,29.552964288774966,244.29654134148993,1.3157894736842104,9.210526315789473,0.0,0.0,76,0
4.2313514853075445,119.18534186941851,32.255141893447345,237.54977682650264,0.9708737864077669,5.825242718446602,0.0,0.0,103,0
3.9855303919245553,121.56355116514487,30.10156145843298,252.2494937864045,0.9523809523809524,7.6190476190476195,0.0,0.0,105,0
4.219796717853487,124.88026838853492,33.47312856299029,241.07674973844624,0.0,4.3478260869565215,0.0,0.0,46,0
4.142250106609364,119.21235684696128,31.474112178917782,243.38653809924264,3.571428571428571,8.928571428571429,0.0,0.0,56,0
4.320199000632814,120.5574933855057,32.46985741039516,235.59927607441116,7.5,5.0,0.0,0.0,40,0
4.073394746779756,120.04637927398886,32.003098931851554,247.43198841130166,1.9230769230769231,9.615384615384617,0.0,0.0,52,0
4.023335085535238,123.27417273124173,26.31222020056156,250.04777211358405,2.247191011235955,6.741573033707865,0.0,0.0,89,0
4.195924016133144,116.62888553625551,30.84957515536517,241.83745205654554,4.166666666666666,4.166666666666666,0.0,0.0,24,0
4.189630127722346,124.04385737345837,28.81700475657985,239.87122672537154,2.272727272727273,3.4090909090909087,0.0,0.0,88,0
4.315397980973576,115.80860791674934,25.72148071329921,232.94092755050866,3.1578947368421053,8.421052631578947,0.0,0.0,95,0
4.190217311853781,117.36743668965276,31.898508197972003,241.34044419677733,1.4705882352941175,4.411764705882353,0.0,0.0,68,0
3.974841251584771,117.29476257915825,29.250416207131583,254.40707814909825,0.0,4.545454545454546,0.0,0.0,66,0
4.0590934095122595,119.27951199570452,30.825321592148406,247.82607052778772,4.166666666666666,5.208333333333334,0.0,0.0,96,0
4.344046245969988,118.18008335528687,34.13731569517509,230.96117601641905,1.1764705882352942,9.411764705882353,0.0,0.0,85,0
4.432537047984955,120.36260727004779,31.619494005162785,227.16063369284817,5.263157894736842,5.263157894736842,0.0,0.0,76,0
4.22944563474057,122.21846745520642,28.400948625072143,238.48701748959016,2.3255813953488373,6.976744186046512,0.0,0.0,43,0
4.1338969790990205,118.8466810892252,29.55424619122294,243.4945758692779,2.5210084033613445,6.722689075630252,0.0,0.0,119,0
4.19240651329921,122.83143746312582,28.31134239562791,239.65771910504043,2.631578947368421,7.017543859649122,0.0,0.0,114,0
4.1028139481095645,123.05367611080922,28.094221662356965,244.97099652006435,2.7522935779816518,8.256880733944955,0.0,0.0,109,0
4.0836999505896205,116.06601811384829,28.310741374644415,246.67302777212572,0.9433962264150944,4.716981132075472,0.0,0.0,106,0
3.963622123482729,121.8650169926541,29.80997887831736,254.40981103575737,6.666666666666667,0.0,0.0,0.0,60,0
4.563557917829093,110.52644255029445,27.651790801032632,222.71552382027718,5.263157894736842,5.263157894736842,0.0,0.0,38,0
4.09932701942225,116.89793631994459,25.56181205029373,245.54739652405348,1.3888888888888888,5.555555555555555,0.0,0.0,72,0
4.049198444524009,129.57390659336207,31.60610994521326,251.65709000897547,0.0,0.0,0.0,0.0,27,0
4.175077152238361,123.49894417446352,29.6839108224426,240.5353676244019,1.7241379310344827,3.4482758620689653,0.0,0.0,116,0
4.171058140730164,116.54340235505171,32.840593935253175,241.34798674964958,1.7857142857142856,5.357142857142857,0.0,0.0,112,0
4.077398018231387,122.86266334286614,29.18733593166532,246.57514297401795,3.125,8.333333333333332,0.0,0.0,96,0
4.311726518296532,121.49424325453961,33.54505418386216,235.81256418162914,9.375,3.125,0.0,0.0,32,0
4.0846937118105755,121.65991907681764,29.56272839294184,246.23059000553414,2.247191011235955,6.741573033707865,0.0,0.0,89,0
4.10447323634786,120.61822220831394,30.691191859105125,245.38408655961538,4.301075268817205,6.451612903225806,0.0,0.0,93,0
4.179437382924085,118.38679215877207,29.42918819124762,240.3189008479216,1.7094017094017095,5.982905982905983,0.0,0.0,117,0
3.9722270005040645,123.18817906570843,27.505362545559468,253.12299784581555,5.813953488372093,8.13953488372093,0.0,0.0,86,0
4.239414566699154,115.13657777325662,27.960258220938677,237.82995306190074,1.8518518518518516,5.555555555555555,0.0,0.0,54,0
4.138085803306613,121.10162556583971,26.607005207080274,243.05142179048497,0.0,3.75,0.0,0.0,80,0
4.159096305484615,116.7957370810452,27.856652208401627,243.35794963706928,0.0,1.9230769230769231,0.0,0.0,52,0
4.1803132099599365,121.49116239667069,32.149344978635845,241.80493712668505,2.127659574468085,2.127659574468085,0.0,0.0,47,0
4.165652522491449,117.73482249610052,30.95812806656893,241.33086544900218,2.4390243902439024,6.097560975609756,0.0,0.0,82,0
4.155072569858218,120.36290960206492,30.39447721610662,241.68854683860937,1.7094017094017095,5.982905982905983,0.0,0.0,117,0
4.0374265173514114,128.98637447026422,35.32478121917846,249.55783805486644,4.3478260869565215,8.695652173913043,0.0,0.0,23,0
4.035544165242041,123.22638865274266,31.742707659060198,249.8359150552535,2.4390243902439024,4.878048780487805,0.0,0.0,41,0
4.108179901156418,115.76886677762718,24.479192144851737,246.48947868566256,2.2222222222222223,2.2222222222222223,0.0,0.0,45,0
3.995661119625621,126.86167489137017,32.3259163948799,255.64121023231587,0.0,0.0,0.0,0.0,25,0
4.313445796824587,110.67403914247913,32.34065567344693,234.13933277617903,3.225806451612903,6.451612903225806,0.0,0.0,62,0
4.007061477649889,118.79439457547154,27.206706185679266,255.82383425333725,0.0,9.090909090909092,0.0,0.0,22,0
4.0971308839983305,113.82091313016035,26.728881317900516,248.89903695752616,0.0,3.0303030303030303,0.0,0.0,33,0
4.511168914469892,113.64842498192904,27.51012632777248,223.3281156724514,4.838709677419355,3.225806451612903,0.0,0.0,62,0
4.1084456575451345,130.02224516387628,26.656091324503574,252.09395046918445,0.0,10.0,0.0,0.0,20,0
4.153785411810945,122.05851627199344,26.05188070641381,241.69757480312748,5.714285714285714,3.8095238095238098,0.0,0.0,105,0
4.286957557179048,119.6355957689665,33.06562034290252,234.19589912499197,0.0,3.8461538461538463,0.0,0.0,52,0
4.109778489613384,116.98227029442309,36.308302559349976,246.51711889882918,0.0,5.714285714285714,0.0,0.0,35,0
4.072592685989226,123.22083318991263,32.70102706781654,246.7153662463892,2.7777777777777777,9.25925925925926,0.0,0.0,108,0
3.9751091526421063,123.19868984244378,30.968333442764823,253.17508478362222,3.0,7.000000000000001,0.0,0.0,100,0
4.198843163648672,123.96189350346101,32.486702835481175,240.2788705869113,3.6585365853658534,9.75609756097561,0.0,0.0,82,0
4.2561570294009545,122.94498750267985,25.333985673747137,236.58410915525153,1.3333333333333335,1.3333333333333335,0.0,0.0,75,0
4.231815552505527,118.21639284820871,33.48554439223835,237.80760585877383,0.0,5.454545454545454,0.0,0.0,55,0
4.031902009940424,122.80091627217153,36.035664623252,250.01853586845593,1.639344262295082,3.278688524590164,0.0,0.0,61,0
4.023060112992799,121.77563303510769,30.049672505532182,250.62718326880727,1.2345679012345678,8.641975308641975,0.0,0.0,81,0
4.422307214655767,111.55613663992878,24.616641614658523,231.4815498434944,0.0,7.6923076923076925,0.0,0.0,26,0
4.167056719397304,113.62066425734068,29.72747151582764,242.015610830838,0.0,9.090909090909092,0.0,0.0,55,0
4.149436738571668,124.88563525510722,33.37920150617478,243.2727859006424,1.25,10.0,0.0,0.0,80,0
4.1966175667369265,115.1349744029472,25.523956071251433,241.0745977382342,2.0,0.0,0.0,0.0,50,0
4.201263824854587,114.0033753782737,37.77395909236852,240.36841841745294,3.571428571428571,7.142857142857142,0.0,0.0,28,0
4.433499875875386,117.74489767029469,28.726410332075396,226.07160257296005,0.0,3.076923076923077,0.0,0.0,65,0
4.265276745508742,112.34757572796156,22.42001206021222,237.70810450290628,0.0,5.88235294117647,0.0,0.0,34,0
4.044941993243473,119.00630296921352,24.270079204792818,250.0559463353522,4.25531914893617,6.382978723404255,0.0,0.0,47,0
4.079243982124453,124.25197262935308,30.014889229099317,246.5266489238883,1.5151515151515151,12.121212121212121,0.0,0.0,66,0
4.144583955136586,120.09937604084938,29.96413451072319,242.6664827974865,2.586206896551724,6.896551724137931,0.0,0.0,116,0
4.159319917818432,116.81959369619914,32.47128361085373,242.32062378422958,1.5151515151515151,9.090909090909092,0.0,0.0,66,0
4.323261232319322,116.90433862301758,33.78697310967411,233.31534861482135,4.225352112676056,5.633802816901409,0.0,0.0,71,0
4.179406700636157,126.62748628345282,35.48561554383151,247.3862492651043,0.0,13.043478260869565,0.0,0.0,23,0
4.162939997402045,123.48231719599985,30.157503794908344,241.5018383253953,0.8620689655172413,1.7241379310344827,0.0,0.0,116,0
4.098831171225494,123.46874131976234,30.82101998946477,244.839623102138,0.0,8.045977011494253,0.0,0.0,87,0
4.396185824015347,114.59594876639522,26.085326950002795,229.4055570305696,0.0,6.349206349206349,0.0,0.0,63,0
4.183520701081865,122.58991347986736,22.82746370762459,242.46497722474064,0.0,0.0,0.0,0.0,32,0
4.057175043470387,121.72699917787254,28.004492021886424,247.68943930982044,1.9417475728155338,4.854368932038835,0.0,0.0,103,0
4.23136199690992,112.14558250720886,33.0348724668653,238.0754899622578,0.0,3.3707865168539324,0.0,0.0,89,0
4.13173525205679,120.47275006030209,29.390383690416307,243.42732459383328,1.0,6.0,0.0,0.0,100,0
4.093911963773823,122.14278595871089,30.123720553199483,246.8402460766945,2.857142857142857,7.142857142857142,0.0,0.0,70,0
4.343293395677685,119.29484832214669,30.689270122379956,232.69070224085087,1.8867924528301887,5.660377358490567,0.0,0.0,53,0
4.046230071465342,120.979234522478,27.590973704748155,248.60216938908357,3.9603960396039604,4.9504950495049505,0.0,0.0,101,0
4.17964269703423,118.88238391850773,31.514506016514602,240.99179831169843,1.4285714285714286,4.285714285714286,0.0,0.0,70,0
4.099884498398118,118.22184916174724,25.912544739928244,247.01792920412984,2.083333333333333,4.166666666666666,0.0,0.0,48,0
4.131182761669018,122.00851246615471,27.554649622198795,243.18599900957727,2.197802197802198,7.6923076923076925,0.0,0.0,91,0
4.13663564163932,117.99931204255454,31.314161959723787,242.96811491821126,0.8771929824561403,7.894736842105263,0.0,0.0,114,0
4.258932279255124,120.13488838434131,30.387078138476006,235.7044675587423,1.6666666666666667,6.666666666666667,0.0,0.0,120,0
4.384372456660085,119.56074021331095,28.29432951874775,230.18700106935523,0.0,12.5,0.0,0.0,48,0
4.442603816516856,115.43910268367003,30.339192312545972,228.20014687758487,5.263157894736842,7.894736842105263,0.0,0.0,38,0
4.084684194075365,123.41957337033251,25.99389227245271,247.21619980321847,0.0,5.128205128205128,0.0,0.0,39,0
4.2415964014770156,122.82049168784815,33.475900541989574,237.22995311061916,0.0,7.462686567164178,0.0,0.0,67,0
3.93975271196922,123.31950030334961,28.799161554970375,256.16680002026584,3.1746031746031744,3.1746031746031744,0.0,0.0,63,0
3.832047204932897,124.5214052216722,24.087098317849648,265.58287404145267,2.5,10.0,0.0,0.0,40,0
4.269281381143162,121.93334853141877,34.471791803755146,236.26055325635582,0.0,4.25531914893617,0.0,0.0,47,0
4.2954856093744995,125.16066386111663,29.301119856464933,233.92142691509676,2.631578947368421,6.578947368421052,0.0,0.0,76,0
3.856740626269738,124.8951381820101,29.155041359219357,261.56595307832873,2.5,5.0,0.0,0.0,40,0
4.427124432136241,114.23732502147821,29.901823752973606,228.9993420725885,0.0,6.451612903225806,0.0,0.0,31,0
4.153815941469689,123.45117957460005,27.42556552397479,241.9050086229527,0.9259259259259258,6.481481481481481,0.0,0.0,108,0
4.135917902958006,119.91502440712321,26.838692093836883,245.59785692952346,0.0,5.88235294117647,0.0,0.0,34,0
4.159658956647199,118.43655291516548,32.62886066011948,242.67963386844593,2.5974025974025974,3.896103896103896,0.0,0.0,77,0
4.16752308950513,117.36599674254903,30.56405077598445,241.0398300644257,2.083333333333333,7.291666666666667,0.0,0.0,96,0
4.356329332991539,119.0769372356148,29.18566585745736,230.67046821791388,1.36986301369863,6.8493150684931505,0.0,0.0,73,0
4.025522692617291,123.07308435225285,30.34225078731401,249.97282916196403,2.083333333333333,9.375,0.0,0.0,96,0
4.0466168526600566,124.83976753070287,25.418304475708094,250.71749159785836,2.1739130434782608,8.695652173913043,0.0,0.0,46,0
4.05976570962725,124.05330472440694,32.678043977556584,247.57877301865983,2.083333333333333,4.166666666666666,0.0,0.0,96,0
4.101227056481615,117.88708432756735,34.967310260112654,244.75493483112146,1.9230769230769231,3.8461538461538463,0.0,0.0,104,0
4.181704964618981,118.16682482748102,30.599479535224006,241.00375176065162,2.857142857142857,0.0,0.0,0.0,70,0
3.9387216562054084,113.91141500654996,29.21790277026772,257.6934236438151,0.0,5.555555555555555,0.0,0.0,36,0
4.096559927747703,122.19346809879119,31.98172067818342,244.99922179210245,0.0,3.3707865168539324,0.0,0.0,89,0
3.894140223988964,122.9246664458447,25.741365953488543,263.1194963545606,4.545454545454546,13.636363636363635,0.0,0.0,22,0
4.27516151125886,113.24199753241786,27.03737538759602,234.93941076393267,1.6666666666666667,5.0,0.0,0.0,120,0
4.268706889533005,116.47983553278927,31.281092270045402,235.83368703832488,1.3888888888888888,4.166666666666666,0.0,0.0,72,0
3.9647276889226384,124.36911085481762,30.839348170958743,252.80752349997024,0.9174311926605505,4.587155963302752,0.0,0.0,109,0
4.2336086990041615,122.54291079192922,24.98982788816576,238.30035629429202,1.8181818181818181,5.454545454545454,0.0,0.0,55,0
4.19930557338941,123.10439284920228,27.725851740296047,239.4424632914553,0.0,8.080808080808081,0.0,0.0,99,0
4.042200017389072,121.3882101453273,27.26771695917925,250.4641733033345,0.0,7.142857142857142,0.0,0.0,56,0
4.117049085061034,122.82341839933385,33.11164606959935,244.51902003050702,2.272727272727273,4.545454545454546,0.0,0.0,44,0
4.2504654662909,124.91619371731602,25.62141541663805,237.01039211527487,2.3255813953488373,2.3255813953488373,0.0,0.0,43,0
4.242374687205653,123.84704423884014,31.17850507878205,237.87185317630238,3.4482758620689653,8.620689655172415,0.0,0.0,58,0
4.1263178673369145,117.74492753294743,35.63998825898843,247.17219122675357,0.0,3.125,0.0,0.0,32,0
4.073213134830495,119.19255523167276,29.167652492624523,246.88419019594144,2.197802197802198,3.296703296703297,0.0,0.0,91,0
4.348210295852279,117.29667187722583,30.017843946930565,231.46392256999036,1.1494252873563218,4.597701149425287,0.0,0.0,87,0
4.309380237602712,114.88025394597896,29.729999715859655,233.0812513897514,1.098901098901099,3.296703296703297,0.0,0.0,91,0
4.557971562612073,102.72000111103392,62.002443186040054,220.5090988995364,4.040404040404041,3.0303030303030303,0.0,0.0,99,1
5.057077072595447,96.22174118369873,68.0133665519175,198.74653273247608,2.8301886792452833,4.716981132075472,0.0,0.0,106,1
4.956550099960966,86.83597536904007,60.10090128602021,202.8853639531836,1.7391304347826086,4.3478260869565215,0.0,0.0,115,1
4.386028300306975,98.24580324638211,60.40195182008266,229.42574791888393,3.9215686274509802,3.9215686274509802,0.0,0.0,51,1
4.763223023713723,93.40455164556255,59.40139757367535,211.19195219920397,3.418803418803419,4.273504273504273,0.0,0.0,117,1
5.063569159229835,101.63949839221269,63.136463025700635,199.61494109868627,0.0,6.024096385542169,0.0,0.0,83,1
4.433843909476341,101.44344848805788,54.01778186238066,227.80943068383095,3.6363636363636362,5.454545454545454,0.0,0.0,55,1
4.941864995225382,86.96584398963742,64.20708487823009,204.72265302584907,0.0,9.75609756097561,0.0,0.0,41,1
5.285918101368786,92.52501281769712,58.11221001183914,190.84111825868195,0.0,2.380952380952381,0.0,0.0,42,1
4.6233202194394245,106.40702766580657,57.36554634778949,225.64214373880964,4.545454545454546,0.0,0.0,0.0,22,1
5.0335203103702435,91.82223986137046,58.65115195375844,199.91587188954256,2.6548672566371683,5.3097345132743365,0.0,0.0,113,1
4.746672343684863,93.87693320007281,59.358964848239985,211.59671210050135,2.0408163265306123,9.183673469387756,0.0,0.0,98,1
4.421713599382275,94.98884381740338,60.61100765153868,230.45159523884126,2.0408163265306123,4.081632653061225,0.0,0.0,49,1
4.947668302756728,88.08008881354438,53.00133278437107,205.42659771784201,0.0,1.7857142857142856,0.0,0.0,56,1
4.2457461731494295,108.52295269968572,67.87147653014911,242.9721418478371,5.0,5.0,0.0,0.0,20,1
5.193487254368432,80.78774873271166,56.433733483351155,196.41534383926975,0.0,5.0,0.0,0.0,40,1
4.767183575993501,94.41515052152648,57.24561056482374,210.58210666167204,0.8620689655172413,7.758620689655173,0.0,0.0,116,1
4.614344612016687,95.73287726796099,61.33812690903559,219.0853709924421,1.4492753623188406,8.695652173913043,0.0,0.0,69,1
4.76663876517838,102.09612414633857,65.15949465861573,212.87803518018623,2.564102564102564,7.6923076923076925,0.0,0.0,39,1
4.8269263705109555,98.09190079272086,65.28572779044812,208.28477722499534,0.0,7.2727272727272725,0.0,0.0,55,1
5.2295139788612035,90.05935321821377,64.4797871017788,192.75449384919466,1.282051282051282,6.41025641025641,0.0,0.0,78,1
5.302469828866788,101.28491530786194,60.321824334394265,188.63062692359284,0.0,8.928571428571429,0.0,0.0,56,1
4.744930942262998,102.11071866437216,61.33942831575499,212.23972057387888,3.6036036036036037,3.6036036036036037,0.0,0.0,111,1
5.157475346042277,88.78648241114776,53.41665274712242,194.83680011870732,1.8691588785046727,6.5420560747663545,0.0,0.0,107,1
4.134098059290473,109.86232671577989,72.23018898839159,244.3381821133397,5.660377358490567,1.8867924528301887,0.0,0.0,53,1
4.767453147873404,104.38693777897274,85.97452923041911,217.66208431567247,0.0,4.0,0.0,0.0,25,1
4.593399775174231,107.4984287383145,61.430665434347965,218.90653047685066,1.1764705882352942,3.5294117647058822,0.0,0.0,85,1
4.6496886251725655,106.73646870330232,69.79758894865533,216.30691756355208,2.1739130434782608,4.3478260869565215,0.0,0.0,46,1
5.017119646717188,96.99637608521448,57.27042763064991,201.41540085472124,5.263157894736842,10.526315789473683,0.0,0.0,76,1
4.873942472828958,92.91522427145047,58.27219277993594,205.8163900759165,1.0204081632653061,5.1020408163265305,0.0,0.0,98,1
4.343322809004976,103.92413234743076,53.07730134880552,234.50106952726395,0.0,10.0,0.0,0.0,40,1
4.591148462790354,105.12823917338962,57.866179392998795,219.48169908621645,0.8849557522123894,8.849557522123893,0.0,0.0,113,1
4.71222680387715,100.19759864484494,60.608840474652034,213.34963589104126,0.0,6.666666666666667,0.0,0.0,90,1
4.460495189648181,100.27866698755258,54.26507280665081,226.84606023666078,0.0,6.25,0.0,0.0,48,1
4.423240652430916,112.61383354698269,54.75601976793352,229.51443387383296,2.083333333333333,4.166666666666666,0.0,0.0,48,1
4.94412603283714,103.01497425979623,62.55062296485319,203.66761720745941,4.761904761904762,8.571428571428571,0.0,0.0,105,1
4.950834199834648,88.2190535662239,56.44726115557771,202.29171199031526,1.0752688172043012,9.67741935483871,0.0,0.0,93,1
4.575782769328342,96.90301876987745,61.572857665352764,219.60429843048703,2.5,5.0,0.0,0.0,120,1
4.588654794190366,112.63734424730247,57.303591041003536,220.49187635555992,0.0,6.666666666666667,0.0,0.0,60,1
4.959386263520724,95.4624573583674,62.67934223036119,202.94403398789348,0.0,6.086956521739131,0.0,0.0,115,1
5.107091636202528,96.46422651032857,65.53925286726478,195.64657771026583,1.1111111111111112,6.666666666666667,0.0,0.0,90,1
4.546539984046485,97.17870170068664,55.38761383999739,220.8437338052566,3.4782608695652173,6.956521739130435,0.0,0.0,115,1
4.888822426109325,90.1754428629753,59.51441136861413,206.35753173365458,1.9417475728155338,4.854368932038835,0.0,0.0,103,1
5.1544064935734,97.37194990051142,61.92974508651039,197.461528535495,2.3255813953488373,9.30232558139535,0.0,0.0,43,1
5.164002584613811,98.81721803611242,56.34711520489523,194.76599437382401,3.508771929824561,5.263157894736842,0.0,0.0,57,1
4.346908239734471,103.54381507898587,56.972844959011,231.996852931915,2.564102564102564,8.974358974358974,0.0,0.0,78,1
4.700836902128275,97.72436440049427,63.282829994822485,214.4801516121242,2.7027027027027026,8.108108108108109,0.0,0.0,111,1
5.284623954422933,97.1395688351094,61.03348076323975,190.75222070850455,2.127659574468085,6.382978723404255,0.0,0.0,47,1
4.9225592852722935,90.1655479203269,62.642581297800966,204.85970217368475,3.225806451612903,10.75268817204301,0.0,0.0,93,1
5.090854167994139,94.73112923635333,60.4928584957612,197.20724738141453,1.0309278350515463,8.24742268041237,0.0,0.0,97,1
5.330110980478956,91.16680844664394,62.87244494507829,192.0348391936549,0.0,0.0,0.0,0.0,32,1
4.262896109091342,99.05767508609175,49.098344124610975,237.7230770077821,0.0,2.0408163265306123,0.0,0.0,49,1
4.4645656491254595,99.84460712533131,57.44626758480621,224.57827950945435,0.0,6.666666666666667,0.0,0.0,105,1
4.740515691340893,99.37321706936768,67.08840179882365,211.49790786405333,1.2345679012345678,9.876543209876543,0.0,0.0,81,1
4.398608626300949,97.63642225397122,61.96756329449363,228.95247181438208,1.9801980198019802,2.9702970297029703,0.0,0.0,101,1
5.75076737306354,98.45954227548096,51.23263347375382,178.31125326318872,0.0,4.0,0.0,0.0,25,1
5.4930009321811335,95.95872008745629,57.2009351676947,188.53184480400992,0.0,3.8461538461538463,0.0,0.0,26,1
4.674734095403016,93.32347244644963,58.84901195345492,214.96152600312666,0.8333333333333334,5.833333333333333,0.0,0.0,120,1
4.863271733833525,99.29172522183752,55.79665186482624,207.49983632148013,0.0,3.7037037037037033,0.0,0.0,54,1
5.038220166947906,83.54295410668608,53.10615154957576,200.00622454252607,0.0,2.8169014084507045,0.0,0.0,71,1
4.8724391561569504,91.31589642581925,59.34072180465767,206.9199796550606,0.0,6.306306306306306,0.0,0.0,111,1
4.557975949515493,109.00612294366773,70.04482807838386,223.26049136234445,7.142857142857142,7.142857142857142,0.0,0.0,28,1
4.770302929200626,88.22265183547287,59.42245213842282,211.54575034685683,1.0,4.0,0.0,0.0,100,1
4.138098955328865,117.0642462893477,63.42230063607407,248.49389048260718,3.0303030303030303,3.0303030303030303,0.0,0.0,33,1
4.336396487193746,105.59522303007277,44.97664962332715,235.8369648021825,3.225806451612903,0.0,0.0,0.0,31,1
4.473876467116053,106.90366497314896,71.51567847387915,226.9455956638891,0.0,5.128205128205128,0.0,0.0,39,1
4.916768285052691,99.28673391155029,63.662988901160475,206.08247435905946,2.898550724637681,1.4492753623188406,0.0,0.0,69,1
4.607144191761416,90.40664545048384,58.49905675201371,223.41078780760944,0.0,6.25,0.0,0.0,32,1
5.192470491531549,91.75131062550972,64.81928913719901,194.0065181638457,1.1494252873563218,5.747126436781609,0.0,0.0,87,1
4.6388888978176,91.37670963487399,57.71761962410224,217.20502181149536,3.9473684210526314,2.631578947368421,0.0,0.0,76,1
4.690961611853244,102.0846782236581,61.489408043501804,216.15695744274117,1.6666666666666667,5.0,0.0,0.0,60,1
4.675852530732111,101.67095573217989,54.427203216709486,216.3187271338879,3.75,2.5,0.0,0.0,80,1
4.575052671802294,91.06960707964512,58.44783341057307,219.96792342737794,0.0,4.716981132075472,0.0,0.0,106,1
5.141164682599396,88.46129425928551,55.75333861482417,195.43930731705433,0.0,8.791208791208792,0.0,0.0,91,1
4.804413323888891,111.42870815147114,59.22666254919493,211.47433854923293,0.0,7.142857142857142,0.0,0.0,42,1
4.866524612746779,101.29549139261616,60.73655118821362,208.55241445607413,4.0,6.0,0.0,0.0,50,1
4.211218570910128,86.06574142988578,59.10659476665274,240.11717881497853,2.4390243902439024,14.634146341463413,0.0,0.0,41,1
5.181208674141734,95.57410649454928,68.04853851543858,194.0556025032734,0.0,6.153846153846154,0.0,0.0,65,1
4.9276744819566005,80.65302988823623,59.3637698685095,207.09310739308847,0.0,8.88888888888889,0.0,0.0,45,1
5.022872636058586,89.72407484504971,56.318458446771544,199.57868612286404,3.6036036036036037,8.108108108108109,0.0,0.0,111,1
4.80249554508195,109.72737758966294,77.17363123142236,208.33393117207697,1.4084507042253522,7.042253521126761,0.0,0.0,71,1
4.747111078466134,89.5473994348063,57.552374693131014,213.63341009405332,3.076923076923077,6.153846153846154,0.0,0.0,65,1
4.436576146884521,107.46497119167827,63.880120924580595,225.39821840786155,3.8095238095238098,0.9523809523809524,0.0,0.0,105,1
5.8373812461944485,85.89980590673878,39.419893291259605,174.75591538726275,0.0,4.761904761904762,0.0,0.0,21,1
4.556732120106841,92.1565403135457,56.03785103823556,220.98939053929155,2.8169014084507045,5.633802816901409,0.0,0.0,71,1
5.529102936861402,96.59767678254069,66.48018746240422,182.29332950225253,1.5625,6.25,0.0,0.0,64,1
4.564925196145567,85.55631263585465,57.9628487896901,219.75446703005625,1.2658227848101267,10.126582278481013,0.0,0.0,79,1
5.363798938132293,101.21533749967823,57.96547969877311,189.977000072585,4.0,12.0,0.0,0.0,25,1
4.579641981614885,101.4478717036623,61.183083523407966,222.55816356872475,3.3333333333333335,0.0,0.0,0.0,30,1
4.615812139696747,92.07987125033857,64.074495549338,218.12345851054735,0.0,2.857142857142857,0.0,0.0,35,1
4.334172796889543,106.52863862190402,64.26659266175157,233.0707174938876,1.4492753623188406,8.695652173913043,0.0,0.0,69,1
4.691639264700553,98.20925893555487,63.8927745844247,214.09004044851523,2.1739130434782608,5.434782608695652,0.0,0.0,92,1
4.855999777087602,96.56859315060369,66.48959312267421,205.86894023098478,0.0,6.0606060606060606,0.0,0.0,99,1
4.4499568515854735,97.51522653875521,59.928452688302926,228.583945744393,0.0,5.555555555555555,0.0,0.0,54,1
4.869410847665505,98.20393166765137,66.34184328280338,207.01868569181974,0.8849557522123894,5.3097345132743365,0.0,0.0,113,1
4.529442157198378,85.18851204038145,56.93190610834494,222.06900291962035,5.263157894736842,2.631578947368421,0.0,0.0,76,1
4.630362826463783,93.50711543078239,51.449359593072685,216.92883682612944,2.0202020202020203,3.0303030303030303,0.0,0.0,99,1
5.294339002894069,82.58364416869865,60.69041622559691,191.53774294915425,5.0,5.0,0.0,0.0,40,1
4.358807035958587,113.93354761524279,59.63980911577251,230.167607451631,0.0,7.8431372549019605,0.0,0.0,51,1
4.6782515608265784,89.34172259532367,58.207806008514346,215.23005441444485,3.5398230088495577,3.5398230088495577,0.0,0.0,113,1
4.402331102813506,91.80964604129272,60.664855458270274,231.969880102627,6.8181818181818175,13.636363636363635,0.0,0.0,44,1
4.780785347426413,99.39696669828804,60.23188883772308,210.1169457619101,1.1764705882352942,4.705882352941177,0.0,0.0,85,1
5.032208446495241,97.22277168694984,66.83586767499939,201.27204779832468,3.278688524590164,4.918032786885246,0.0,0.0,61,1
4.183677601956106,106.6638644495112,64.95660312210114,250.55174119949132,0.0,5.0,0.0,0.0,20,1
4.736970577716227,100.79858128872976,54.908748912439535,213.77258533974648,3.278688524590164,6.557377049180328,0.0,0.0,61,1
5.008074966001638,86.21515751615584,52.19888480071658,200.5682615685606,1.694915254237288,6.779661016949152,0.0,0.0,118,1
5.010736435158995,100.38571393804959,58.08128110535272,201.3493980611517,2.941176470588235,5.88235294117647,0.0,0.0,102,1
4.992386451211891,84.74835130706197,58.8284896099461,201.76681100772976,3.0927835051546393,8.24742268041237,0.0,0.0,97,1
4.529159517990515,97.22884871313211,65.3054478887531,223.81712028513314,5.454545454545454,12.727272727272727,0.0,0.0,55,1
5.867160063457717,75.3008756442425,48.72026779072906,170.98629506153247,0.0,6.25,0.0,0.0,80,1
4.529034724814469,111.24084917111408,64.96089608995023,221.63837088935907,0.0,2.857142857142857,0.0,0.0,70,1
5.2578259386340465,92.1384582308656,53.08123186565267,190.26462816425692,1.7543859649122806,3.508771929824561,0.0,0.0,57,1
5.332764651790666,84.57013584827095,62.524745180416765,187.69004136261668,0.0,5.263157894736842,0.0,0.0,38,1
4.857986555916514,91.62925604350659,64.33972258672678,207.107786482185,1.2987012987012987,3.896103896103896,0.0,0.0,77,1
4.695300102772965,99.06395364660092,62.431657686550096,212.72713462596516,2.127659574468085,8.51063829787234,0.0,0.0,47,1
4.723507045831317,94.63508964396173,57.55774696030108,212.72871498907523,1.6666666666666667,6.666666666666667,0.0,0.0,60,1
5.183914609309533,75.46402339315725,54.172751263222395,197.9898359683243,5.714285714285714,0.0,0.0,0.0,35,1
4.9952044970940515,83.98911971672594,51.61968483289197,201.11758650990436,0.9090909090909091,4.545454545454546,0.0,0.0,110,1
5.250017265384102,91.18506325738669,64.85558689171202,192.18031971045465,2.9702970297029703,8.91089108910891,0.0,0.0,101,1
4.716164225240494,101.57482835675384,69.72632703796846,214.0167389814762,3.3333333333333335,10.0,0.0,0.0,60,1
5.648084196216305,84.16072418387598,54.982552951009296,178.7818081707912,3.225806451612903,12.903225806451612,0.0,0.0,31,1
5.138027386884589,92.29784445328998,59.79551052445684,195.05031551743897,3.4782608695652173,3.4782608695652173,0.0,0.0,115,1
4.450445120259696,99.38259101640726,52.559912763240476,226.79193175469345,0.0,3.1914893617021276,0.0,0.0,94,1
5.099367896710081,87.59389387547105,58.591236880154625,195.99174362641864,5.128205128205128,7.6923076923076925,0.0,0.0,39,1
4.6117903453465585,98.93709202534386,61.29564457937913,219.8894714711713,0.0,4.081632653061225,0.0,0.0,49,1
4.346721791982607,106.0722605276764,58.559800932187066,233.5020128983484,1.6129032258064515,8.064516129032258,0.0,0.0,62,1
5.524966755722324,90.59925690774327,70.33368390529331,184.04921089276962,0.0,8.823529411764707,0.0,0.0,34,1
5.259735225631233,98.53591055507275,60.544340521963115,192.33611736238979,2.2222222222222223,8.88888888888889,0.0,0.0,45,1
4.717910918430896,92.62747329357998,64.03045605579608,214.04227495929692,3.125,6.25,0.0,0.0,32,1
5.377127927063106,95.30107511147044,64.71029476429383,187.48804583977935,1.8518518518518516,9.25925925925926,0.0,0.0,54,1
4.7129901724250125,95.16343667357441,59.97573795990404,211.8631015777289,3.296703296703297,6.593406593406594,0.0,0.0,91,1
4.652147722306252,95.57179934861945,61.90265406240327,216.01756613421077,0.0,1.2048192771084338,0.0,0.0,83,1
4.311741490431796,110.47236399589003,44.94091609719023,237.2653255152395,0.0,8.823529411764707,0.0,0.0,34,1
5.325396516148129,85.0903888035687,52.56769248396356,189.82553537315616,1.2048192771084338,2.4096385542168677,0.0,0.0,83,1
6.001285969353958,80.14483417330891,57.930051309147515,161.41519673689666,10.0,5.0,0.0,0.0,20,1
4.664982733446582,99.6780488123263,61.69138523790218,215.73712896044032,0.8695652173913043,5.217391304347826,0.0,0.0,115,1
4.259371398307785,105.25005979536375,61.245825802243715,236.32724943494432,0.0,10.526315789473683,0.0,0.0,57,1
4.405619684288156,106.82845425830735,61.326397349534474,230.35540634318568,2.0408163265306123,10.204081632653061,0.0,0.0,49,1
4.985833977698481,94.03836514843171,61.43281029824215,201.24123663844958,0.0,8.641975308641975,0.0,0.0,81,1
4.353396840297732,100.64360313266177,60.172294798882476,230.52337905044917,0.9174311926605505,5.5045871559633035,0.0,0.0,109,1
4.585666951656936,102.66797617243842,59.83774891801327,219.5578384362681,4.395604395604396,8.791208791208792,0.0,0.0,91,1
4.527677996893842,100.29520127404493,61.79157680279364,221.52773936701297,2.631578947368421,2.631578947368421,0.0,0.0,38,1
5.154943158648932,97.14606329348588,64.50285658687089,195.21035660413312,3.0303030303030303,4.040404040404041,0.0,0.0,99,1
5.23303613688607,88.20910712841874,62.30509045024339,195.84625610656673,5.405405405405405,13.513513513513514,0.0,0.0,37,1
5.271631423672479,92.60349327338876,56.83456659955541,192.92990266800905,8.695652173913043,0.0,0.0,0.0,23,1
4.474801153952382,95.3893287963483,58.85371135558103,224.89962002866415,0.0,8.16326530612245,0.0,0.0,49,1
4.363066857388759,98.26629841720847,60.81523088632932,230.7836705913037,1.3888888888888888,5.555555555555555,0.0,0.0,72,1
5.096366714698182,90.45438978034831,57.121295209673946,197.03376934004592,2.1739130434782608,4.3478260869565215,0.0,0.0,92,1
4.9626194947209665,93.42938726454385,59.638450907961094,202.3132774672504,4.672897196261682,6.5420560747663545,0.0,0.0,107,1
4.357204099708571,103.39986993005337,61.090255705934254,230.36532115339867,2.2988505747126435,4.597701149425287,0.0,0.0,87,1
4.740411855067996,99.93496535930353,64.39767090605933,213.52529706387253,1.7857142857142856,5.357142857142857,0.0,0.0,56,1
4.733702946353637,90.6136271189518,58.20164220236973,213.3956725540769,2.380952380952381,8.333333333333332,0.0,0.0,84,1
4.640936512519884,105.31027894827038,59.892231360078696,216.57718604431415,0.0,4.2105263157894735,0.0,0.0,95,1
4.56458272773582,93.03288042570956,56.11412941458837,220.06773603843,1.25,8.75,0.0,0.0,80,1
4.556552136464176,96.97389370522988,53.52869014377714,224.1028867433913,2.272727272727273,9.090909090909092,0.0,0.0,44,1
4.225087247237306,121.98235542867486,59.49679497401036,240.81718570320294,5.263157894736842,2.631578947368421,0.0,0.0,38,1
4.7057907510525245,102.15363586405822,72.81904139097641,220.11306078708162,8.333333333333332,4.166666666666666,0.0,0.0,24,1
4.555093960722139,91.05390135190791,55.85058111883933,222.59069610928626,0.0,6.25,0.0,0.0,64,1
4.507488483723636,112.88623436456871,63.04996631800906,222.63805049379957,3.3333333333333335,5.0,0.0,0.0,60,1
4.431423284600694,102.57845781710273,62.88436613963498,226.3597555034823,0.0,7.563025210084033,0.0,0.0,119,1
4.701642813241004,94.14998360250644,60.42623996545215,214.72146372123174,4.545454545454546,6.0606060606060606,0.0,0.0,66,1
4.294733796572181,95.9610832032965,58.3805926030225,233.97087429911667,2.857142857142857,8.571428571428571,0.0,0.0,105,1
4.704854974376637,101.60136197075306,60.76014616090006,214.05491895303163,0.0,9.63855421686747,0.0,0.0,83,1
5.339143265084259,92.93111140296908,59.605395003323935,191.01365500516638,0.0,8.695652173913043,0.0,0.0,46,1
5.2857875868152435,87.4968138058787,52.836718325007276,190.18128933533498,1.1904761904761905,3.571428571428571,0.0,0.0,84,1
4.342128612214585,101.45078303068821,58.12842978165355,233.0098628552623,0.0,1.5873015873015872,0.0,0.0,63,1
4.52026277707848,103.39449025928691,57.7790342169348,221.97243309092968,0.9174311926605505,5.5045871559633035,0.0,0.0,109,1
4.528977019497739,106.21033877516898,72.10932246336662,223.53187032598342,1.4492753623188406,5.797101449275362,0.0,0.0,69,1
4.751510208309186,101.8553888903025,66.090528686765,211.5561784733406,4.081632653061225,4.081632653061225,0.0,0.0,98,1
4.701548246938105,96.6007792325719,62.387520278701174,212.3418241924625,2.1052631578947367,5.263157894736842,0.0,0.0,95,1
5.409125692288523,87.60508946370811,55.511406347833265,184.3544099878404,1.8181818181818181,5.454545454545454,0.0,0.0,55,1
4.8204967612983705,93.61658468592553,61.58381956069653,209.47325946388727,0.0,8.641975308641975,0.0,0.0,81,1
4.9098510493201,90.36652329284449,57.47097545078737,205.22891987678085,4.225352112676056,5.633802816901409,0.0,0.0,71,1
5.148772631586941,84.22424310528125,56.698464794311796,194.44381428991218,1.0416666666666665,3.125,0.0,0.0,96,1
4.800464557810755,88.95917240889798,60.387638009285304,212.7968191419517,0.0,2.3255813953488373,0.0,0.0,43,1
4.401256235676216,114.62542769890759,61.569708058266144,230.88537789017963,2.7027027027027026,5.405405405405405,0.0,0.0,37,1
4.900434650855657,97.70963252504093,56.75142014633333,204.52045772842595,4.0,6.0,0.0,0.0,50,1
4.89090168538139,94.25409674153546,62.10755588488285,206.0489177115214,1.9230769230769231,1.9230769230769231,0.0,0.0,52,1
5.201981147313725,95.31822321560786,58.39997426520351,193.33970849948375,1.8867924528301887,7.547169811320755,0.0,0.0,106,1
4.379734002164302,98.73829706818337,66.16903199086508,230.74674482197725,3.4482758620689653,9.195402298850574,0.0,0.0,87,1
5.528241634994603,79.10669091320483,50.24694755325241,186.84820806215464,3.571428571428571,3.571428571428571,0.0,0.0,28,1
4.722350771493424,108.75906983294215,64.28215889305666,212.3825978393049,2.857142857142857,8.571428571428571,0.0,0.0,70,1
5.075247869033473,91.91372033070273,54.59266228403106,198.50669491960497,2.5316455696202533,6.329113924050633,0.0,0.0,79,1
5.0347629934887586,104.17129372518704,64.31611184555578,200.08681087938572,4.081632653061225,3.061224489795918,0.0,0.0,98,1
4.726758836307536,93.30875290909238,64.74138747584838,212.94223297258534,0.9090909090909091,8.181818181818182,0.0,0.0,110,1
4.550128066975456,106.6250240439477,75.13964859430611,219.28848953381393,5.128205128205128,6.41025641025641,0.0,0.0,78,1
4.484559149238133,102.92435479496646,61.795898557959774,222.98005417906867,0.0,3.9603960396039604,0.0,0.0,101,1
5.138911489505933,86.75016045090638,62.62379357912326,195.49131538898902,1.6666666666666667,11.666666666666666,0.0,0.0,60,1
5.2744982276091195,90.54434700198472,52.829718389660705,189.69622245457572,2.083333333333333,5.208333333333334,0.0,0.0,96,1
5.1328376619644995,87.37884014168701,56.51113898177057,194.64627643593624,2.1052631578947367,6.315789473684211,0.0,0.0,95,1
4.840111747648845,104.92727481839664,76.0212722409402,213.13687666692135,0.0,4.0,0.0,0.0,25,1
4.650156066821785,87.12829226931301,60.36639957649205,216.71662456257914,2.608695652173913,0.8695652173913043,0.0,0.0,115,1
4.526154496993512,91.06652013191587,55.97721369637827,221.70373388851613,1.0204081632653061,7.142857142857142,0.0,0.0,98,1
4.663580808581515,102.55423804486524,52.362794231453464,217.7465383594456,0.0,3.4482758620689653,0.0,0.0,29,1
4.725754733093086,94.57535484995466,58.69280209582611,213.57276427307065,0.0,8.333333333333332,0.0,0.0,84,1
4.533264681724656,102.74386360018796,59.70863652537575,222.577631081656,0.9803921568627451,5.88235294117647,0.0,0.0,102,1
4.577472042788009,103.96993905751155,60.479961116144274,220.03752416640822,2.4691358024691357,6.172839506172839,0.0,0.0,81,1
5.32938502212166,88.44927249067632,65.65557472553121,189.2646441889042,0.0,0.0,0.0,0.0,34,1
4.863153086769352,87.6592426392182,61.33749434081264,206.02549124682966,2.586206896551724,5.172413793103448,0.0,0.0,116,1
4.308189258958824,96.7946495040157,51.33586101342332,240.73524117121391,4.545454545454546,0.0,0.0,0.0,22,1
6.011695318316411,79.30633725867993,63.42999558528848,168.79718658319035,0.0,0.0,0.0,0.0,22,1
4.083753100921334,121.49566915719399,72.1365984058736,251.69629081059412,4.3478260869565215,0.0,0.0,0.0,23,1
4.419585647621447,101.13490473959517,60.463127000428074,227.05399743567511,2.727272727272727,3.6363636363636362,0.0,0.0,110,1
5.029263324649603,88.4922171911792,50.72594540373408,200.05566200812595,2.941176470588235,7.352941176470589,0.0,0.0,68,1
5.288325769295552,90.14153911448322,54.298214242868596,190.7598557259282,1.1494252873563218,2.2988505747126435,0.0,0.0,87,1
4.825025198504253,103.4301336989744,69.74426998506615,209.51753984543316,1.36986301369863,2.73972602739726,0.0,0.0,73,1
5.033229090551476,96.32488241365333,56.37770386342243,198.96101679949595,2.197802197802198,8.791208791208792,0.0,0.0,91,1
5.712195636774344,95.20992426639218,56.12867617512406,175.6396117267421,0.0,3.9473684210526314,0.0,0.0,76,1
4.993460483527452,104.01851966443881,60.49608964636085,201.51353584750325,3.7037037037037033,0.0,0.0,0.0,27,1
4.557526586101298,84.6936149952914,58.14579938181289,220.59104807821964,2.857142857142857,11.428571428571429,0.0,0.0,70,1
4.457965752043966,85.02630137082147,50.34477923735464,227.49466013552032,1.6129032258064515,3.225806451612903,0.0,0.0,62,1
4.106876981277873,93.99423521710665,62.78995096635152,246.78063659148333,2.1739130434782608,2.1739130434782608,0.0,0.0,46,1
4.91431645835531,87.6622837432736,58.145100507425234,206.54521738314165,1.639344262295082,3.278688524590164,0.0,0.0,61,1
4.761823898944513,104.36213261787059,73.41929039648993,213.24276272558663,4.166666666666666,8.333333333333332,0.0,0.0,48,1
4.85955760743804,111.28426001518352,53.399314649619456,206.7115281125165,1.9230769230769231,3.8461538461538463,0.0,0.0,52,1
5.024869237379113,86.41579870880842,57.39573242459384,202.77970389873002,0.0,11.11111111111111,0.0,0.0,36,1
4.984947264678423,93.59272776483823,60.5338230079965,202.29181473872836,0.9259259259259258,2.7777777777777777,0.0,0.0,108,1
4.5436193201122475,99.14618580165201,60.91954077136414,221.89298204147514,0.0,10.144927536231885,0.0,0.0,69,1
4.389949450049934,86.35999868629526,60.75823862701069,229.09788420856472,1.9607843137254901,3.9215686274509802,0.0,0.0,102,1
6.490451890089003,79.06292404621031,64.51533099282034,154.19051329628277,5.0,5.0,0.0,0.0,20,1
4.689785911223321,102.01200140881161,60.316462915252316,215.0380214749826,1.0526315789473684,13.684210526315791,0.0,0.0,95,1
4.931494981713901,93.80631017983988,55.380678364636424,206.05467640576046,0.0,2.564102564102564,0.0,0.0,39,1
5.51145021334885,81.63026340290588,61.93679578871065,182.3467735582867,2.898550724637681,2.898550724637681,0.0,0.0,69,1
4.560546489870916,98.938145299082,61.25159334357768,221.33519017147265,1.4084507042253522,2.8169014084507045,0.0,0.0,71,1
4.858394812201061,80.43322828756757,52.996819930915635,207.26968069088034,2.898550724637681,4.3478260869565215,0.0,0.0,69,1
5.143787061276158,99.48842714238329,64.34808661215736,195.77822420279,4.310344827586207,4.310344827586207,0.0,0.0,116,1
4.714564932769425,98.69619906135286,64.81641533631796,213.9382554994692,0.9433962264150944,9.433962264150944,0.0,0.0,106,1
4.931325848165926,83.08271973356291,52.90648541931974,204.36536916157925,0.0,5.263157894736842,0.0,0.0,57,1
4.696989728722922,99.91668502656668,52.66601501775847,213.17483111927447,2.8169014084507045,5.633802816901409,0.0,0.0,71,1
4.671644913137564,107.04326011786407,60.904263052383705,215.24606758372437,2.247191011235955,10.112359550561797,0.0,0.0,89,1
5.184621798164293,85.83815797532094,58.03037971698971,195.0179409802667,0.0,2.0,0.0,0.0,50,1
4.557243003376019,99.18424771498475,63.83365097351549,221.4639754514291,5.1020408163265305,2.0408163265306123,0.0,0.0,98,1
4.3516002386323995,105.04018247443669,64.36050441887927,230.36276306906632,2.7027027027027026,2.7027027027027026,0.0,0.0,37,1
4.321787500413681,96.82295852854342,51.17866573252876,234.55860175435333,3.225806451612903,8.064516129032258,0.0,0.0,62,1
4.680703079790989,92.64173497615755,57.19289397649228,215.35850251545588,1.8691588785046727,1.8691588785046727,0.0,0.0,107,1
4.865468398037998,103.00601872462283,63.8321084356856,205.62069996670994,1.680672268907563,6.722689075630252,0.0,0.0,119,1
4.807757336740554,103.13167281692857,59.361057983307035,209.58797440759315,3.3707865168539324,3.3707865168539324,0.0,0.0,89,1
4.643414422431115,105.68341446061653,74.74122935189098,220.24273514086843,0.0,7.317073170731707,0.0,0.0,41,1
4.595804327597664,103.69155832912132,60.888943110762355,218.91447485770553,1.0,5.0,0.0,0.0,100,1
4.292015134235499,104.27131287648751,70.84072111308662,237.03368727648242,3.125,6.25,0.0,0.0,32,1
4.840224881424782,96.98126616239598,62.08068170097824,210.74868134299172,0.0,4.3478260869565215,0.0,0.0,46,1
4.573145481266307,93.04507754638014,56.290947947022104,219.97571830777449,1.1235955056179776,2.247191011235955,0.0,0.0,89,1
5.016226655284358,101.4309836989805,62.61917879424938,199.1638967983205,2.7522935779816518,8.256880733944955,0.0,0.0,109,1
5.088377763469297,98.11980238183354,62.44473182312328,197.227371301764,1.1494252873563218,5.747126436781609,0.0,0.0,87,1
4.754374580421331,95.9170852519181,63.16988231121492,212.77276859528152,0.0,7.59493670886076,0.0,0.0,79,1
4.77765319660216,88.44524169119111,48.82734161287207,210.48586578209117,0.9708737864077669,5.825242718446602,0.0,0.0,103,1
5.47860677503247,86.61497866103764,49.48377127546508,184.39595915401247,4.3478260869565215,4.3478260869565215,0.0,0.0,46,1
4.92906719719964,80.08516504725414,56.539433675403565,202.91814476556024,4.672897196261682,2.803738317757009,0.0,0.0,107,1
4.823128082678984,98.38947017320213,62.543346971702306,208.83620148900948,0.0,7.2727272727272725,0.0,0.0,55,1
5.132906362116722,98.0543276948227,69.96277647094884,195.44656302573097,1.9607843137254901,6.862745098039216,0.0,0.0,102,1
5.95993310215188,79.51587791997137,51.77033482934027,169.6374788613871,0.0,5.357142857142857,0.0,0.0,56,1
4.6056101310179045,94.1677688235491,54.99177073876925,219.3571472661928,0.0,7.317073170731707,0.0,0.0,82,1
4.37736856785423,102.17875787076377,71.6910275395307,229.40719508218876,2.127659574468085,9.574468085106384,0.0,0.0,94,1
4.09105797211314,103.6635127174359,46.144956096247455,250.148658457861,0.0,3.125,0.0,0.0,32,1
4.9105944028842625,85.14971703286535,56.01977012126006,204.51940995701946,1.0204081632653061,4.081632653061225,0.0,0.0,98,1
4.4316818886772715,97.6425909189784,58.238783173467574,229.0754311504623,1.639344262295082,3.278688524590164,0.0,0.0,61,1
4.942739879725453,97.38496024070503,57.06097889198173,203.86199724618498,3.361344537815126,5.88235294117647,0.0,0.0,119,1
4.835063834442578,87.03237872033465,60.4971740329499,209.23139079922936,0.0,4.615384615384616,0.0,0.0,65,1
4.769240610962166,82.82236526662517,50.80836231220627,210.93939407132606,1.2048192771084338,3.614457831325301,0.0,0.0,83,1
4.6824264288998805,98.70941317960342,60.21797936533011,215.04127403710146,3.361344537815126,5.88235294117647,0.0,0.0,119,1
4.535445761986333,96.87620232373135,63.9320275594426,221.5950054665872,1.0526315789473684,6.315789473684211,0.0,0.0,95,1
4.201062000357054,96.38406824927928,66.01057762022286,247.10881217803768,4.761904761904762,0.0,0.0,0.0,21,1
4.959638557481907,108.60058122708291,79.35419261522988,202.14455361366478,0.0,12.5,0.0,0.0,32,1
4.990944605089581,100.21580383464953,64.9689983894326,205.37295279328248,2.7027027027027026,5.405405405405405,0.0,0.0,37,1
4.826735376662209,95.60590084691665,63.68758633370595,209.05836810649845,2.564102564102564,2.564102564102564,0.0,0.0,78,1
4.686492678838876,89.92651674155562,59.716890826791094,215.8457265115876,0.0,7.4074074074074066,0.0,0.0,27,1
4.680304702617524,98.69104235246385,55.67435405186335,216.38892672628177,2.7777777777777777,6.944444444444445,0.0,0.0,72,1
5.180466680989762,97.39240647617764,50.15873144024478,195.19002251026913,1.6666666666666667,10.0,0.0,0.0,60,1
5.12836103034016,92.14310682520247,61.14930077441463,196.7266865758046,0.9803921568627451,4.901960784313726,0.0,0.0,102,1
4.869024087765981,94.83162641305154,64.06296798738742,206.36264012782866,0.0,7.547169811320755,0.0,0.0,53,1
4.738662685520244,98.5461635033687,68.39693456025057,212.91073466857557,2.666666666666667,5.333333333333334,0.0,0.0,75,1
4.233294647889011,117.20076100994756,69.71669259707879,239.62183966368664,0.0,5.555555555555555,0.0,0.0,36,1
4.761840906749264,92.88218258826889,57.93905726670879,212.0028456927524,2.083333333333333,7.291666666666667,0.0,0.0,96,1
4.972034326370453,84.91203504390586,58.39498087317125,203.212109372024,1.5873015873015872,11.11111111111111,0.0,0.0,63,1
4.66323559638047,106.44286547155085,59.849789574548865,214.46098279045086,1.8181818181818181,7.2727272727272725,0.0,0.0,110,1
5.241760951098545,92.50280697170695,63.034609959804,195.7983939912455,2.857142857142857,2.857142857142857,0.0,0.0,35,1
4.154797334728026,112.71297047765657,51.38631211953914,244.48296867859827,3.0303030303030303,3.0303030303030303,0.0,0.0,33,1
5.3425578546446415,106.30392294680293,66.97144925083141,190.6941683954929,0.0,2.3255813953488373,0.0,0.0,43,1
5.10417565166315,90.69944096471784,58.30488642667754,201.59279738568358,0.0,9.375,0.0,0.0,32,1
4.488922315958358,99.24008429294624,60.02622421716088,225.0369749290143,0.0,8.0,0.0,0.0,75,1
5.192827996337099,92.66806614660109,59.8792580668305,196.5849045333363,2.380952380952381,7.142857142857142,0.0,0.0,42,1
4.6990224594052155,103.91786778511394,59.64318127178536,214.55434204500372,2.3529411764705883,5.88235294117647,0.0,0.0,85,1
4.928023853060173,89.92023409474575,69.3069846555696,204.4543152858408,0.0,13.043478260869565,0.0,0.0,46,1
4.780638279372732,102.98262064120406,62.968228590055304,213.2021336943695,0.0,8.333333333333332,0.0,0.0,48,1
4.54524309469497,97.79160923155291,55.203226950268665,222.68187536904804,1.5873015873015872,0.0,0.0,0.0,63,1
5.129597223883013,100.08781622807297,54.26846036206411,195.70520891683535,0.0,6.451612903225806,0.0,0.0,62,1
5.051475321062589,98.04215094460352,65.23013761969152,200.14115479119062,4.0,8.0,0.0,0.0,75,1
4.425338446642794,99.61789547940923,59.269227406095624,228.51942453306688,1.7543859649122806,7.017543859649122,0.0,0.0,57,1
4.760222114671507,97.4013973102177,58.00458573559465,211.45542315032014,1.4285714285714286,5.714285714285714,0.0,0.0,70,1
3.9975248043407876,91.05857558773164,56.54545822250711,253.451142698572,2.631578947368421,5.263157894736842,0.0,0.0,38,1
4.778019067975435,100.33910575339964,56.365242075860046,210.28552500893176,2.586206896551724,3.4482758620689653,0.0,0.0,116,1
4.644069420304303,104.84166507296688,62.72427875630423,215.80697930668347,4.166666666666666,5.0,0.0,0.0,120,1
4.635368178511912,90.41003186318378,64.79886554527762,217.75246489824136,1.0869565217391304,9.782608695652174,0.0,0.0,92,1
4.862714610296608,94.67181089914033,64.98574267146738,207.84645969634977,0.0,3.508771929824561,0.0,0.0,57,1
4.680407724314083,99.05763749068403,60.12012502250276,215.01418617423093,2.8301886792452833,6.60377358490566,0.0,0.0,106,1
4.815798700535638,94.39550370764131,56.67287692844812,209.16395468184396,0.0,7.894736842105263,0.0,0.0,114,1
4.9216899901641495,93.64975143536016,57.58070902674464,206.74508255367172,0.0,3.4482758620689653,0.0,0.0,29,1
4.631741269925241,103.71063599065819,64.01401999089808,216.45635717501224,1.1494252873563218,5.747126436781609,0.0,0.0,87,1
4.7425529292752975,90.20172659259292,59.21394406593856,212.62177256257112,2.0618556701030926,7.216494845360824,0.0,0.0,97,1
5.58269375752506,79.17217098470404,58.501719273362475,180.44211604608034,0.0,6.451612903225806,0.0,0.0,62,1
4.4573880971635305,102.82545723602185,62.123248667469284,225.14375438286854,1.7857142857142856,5.357142857142857,0.0,0.0,56,1
4.577768685846872,95.89142961137301,65.18596146911639,219.96233822124344,1.8181818181818181,7.2727272727272725,0.0,0.0,110,1
4.997698919500033,85.00609301700715,61.25414893477654,199.20303474736147,0.0,6.0606060606060606,0.0,0.0,33,1
4.916391835503571,95.82345753635686,63.35671171293503,204.9160051945643,3.0303030303030303,7.575757575757576,0.0,0.0,66,1
5.002974971142836,90.71631311933781,55.893470350775424,201.27933879654455,4.424778761061947,4.424778761061947,0.0,0.0,113,1
4.148393834763782,106.69888609598983,56.41192332030281,250.3251733479014,0.0,4.166666666666666,0.0,0.0,24,1
5.406390977370135,92.25151564078173,56.95872960643291,186.14464164184432,1.7857142857142856,5.357142857142857,0.0,0.0,56,1
4.621239718666837,97.08580856884583,57.11742881061621,217.67819711525152,5.042016806722689,6.722689075630252,0.0,0.0,119,1
4.820561979878378,97.07815234174575,58.42633998457807,207.837325706704,2.586206896551724,4.310344827586207,0.0,0.0,116,1
4.437950997362296,92.21312116470041,58.06708522494131,234.56724370814456,0.0,4.545454545454546,0.0,0.0,22,1
4.746532641332807,91.51687173794588,50.97416876748965,213.5858430589904,0.0,6.666666666666667,0.0,0.0,45,1
4.367843321855646,120.10335335431273,66.21204543342681,231.20448399725151,2.7777777777777777,5.555555555555555,0.0,0.0,36,1
4.847425528202928,96.83177225087019,57.515980736563776,211.44534857269213,0.0,8.571428571428571,0.0,0.0,35,1
4.946085903479701,84.19897848722792,52.72554104600077,202.01401642062083,2.1739130434782608,7.608695652173914,0.0,0.0,92,1
4.875257032179218,89.66422093485411,49.788443735889246,206.59349454559464,1.36986301369863,5.47945205479452,0.0,0.0,73,1
4.470138278638036,97.04865078401637,58.735887206119344,224.82315177512677,2.631578947368421,4.385964912280701,0.0,0.0,114,1
4.957557269102604,97.18700725524842,60.21617700012535,202.4897217430793,3.278688524590164,3.278688524590164,0.0,0.0,61,1
4.786348205186447,89.42238511450508,54.925009347128004,213.89932678320358,2.564102564102564,7.6923076923076925,0.0,0.0,39,1
4.867996125990493,92.67540835618938,57.33180707690487,207.16157205841,1.1904761904761905,5.952380952380952,0.0,0.0,84,1
5.170016581903336,93.45845639866648,64.77219861797583,194.8786477875119,1.5384615384615385,6.153846153846154,0.0,0.0,65,1
4.858389895106132,100.80968185330975,66.35033583002415,207.68604355785217,3.9473684210526314,6.578947368421052,0.0,0.0,76,1
4.7321551461952085,96.54730727145997,59.2413770108138,212.5294597695559,0.0,8.411214953271028,0.0,0.0,107,1
4.809872755128283,107.1880749840466,70.18655640754187,210.84173457245132,1.5384615384615385,4.615384615384616,0.0,0.0,65,1
4.754835354606412,95.2204066045842,57.88465371798349,212.2653738120357,1.1363636363636365,5.681818181818182,0.0,0.0,88,1
4.660630880405245,94.85260329569365,66.54364031820734,216.43402692263135,1.9047619047619049,4.761904761904762,0.0,0.0,105,1
4.691484512547007,98.0715790646802,68.46595909493017,214.4092517415851,2.912621359223301,3.8834951456310676,0.0,0.0,103,1
4.616204535558596,82.89375497981797,56.044209778901646,219.70475428535258,0.0,8.108108108108109,0.0,0.0,37,1
4.768733646023521,107.12180813359704,81.38297495387653,206.89065379245395,0.0,0.0,0.0,0.0,22,1
5.4284546297423,101.90745855840981,45.85050476180672,187.31653460226244,0.0,11.11111111111111,0.0,0.0,27,1
5.190425805796034,92.21616069150222,60.59983104906031,193.49093544713372,3.260869565217391,7.608695652173914,0.0,0.0,92,1
4.413044000501967,103.72374251392397,57.13082934631886,226.88969555863235,0.9259259259259258,3.7037037037037033,0.0,0.0,108,1
4.751926706542318,90.33798485062127,56.98794003112498,211.7451278999276,1.8691588785046727,6.5420560747663545,0.0,0.0,107,1
5.727543048762361,81.99454837131192,51.01151257099805,175.7409337883647,1.9047619047619049,8.571428571428571,0.0,0.0,105,1
4.85807462873321,100.03385445594036,62.777271892021346,206.11490689189148,3.6363636363636362,8.181818181818182,0.0,0.0,110,1
4.924610794855803,109.49053462510682,57.86223302113422,204.52716336330727,2.7777777777777777,5.555555555555555,0.0,0.0,36,1
5.8959123226152315,89.9411092514663,58.670945869947694,172.21425881427956,1.9230769230769231,7.6923076923076925,0.0,0.0,52,1
4.76635433542458,100.8055687786564,57.47534098144971,210.37523230260152,2.272727272727273,5.681818181818182,0.0,0.0,88,1
4.882336547290153,93.19804738451771,65.14776042558452,204.942987978445,3.571428571428571,0.0,0.0,0.0,56,1
4.476720732968453,105.35568540831494,64.21702053362102,224.4801048483363,2.8301886792452833,10.377358490566039,0.0,0.0,106,1
4.833800886398838,97.70731508422533,52.77776997396942,208.20805182244942,1.9047619047619049,6.666666666666667,0.0,0.0,105,1
4.20604143907793,112.81836552806006,61.205476910318154,241.12904340063142,2.564102564102564,5.128205128205128,0.0,0.0,39,1
4.911953793217599,92.11736990132158,58.11818436771178,205.10888907221204,1.0638297872340425,8.51063829787234,0.0,0.0,94,1
4.500260421201154,103.11528932728767,61.713517121269746,224.00086120581625,2.7027027027027026,1.3513513513513513,0.0,0.0,74,1
4.993831519798485,93.94671471789547,52.87028750093482,201.0596846670792,2.73972602739726,6.8493150684931505,0.0,0.0,73,1
4.624444341443173,103.36696381190545,57.85199262883512,216.16923762701555,1.694915254237288,2.5423728813559325,0.0,0.0,118,1
4.709920548305499,98.63308144393388,62.02215625366973,214.04138473064674,1.25,13.750000000000002,0.0,0.0,80,1
4.7363298304062,94.61967214283968,60.10289169441467,211.27841292977337,0.0,8.98876404494382,0.0,0.0,89,1
4.970825152632255,84.56151114176087,56.82929247429457,201.90181831033692,1.1494252873563218,1.1494252873563218,0.0,0.0,87,1
4.9776574180380395,89.36605491808115,47.313295001857675,206.3727042506803,0.0,0.0,0.0,0.0,26,1
4.49363049873195,101.92865077841887,59.290630864683465,223.7748510724383,3.8461538461538463,3.8461538461538463,0.0,0.0,26,1
5.1063210158407975,88.09242516817243,54.16176991862311,198.21964593151677,0.0,9.523809523809524,0.0,0.0,42,1
5.008670437200563,94.11071356232146,61.759090182906434,202.60219393364036,4.0,4.0,0.0,0.0,25,1
4.602035021710245,100.23037773857445,66.74921544619308,219.96132482455877,0.0,10.666666666666668,0.0,0.0,75,1
5.36343047546036,85.21530099227849,62.245008744475946,189.43570969482678,8.695652173913043,4.3478260869565215,0.0,0.0,23,1
4.639379276235625,106.71495492196766,69.83066527271606,217.86409184242783,0.0,3.7037037037037033,0.0,0.0,54,1
4.43218025986236,103.37969589915465,62.943320069681306,226.97480419393938,4.201680672268908,1.680672268907563,0.0,0.0,119,1
4.965636799466872,88.10159403279275,55.15556192474358,203.59279017100474,1.8867924528301887,5.660377358490567,0.0,0.0,53,1
4.892664827220436,94.09311247366465,58.23191903773429,205.3233584411272,1.1627906976744187,5.813953488372093,0.0,0.0,86,1
5.341911720791244,86.42174041859822,63.86546856885881,190.12587663684036,0.0,4.651162790697675,0.0,0.0,43,1
5.038652950128412,99.37818154806583,54.71240693459154,200.58986333531502,2.127659574468085,4.25531914893617,0.0,0.0,47,1
4.712550379318511,90.9393678418853,53.51427638709016,213.87295282003518,3.7383177570093453,11.214953271028037,0.0,0.0,107,1
4.777772067270735,91.14480418556379,62.107854566936105,211.45374137798362,0.0,8.98876404494382,0.0,0.0,89,1
4.160167578438969,118.2453190014585,71.12028991011807,246.36724048289727,0.0,4.545454545454546,0.0,0.0,22,1
4.254293914719427,108.72112690167037,59.10678773990704,235.37660440288172,1.3333333333333335,4.0,0.0,0.0,75,1
4.776776912291783,101.97873284660884,65.04328142314267,211.06992754997748,2.7777777777777777,6.944444444444445,0.0,0.0,72,1
5.192482308511313,88.15137546312609,62.90884090984836,195.24128697727062,9.090909090909092,7.575757575757576,0.0,0.0,66,1
4.422817616243388,97.01699355955044,55.58921568232244,228.16534300665964,4.0,4.0,0.0,0.0,75,1
5.279794213344459,86.19787629131184,55.35457809289279,190.8149405396803,1.0101010101010102,5.05050505050505,0.0,0.0,99,1
4.815850045464919,99.86026737985911,62.0751897646004,207.3650794524274,3.260869565217391,0.0,0.0,0.0,92,1
4.615469633964866,100.51461655331013,61.29939966004269,216.77516522593126,4.166666666666666,8.333333333333332,0.0,0.0,96,1
4.788236553627692,87.62758627707174,64.81533558156015,210.69657698757788,0.9708737864077669,3.8834951456310676,0.0,0.0,103,1
4.747400846065001,76.89633938258108,58.161214219479085,211.94284006600216,1.4285714285714286,7.142857142857142,0.0,0.0,70,1
5.4015942278556395,94.08342292923875,48.6365961553496,188.49381382501426,6.451612903225806,9.67741935483871,0.0,0.0,31,1
4.67800186200081,103.31016193381471,56.740332302785305,215.0474127961244,1.7857142857142856,8.928571428571429,0.0,0.0,112,1
4.737356615752148,99.98042393500586,54.98096814916564,212.45418707534878,0.0,6.666666666666667,0.0,0.0,90,1
4.7807926106649,101.02018638385475,65.95253085903356,208.53271481491632,6.0,4.0,0.0,0.0,50,1
5.2206134348914395,97.21281711196015,57.221425892797924,192.38672182050854,6.451612903225806,11.29032258064516,0.0,0.0,62,1
4.689090734653201,97.15740984265811,65.63220811181041,213.6304845300627,1.5384615384615385,9.230769230769232,0.0,0.0,65,1
4.23466983777895,106.45965368326054,58.280247147579594,238.75781781610578,1.5625,4.6875,0.0,0.0,64,1
5.018931987663594,86.41853832656484,50.14541383309476,201.70099590223933,0.0,6.756756756756757,0.0,0.0,74,1
4.445007813389563,110.65821548771477,67.35651699654504,225.64351675866374,1.3333333333333335,4.0,0.0,0.0,75,1
4.741749388122125,97.30648241518247,56.299210053797175,216.77237954800336,11.11111111111111,7.4074074074074066,0.0,0.0,27,1
4.7988126969143,93.13206073883016,60.790232573338166,210.85956830868832,0.0,4.25531914893617,0.0,0.0,47,1
5.103182291347371,90.82695231376934,62.07290685587558,197.6319318460726,2.8301886792452833,4.716981132075472,0.0,0.0,106,1
4.852734108479433,101.87395077504779,61.002062470552765,210.89102339042566,0.0,5.714285714285714,0.0,0.0,35,1
4.731622871355267,106.27518833818678,68.49193927078282,211.48916475021113,1.9607843137254901,3.9215686274509802,0.0,0.0,51,1
4.908721402969545,92.26156778216198,59.39676122446678,204.88824569893353,1.7241379310344827,2.586206896551724,0.0,0.0,116,1
4.554677862586625,97.1237986657434,57.21128145888504,220.43437174912359,4.672897196261682,6.5420560747663545,0.0,0.0,107,1
5.133850637247773,101.35982120056038,58.68721024568341,194.775606990815,6.25,8.333333333333332,0.0,0.0,48,1
4.446486282836207,94.44370771263904,61.85739836973761,226.92535939235322,0.9803921568627451,4.901960784313726,0.0,0.0,102,1
5.307348507262502,92.9737627311745,61.401290399800004,191.7203154465516,7.6923076923076925,3.8461538461538463,0.0,0.0,52,1
5.066510617068658,100.01949470668498,60.70114777455879,198.63088230557133,0.0,0.0,0.0,0.0,91,1
5.338796723141922,98.75363992726732,53.91990026925967,190.41173709819702,0.0,16.666666666666664,0.0,0.0,42,1
4.4419567741455275,100.77597909152152,60.09559204556033,226.6532168503047,0.8403361344537815,6.722689075630252,0.0,0.0,119,1
5.32204188251244,88.61819812063041,59.104738137468836,191.98265917887733,0.0,3.225806451612903,0.0,0.0,31,1
4.178764554204241,105.55955192284436,60.72339227737311,240.65722507848602,0.0,4.3478260869565215,0.0,0.0,92,1
5.011356540226703,90.17580526961527,53.55445970953659,200.68517601796808,1.1904761904761905,5.952380952380952,0.0,0.0,84,1
4.4686769854472415,100.1931737169948,59.462314299398436,224.57861600363017,2.1739130434782608,4.3478260869565215,0.0,0.0,92,1
4.7291616316462175,88.01949321465281,58.29411087136193,214.0766267410426,1.3513513513513513,9.45945945945946,0.0,0.0,74,1
4.319844819403481,124.58831131832812,73.69600413716796,236.5005853744675,3.3333333333333335,10.0,0.0,0.0,30,1
