flight_mean,flight_std,dwell_mean,dwell_std,hold_mean,hold_std,n_key_presses,n_backspaces,label
102.44034826486877,28.273708657091653,88.3373904136269,16.32731853604245,55.073451467865965,11.267988481504384,44,2,0
280.46226206337695,27.687549228306878,122.6953722973353,27.105099195663804,67.64570406390712,18.348983393833578,38,5,1
106.39689021976989,57.82802261622394,108.60285948630742,39.19186153676954,58.468492127237276,16.68851877547245,51,4,1
127.34731013632356,15.490721088887758,110.12709516472549,17.075714125554285,65.87042424067833,16.244650929495403,30,1,0
138.27169252466499,30.75576372670038,57.91468907733834,7.602602383639724,63.929073590143915,13.900999716023335,35,2,0
103.9364209863931,40.48864141875362,91.00925717546357,15.074405358794419,59.75828573641791,16.02845771592654,40,0,0
149.85377137919045,29.707835941460147,71.38097212724914,24.49431564325493,65.19436623191737,5.597267563936057,42,2,0
128.03134546216702,41.79610136692436,77.67871647856211,28.486370964242575,67.00224087643822,15.648740837324643,50,3,1
189.31146971760654,22.00974043614399,103.42374287491326,1.2422657237172494,65.81216057705547,10.207682190063753,35,2,1
149.72944091936296,28.07113990354448,77.1411490723357,28.81791554429054,71.61408556815043,8.291329093137007,40,3,1
71.51519479454117,23.754895449114226,88.56836315354359,6.798947674950535,60.47104697759313,5.807646441230028,43,2,0
227.78368882054923,58.09181121704415,132.09869003507805,5.174560140891614,79.84665713688743,15.587423373020819,43,1,1
218.3354327936817,50.44506427209115,121.3889477624838,49.248383620798656,59.722063270081215,16.817778838339034,43,8,1
114.37344885763574,36.900736763366126,81.55072994318142,15.386582166398213,64.0043199385628,11.23088674875422,43,1,0
121.33981434449744,40.87710426157866,65.2033925135113,24.197050394696273,74.31889063774514,8.358329303321105,45,1,0
130.318784354082,36.91618575121388,87.75237898736677,13.976448714462826,55.4099553977709,5.800003286015969,46,1,0
88.74908286226915,32.731184342936444,112.34524447593948,15.767234049108124,46.18450941120562,8.205193861347333,40,1,0
109.4189464530741,20.017877414885948,74.2895806430736,5.3905152800333855,43.88282934381146,5.244393325745084,35,0,0
135.88529359243654,29.97213889333099,74.360246309722,17.941137737366812,80.60826563902658,12.233841827336104,42,1,0
94.91421153661501,24.669095979841668,71.58366303528504,12.385137166004661,54.709753493612226,15.585240743114639,41,0,0
192.83142903730734,35.39768314748082,91.60306008337542,33.323463714720035,79.11658236832852,13.657267265316717,39,3,1
92.8683639075319,26.25465849249749,38.82050669491423,13.342243672802748,48.872359216789455,13.030918964844211,56,0,0
129.32859964867052,20.200744252177557,86.07553078783569,20.731795718844513,69.48339279329188,15.381084117783468,41,2,0
119.28717035405033,10.4266141086601,67.31671735468079,18.9871996748036,52.18440140775415,11.989166692606602,40,0,0
87.69736368188981,23.31856951672233,55.846053218123,31.704292411296244,55.08736972338678,5.5572228203310186,43,1,0
154.46869093886022,44.538202463798775,109.37047205637673,32.70921342707442,83.47073035325462,16.29914405067413,42,3,1
105.30816846403901,16.5182295457251,63.76973322437096,7.122534892063879,49.35954072754427,11.78141222094212,45,2,0
103.79495125971238,30.156822364716245,74.91996419174363,11.145778091281041,58.21417730485775,11.373981405596577,46,1,0
124.01138394461886,49.00268424310965,101.9966358678287,20.386456062946333,74.02209589503269,9.81265101695814,42,4,0
142.9727469885743,40.23056555252239,58.8617630296323,13.491064361251444,64.28254397516864,12.347149705096164,42,1,0
256.8147000857705,44.57673181594156,91.28285290037186,31.105491195521306,78.83865561425294,20.36377934240763,36,2,1
121.23359699695943,33.91127876932726,84.03959284343507,29.446824196836204,62.14864709463865,21.562592537343395,53,2,0
128.57633000661147,41.67509822986446,97.24231046015552,25.041568118337853,56.10864904023436,12.449328273548819,37,1,0
128.25969499183617,32.65716147722351,121.66523552588608,40.82841433916391,86.78186333326325,22.18075776297643,38,1,1
152.17220491211745,29.41169754013851,87.88019907830176,26.93005954116598,60.95477091002998,19.232476183311963,49,4,1
143.274920663337,57.26972316680792,81.1444951953905,35.847253470359405,65.7927291316802,17.7610765433094,36,1,1
103.44819558702561,41.861454740422985,49.1125927446152,15.06947773045383,61.15025566342807,12.59419011084517,37,1,0
121.7228776609275,45.40323979819886,91.9775200686083,21.434001101523837,70.08762507133136,7.113054521229962,42,1,0
222.73517334776065,32.30253295696639,111.28996408094994,21.56403387468287,75.57017561713546,17.418926034289292,41,5,1
61.57299033010786,27.46048293602765,75.32321640115963,30.614019153892098,59.67981195512929,4.03173974071451,35,0,0
128.73119608315335,22.461378863090385,98.78519543447013,9.008343421427087,62.90666493113049,8.549334568445872,45,2,0
138.0786968217239,33.82653551477492,97.04683361487268,28.625986806575817,63.28534753913948,12.439372372535242,44,1,0
72.74135128916323,41.24932545303241,81.54676888575807,20.272410796121314,37.27858344429393,16.775929092715376,32,0,0
225.8576348160291,35.087486462847814,117.34788985995952,48.489386185618585,63.07409653371275,23.3559865136133,40,3,1
132.38308522010396,34.094385306422524,65.40758161125564,21.169020451870168,53.949363092780295,11.05381368143626,43,4,0
220.2853334589264,29.211792121948342,150.46746662799114,5.8744918208018895,75.53047409856543,16.937823264511096,35,5,1
120.41587415350816,31.133943919666894,88.54638379556269,29.56722715686078,48.00717578035868,15.937449878328112,32,2,0
105.43994117541732,34.58994001674291,75.13734708439038,22.192001161934726,67.4958257137363,6.682025711228325,44,2,0
116.3420711779032,28.11797561227179,47.03748492106955,13.765127403164058,60.021184210174724,13.618990021262015,46,0,0
147.4975283829637,28.964131465942195,99.03070841864856,20.38941086636052,57.85305452613163,8.688428530536765,37,0,0
261.992483831437,52.28039861329785,77.87311685845782,51.42711034464186,73.08069422041399,23.058902235578948,43,2,1
180.0273127582993,32.26342723514665,102.03311523132058,44.395979274301354,68.39182984011885,19.25176368291389,40,1,1
211.28520006125837,49.58498352963894,89.11451134150924,22.581793582982417,73.43765360634286,29.079618432486317,30,5,1
148.36402473329787,34.031181467805645,78.44512130139313,28.726423318788882,75.19729114343258,23.832312077543346,40,3,1
122.4534063198959,17.290482789077174,37.97132645768163,24.896150634245792,60.63183668807756,15.564314709589588,29,2,0
223.27939236999768,35.437688477624825,104.51576068171042,38.634140715616105,82.56815834517457,23.042053081360628,36,1,1
126.46158546232058,38.98669160339174,58.60026183784479,16.803598499946663,44.3589823652072,12.686615079875587,43,2,0
114.95292995747425,30.376965731239228,87.48665760198412,10.514397539574958,62.24816736691475,19.41609520175441,43,2,0
114.16377462168911,36.59531469589138,81.91890803561868,20.48302450515943,49.585687301354575,5.902563719211291,47,0,0
88.73618382606686,47.66511800327633,89.53589789660825,14.276928892556164,51.87530167707666,18.78243944051696,31,0,0
137.66219554294318,40.386060692088165,72.51128578258017,12.614854712359708,67.17931385822665,10.840712364526413,40,1,0
118.44325605974396,30.931583376997423,51.90139832271272,14.958049963884477,80.14113723359745,14.28356634547322,38,0,0
207.71423023271245,67.57593057912496,92.65771659855378,22.26585073384984,85.78015350090635,12.958489412288015,43,3,1
183.86215135689721,4.464504039441017,86.10271452709675,20.95287243853091,51.829045413597676,9.189833481793496,44,1,0
125.97505816731372,28.316150775271474,95.23088493012835,22.533354854526916,61.88670447509998,13.938308771176914,42,2,0
104.96417899809632,26.73987504183151,62.422530492912124,11.443460350970222,69.39029157499145,16.168513234457773,42,2,0
111.47284807588913,33.90366194395376,95.40590640309526,7.093729288451591,66.20997565872736,13.89203181986962,38,2,0
215.7858875029549,50.90962838796604,118.1570476981974,26.411736290564505,62.948179387403904,25.581078256998897,45,5,1
122.26540821075528,26.796149405632057,85.4367482239179,30.06736909646124,52.84662430905333,26.445400251262676,36,1,0
194.05919601408806,37.43049386566148,126.51000439442512,22.546066679622704,98.84881059032597,20.087295187213403,41,4,1
100.87099002500759,32.95333749070028,96.67028831436909,28.877362328087024,82.80373436995612,8.075123816560216,42,0,1
106.63711828922013,34.76651040800557,93.37816451855412,25.16996227441443,74.86159237018532,10.588143077031184,44,1,0
157.4659555243509,47.15907631132694,61.59478884067197,15.860554341412055,40.49922073475619,9.499336846843843,40,2,0
142.08429130924054,57.666838081074985,63.500445060777665,54.63013688775024,79.39267098552949,19.88361043386099,43,1,1
146.62707818033672,61.52606792679313,85.22522549390145,26.934069253216176,55.83054938005053,19.543536282176017,35,9,1
210.56119126291438,52.37990230254744,87.4594429633921,35.86851538784868,74.11281161691707,19.146045805772804,40,0,1
118.28793939161416,20.906148173970628,150.16612546113126,10.699131306765675,64.42616325184488,13.590539096202424,43,7,1
137.05547350244439,33.66814043285442,110.60200828995379,7.476683920275745,56.32136706303516,14.158190133444073,38,1,0
129.69465634588948,22.595098936678415,110.06634955512756,14.763933593796255,49.9079684756261,13.276785778568481,42,1,0
103.07286690018253,38.648244384910114,78.54033273947613,7.5054302698952675,82.18743357530849,8.918745848436416,31,0,0
170.56120051156114,59.4799000074169,148.5235600768355,4.897778589595873,85.9995322646741,22.031101843051164,52,3,1
209.7674284126014,55.56504314781118,107.36704007681942,29.61348231172675,78.41414379025974,17.42637512060697,57,4,1
113.30449335786918,22.17401402581411,78.97696204500997,4.401602920351539,57.96843633666219,13.428017701198248,36,3,0
111.92703073516006,37.07032359610785,58.89920851160663,22.630228172037608,63.10186516828704,6.54585654508787,45,0,0
100.89754841301294,50.847129212310165,78.85641474019104,16.23985016328176,65.43806653888117,6.825497855670824,35,1,0
128.47198131186923,19.92088304571794,102.45320410776284,9.613359014766736,51.0038134245421,10.553952110198123,39,3,0
175.05069279600974,66.53356489745435,95.80720013161675,21.437118763397194,75.50699525312201,15.61252455829179,45,5,1
198.3122243970314,17.573911787370555,112.16983297356157,18.330821986285567,70.15015313151213,10.596980482474828,34,8,1
160.12271899528088,13.974364268534515,107.34399597550777,31.980786170315994,75.43807466862624,19.656474033288927,37,4,1
148.24441110830858,24.40453714710531,85.61093132196565,17.20402653309788,56.58381533229684,6.03860077015681,49,2,0
118.40717217508569,1.6696970985725983,83.9672252742706,9.407043715895595,64.66321649183293,12.895386759118626,40,0,0
178.59969559975056,45.11591839763527,40.664938625185385,37.78682745725789,79.19556650003553,19.908853888178236,54,3,1
147.5599654548462,59.17967656853798,110.1977449584239,34.653840768191756,93.81839628632983,17.746943361020158,35,5,1
128.56614194415297,12.57052469513335,75.60863121841318,16.682819911499966,58.87029524050932,13.435639925650744,32,0,0
190.34644591421554,16.90491253604069,122.93925736510339,20.975852792558747,66.35557374124015,16.884387503172377,46,3,1
139.71459991359725,45.68182429527326,79.56775097617066,5.689686666592479,60.63193603850227,14.43714046566344,33,1,0
143.74772103129501,44.47796418457866,84.72457807332998,10.77335574943146,72.46164997877945,16.170986531365372,47,1,0
171.79127284037227,39.38640022678945,83.22474226181822,24.26868763912327,63.108383975387895,12.177791675102027,43,0,0
131.5926634642715,28.238875660401373,96.85140930643642,22.643982320796834,54.555989804210874,8.876098828622851,37,0,0
126.51592633164333,30.8298741881251,90.15491146062581,32.27362639107021,70.4784905688975,8.499163196885016,34,0,0
123.88768603154672,28.690741948738737,82.89292764725286,29.400694321418584,72.30484356358352,12.726460859177681,43,1,0
146.9738526879143,52.24185186090477,133.57147928697515,33.85821486432223,75.40322048824267,10.504586882564205,36,3,1
126.76967686923382,21.2415759350489,86.30402793584842,23.310674952992898,75.32783884768105,4.925657320346075,49,0,0
114.09197179721941,21.94200345115795,99.57444033185628,17.78377589967848,63.64711773208485,7.8968256602970355,45,1,0
180.28713867631768,67.79928008871448,129.31671957205927,15.956835833038305,67.37632158758156,15.02400446798812,35,3,1
146.35195071215918,29.556385444884384,52.37121381602685,28.0431028723668,70.06624631596515,14.909117503748638,41,2,0
99.86914869440717,43.78467355453808,99.57252144978995,21.18779563600426,54.33023608995721,11.935704455351702,41,0,0
268.5012415758897,32.40708662973514,91.02806253781759,22.641464240876395,72.82668525114589,15.24868403921281,40,3,1
146.3423013467973,29.45221639661175,79.22067843648833,30.113952010818657,56.23224530262145,8.052349491986735,42,1,0
117.63862946017842,20.77587015156047,84.22022521234365,24.05704492979693,45.25049320289662,12.092664320248396,39,0,0
77.5629020198281,30.07362681423567,74.82525257064398,30.9103961194906,50.022437208930654,17.27640410978395,42,1,0
107.84356025811135,15.21453063001201,83.40543290583418,4.644464516187885,65.67021832903227,12.622300451034228,40,1,0
227.70940661665657,58.39782520810877,102.02845928479316,37.462775936104094,86.96807070910893,10.593566053429527,37,3,1
129.6852737636445,54.62841184287957,84.92584710276508,39.00791174028302,73.56828825836371,8.559390966056917,43,3,1
209.25521010299968,29.554556405504094,116.85548060198053,36.9403261096794,93.8992117654687,20.176377399395818,39,5,1
203.61688245005854,37.739743145668726,89.22547439307118,8.939937986168665,63.226952840463824,13.435909560684589,40,2,1
174.31413852237816,44.93890744317847,98.04812219691172,41.941481480131266,66.00036566432813,22.01234703163487,44,6,1
130.9346713640276,43.33885745500573,84.03163683722963,30.74941685167722,62.578616172949594,9.549063299940972,34,1,0
221.1782992639343,56.24618213157522,67.7326352759012,25.178757156785306,57.21457955479184,14.766527000336353,43,6,1
112.66351176370625,30.46006386736341,85.82636920516259,20.52084670348303,69.9578351015749,10.796329147018604,35,4,0
134.27922751705086,50.01490581830255,73.49685689604476,21.09168319869218,76.23859511719101,20.60766429329354,41,6,1
212.80632747021937,40.6502796834504,142.10173278669004,10.516214932678487,66.45358770179247,21.8930852437479,42,4,1
152.30751378938885,16.810315016974894,89.3838695375984,18.49835334764864,76.88311811452883,15.686765192571078,35,1,0
113.5535906157732,30.201064668690982,102.26962792814761,26.061108120090402,53.9403701605249,11.115468833534313,32,2,0
144.34317041650993,31.796222726319236,64.60469566415156,17.523464882003804,58.73858450122682,14.43152133247904,41,0,0
150.42632103844903,43.45147620452415,103.84161925342548,20.597378430564255,63.26670921542168,7.225633743863929,38,1,0
227.6682998842826,34.48065643812675,77.91709086672162,22.66574833182761,75.37457507603477,7.873551551253815,33,3,1
176.65128160603152,31.8627776303056,80.84144321009464,29.889936783715925,100.40847379704411,16.553190333672582,50,4,1
128.07460180673218,20.488156296120437,74.03676955181334,8.134875449172846,64.92949810466969,4.360809321364293,35,0,0
119.51608787218167,26.581781797538646,59.23222970862505,22.571235714944375,56.74578728627169,8.79225009974514,44,0,0
101.92596278539745,19.930726390548557,94.815927738869,15.125944946633236,73.08989409729112,13.91053756403954,29,4,0
126.48718563443207,30.47825319784683,68.36590457843596,26.056898101061822,44.890754381830064,6.721085375403984,38,0,0
96.41920417680396,24.358038201395136,68.30289986393599,24.87332801078372,71.22771240233342,11.473623671346697,39,0,0
143.75358776923127,15.059622067102493,94.87889464830432,30.299802437165653,66.61185474816004,13.706527143907188,43,1,0
279.40759666715564,37.501913543837226,122.27724795964441,23.797357033323213,73.42655444100393,27.994074483083374,30,7,1
124.02319311745678,25.023274765709605,57.1460328399775,27.631709985606456,50.75591431770002,14.155354814148385,38,0,0
125.66575743092284,17.318631950246875,79.72798634737877,15.316322679036006,39.19717382757548,9.226680381592473,43,0,0
173.93142265691083,42.058601839845934,126.14270846301427,24.86686910994339,77.27471832610411,25.203777965878338,44,1,1
131.7338760295055,30.683715659676587,87.27101971953385,33.779159025522034,70.47176655002997,15.928461248660243,33,1,0
213.5787401807362,36.04509617368601,135.24946329739225,16.01901985318125,76.66770782835941,24.459451891465555,52,3,1
228.72778847017025,67.39504656664805,129.67780307535523,27.556001644624896,80.01217686020698,23.567841224520265,35,4,1
93.08040639506503,19.528424313097354,76.58161161851248,16.154549361590686,53.80128929375448,3.1712539282627414,50,0,0
122.52759159092824,47.110288091907876,76.53820771845916,14.03620128465018,67.07106160106562,15.003328437387262,36,0,0
158.7785799811657,35.23960512076735,68.04519996779183,22.073403103483866,52.825013979155784,4.125271447666452,41,0,0
99.9933735078885,26.001000098906836,81.85860224781607,25.011372912901667,50.34424993790161,19.025973126701277,30,1,0
106.44510058950297,22.548322296826495,89.22441848070162,26.382250867805855,58.92872782829324,13.951467334784038,32,0,0
217.32512289364277,51.67343842514826,108.57622360866011,41.73900931574208,70.96619996738698,17.488542425163246,40,5,1
123.59163563879196,36.127907415832894,57.66073603339673,23.041780680780032,44.571778509627876,15.120889898405743,30,2,0
127.01260198547118,29.745058714148005,76.31006992466449,15.201117999615464,58.176852992830064,9.787819969132256,39,1,0
129.78374260295328,27.828411928631432,86.70055416213717,9.577544207505964,61.06435416431289,13.201664398205075,42,0,0
143.34716323706323,35.14447144474014,66.77591189632155,20.51378098791033,69.01843100950988,17.139722970960147,35,5,1
142.19399683912445,23.961410687630455,80.09822986706808,14.743697438309272,69.3680567713306,18.976672544589178,41,0,0
128.19637313857027,26.567940731569625,88.13635954298152,23.65116612246755,72.19943199232831,19.25970364034605,38,3,0
115.17484690762915,9.14207561094996,67.865541606113,28.06549564148068,67.20357498393508,9.610938506905976,46,2,0
159.01731944931797,68.63813714252954,84.82669596914455,18.61217063023787,75.88488943447854,12.269893778763128,39,7,1
157.9976386979043,32.98797780321762,94.88942154469144,22.46372751945639,47.71055093528108,13.41936062228119,49,0,0
196.96267446073804,34.09838793249236,122.52786899444132,17.757749916444194,77.2380746026008,13.56951177118273,35,3,1
181.57788192962957,31.83573964705642,98.02783201990646,16.42301273132448,77.71900714832769,19.424088716937185,36,5,1
142.14161338573945,30.870164803923867,64.29617374839641,15.640885932973765,74.57437949370436,21.344584398398496,38,0,0
127.36736734289971,25.002779872841867,100.88129269825875,35.427746739125624,98.62630621445851,19.675426525652107,37,2,1
76.54660907971927,38.567374214704586,60.729083503737996,25.597651607433022,72.40383434605421,15.99911831807009,48,3,0
94.69617495380655,49.99845802485033,105.8601761451731,23.434230366530784,54.98659847343026,17.574996554848468,47,4,1
220.50549638576285,64.48724730821502,111.71043065713735,39.07611811046768,85.32220944261692,5.665801356262701,50,4,1
118.18933435391679,25.742443953484095,79.00751098180348,4.4600763871053655,64.2935071366127,12.109058030537899,47,3,0
126.63960661138029,34.504957237780346,83.88331273569058,26.625859529964316,71.60952690742562,10.935583779015131,35,0,0
272.31665002464445,62.6762897634558,85.30049797485468,21.274887233943637,68.45335463506167,9.451524543922918,31,9,1
134.18903634278078,35.559414516458425,88.92281560095867,20.0382049099692,59.17554040850847,7.986698170183873,38,1,0
111.29027258860313,10.95055545989361,70.80182161286005,9.306933410509686,66.87140306002979,14.831538057648924,48,1,0
130.26211596352167,25.66126537020811,75.13070488403088,28.46558424834334,48.74129172854876,10.477237243590356,43,1,0
114.80906644832166,47.22155097808195,83.56597591858979,15.336156295474462,76.07404549823428,12.10281952811163,50,2,0
114.47883770255933,47.478600750973875,92.81736743782251,19.503258842432054,78.24059536134236,20.428224675962646,39,2,1
132.30734968026107,23.961617025068133,80.3597002852339,36.18430839451672,40.81410576440697,13.25220019527488,39,0,0
101.29122595910809,25.52038661550025,68.74059767034866,15.074544891235393,60.10067008522581,16.586316245261482,38,2,0
141.71964232350064,17.851938641113566,75.50675883201211,25.1954697369855,76.98458702375565,7.605216739725872,44,1,0
199.8749436203039,25.716013289208416,110.58599867887338,43.70962760129293,85.41665585073332,13.767457715985293,40,6,1
136.1611559656229,27.69413601476387,59.37372150249372,22.731205350160597,67.51090543003633,15.020111174078592,42,0,0
132.01209886538766,50.58972279720083,89.99694637570542,22.212604846308473,76.29575775462051,15.786713742203704,41,4,1
156.76367353590246,29.47494931461348,85.81519818549269,22.634719933224396,58.47622502728823,6.3483296023405105,45,2,0
214.3205678120858,68.14104550919664,79.3982789019114,1.5605633522823226,70.55106935646991,15.481381725799125,38,4,1
113.01366407763605,30.430408708503876,97.3487247739136,19.636571488567572,37.40613742095814,18.864303785594068,37,2,0
119.61160788224535,40.22841471550764,99.04419893899764,30.578981868775195,61.96272338440863,11.603517923373508,30,1,0
113.93640434331449,28.09553814070783,61.32274136059871,10.811376074405052,73.12549194340227,13.933978807857166,37,1,0
211.7270275287471,46.76561127691437,84.54332538222073,45.731360220429025,89.27007339726003,24.383735070275087,34,2,1
175.1177147151489,19.923580900077493,97.72006894320748,45.45226445884819,58.0528964709864,15.510264725203122,29,3,1
98.92635161707292,35.793467597567755,86.27771838735582,24.88879384930581,75.8371754563954,19.3352989159999,42,1,0
173.62551071416374,52.79806527152867,139.05889107999013,33.13238249000712,85.5283465104777,15.816775209220122,46,2,1
165.17668950396867,48.150124620338836,75.48930555570195,30.659311085789003,53.66429358357179,8.241415446500538,33,3,1
154.2122674516385,30.989337870288836,86.09141028273001,6.917181469211863,51.814751943499346,5.35189048795786,27,1,0
117.91101562925057,33.3835744193596,67.78770115103595,19.4939513819986,80.22212562972086,15.178179192853252,40,2,0
116.62356553619979,20.07421993271177,62.52197000052067,13.061640476628119,65.2654777915368,14.025641365516549,45,0,0
121.40104326226363,30.20417167212918,58.09546347186166,14.876985530993553,50.56398284080669,18.496765310888257,42,1,0
186.7223922386728,53.99176029482556,97.67858379759033,32.896698121381405,75.3843041204186,27.26370362856687,36,2,1
140.19406072586483,50.78566260797179,117.461321326642,21.075350322843423,73.54656722252824,11.562659305710495,44,6,1
172.7398735145733,32.85164851365888,112.17968892984871,39.37406282469496,66.14857964911873,18.07442989887952,40,3,1
139.5039525956486,26.16125258669217,78.23028358088933,3.357011190510285,78.5383415750222,9.980087059970804,33,1,0
130.02188339879692,32.02280407621219,62.64505316503454,24.901553378976025,32.43537202909289,7.524613927474505,37,1,0
237.1543083125427,55.94729043401446,105.99589748326328,39.89599329590471,54.641009519488875,22.66676851032846,32,5,1
121.03471471831577,65.87881331519878,66.88721279659835,24.40774202044789,80.73454723315261,24.56344170979479,44,2,1
156.5628930672898,45.32833231747252,112.9264032627165,40.759341227007994,84.57012368253748,23.185842353109248,48,7,1
193.1642711484052,49.75428010476173,129.4899473514103,31.45758639327657,72.37729993993901,10.745262171623166,40,4,1
230.11370537709934,57.15040857759175,81.47521774822899,35.11555528522005,75.62847407669996,20.158152625902282,37,4,1
83.38734206287086,16.440296551400362,85.04874568188552,20.63029108706871,67.07058858401203,14.783845021214418,35,1,0
130.22405199049962,28.042147290314187,73.13473157481383,19.740943341487366,50.96796391104549,18.613760435303373,35,1,0
101.24307430335668,46.883228799767224,124.70863551513602,21.399975248776983,67.78017085333052,14.521440739655864,48,6,1
184.13752517232425,30.659121724749085,101.90055770544146,29.178633364459536,69.0541958268083,13.180846229237662,40,6,1
139.05749094405877,26.68568628718497,72.56441080137651,9.589920350031603,59.98928866462586,13.737165845262924,39,2,0
152.24556515977292,24.813332803787898,78.10003958978506,25.028320802359723,44.801319626244904,18.897673442439622,37,0,0
179.10884083265148,25.528441444692632,104.84900361271639,38.93347262608146,58.24931718643657,16.07492463398942,41,5,1
152.79929058742786,30.29430591677552,58.70850205182485,33.305822705460216,54.260653669258,12.781719664106074,34,0,0
134.84254982143784,35.166444459359674,67.13836355679175,22.386052194737548,60.092900683066944,12.717274004639213,48,2,0
121.50867277803185,20.18674063482535,82.9732599158123,17.480661239717264,67.25923611648402,6.2998699723853075,33,0,0
212.93119662710822,54.109335226525396,101.7068791104102,26.44453328809294,79.62129638551656,19.460037391584976,34,4,1
189.03046092447016,67.01775667495964,98.5990711254407,45.09546862612632,74.46887855665707,11.142196808127295,43,4,1
103.13506809367617,26.81153644505269,75.47400419062046,12.000465135025195,52.78559250169795,16.05156229614949,42,2,0
140.98535890887,83.98234350111873,96.24596788251927,29.841340815464864,83.38684549802119,15.366295377007075,41,4,1
116.48228375135326,29.200915473374504,80.95312856841406,7.505392215656997,60.63107121492024,9.881583804790829,37,1,0
122.46409613568972,32.0507533923463,90.54880742143921,13.539161711381343,46.67871045369099,9.811301583424928,50,1,0
157.8831665053079,62.49792504331505,78.34318942263313,27.962404865055795,76.84257571708699,10.937877671863834,33,3,1
220.07299414727748,58.370158524078704,61.49475574825029,17.417036147490947,60.910747435485945,16.761605655356746,37,5,1
160.0971664645917,41.934664100315274,114.54244962970986,27.82384577282333,68.02899387367057,18.725972606181003,40,3,1
148.71986029955852,40.64337776983276,111.58123145389341,21.961968199029144,57.76854026366381,19.618941794263087,43,4,1
123.89214910474486,21.639083297803737,76.81322445930417,23.943869655754927,60.30268671108619,12.100982516326532,42,2,0
105.15058828603904,33.08009902217341,75.46854438463092,18.859614646366353,47.862878010267494,19.020334423046148,43,2,0
93.59954977558588,16.971552364752547,103.81100903623306,15.563479479555397,68.63605506886287,9.988701124257537,40,1,0
107.76461818189429,34.520678382596714,85.9999482941541,17.114871984662503,65.24864991725129,7.2759799662762195,39,2,0
119.25926405903176,26.44025915614167,82.4878854019801,16.214656515159447,58.290899465252565,9.996034921078332,34,1,0
96.97647963685867,41.58343531314548,93.04999400588179,20.24978615061486,70.16289252295188,17.0150673990371,38,2,1
106.15158040252288,36.97974030130098,85.52746380258559,21.21676467671394,57.87765698384453,14.752963803301359,46,1,0
173.98718158912513,39.208308358707875,98.40301693024408,25.53545521744952,80.66516029266116,16.71403160313052,39,1,1
166.93215147254543,60.228313377214576,87.76789707590831,29.182633239685057,76.67068078156339,20.361809259447398,33,3,1
138.29689221317693,46.61975881087843,63.27989433286338,25.95721755787921,76.80821074622297,17.955666780718058,48,3,1
135.20111927379205,50.98221474546747,84.84870781300343,19.638114424373377,71.38698946694647,10.70695096245004,42,1,0
121.64879505869007,28.619176653385182,56.78645308795534,15.188518959491944,56.14599023503042,14.737972098787584,41,2,0
90.8489700107014,35.91136117923932,83.05915786273992,27.687650624663988,61.670431041691444,6.959968409390978,40,2,0
113.81581845900273,28.9302853014152,82.89484462659394,3.4038023868549345,62.852819511674944,9.570692358329211,52,0,0
144.5900525550311,35.43286960710096,122.23262948282104,35.510601242159325,57.31390923828341,24.4135104914282,42,5,1
126.3834902083836,12.527783330347443,56.52539159837331,25.728196154239733,48.26182002901576,15.766995421457484,45,2,0
146.8090089204629,30.94621044669358,70.98669236219281,17.941339841279564,43.241598354481525,14.11304304265775,44,0,0
203.44663201571134,46.70956002191659,68.97947636033359,41.926062049773165,85.72167473311188,11.678180315721677,39,8,1
122.30052158294835,4.934284294632832,85.02975884595962,23.085297281071348,63.957115324169536,17.354711896932216,50,3,0
190.2879588142371,31.123730692820473,131.5144090074753,6.835551430725097,87.25990473837525,11.863124135563822,41,2,1
170.3733930187915,38.24697162501235,100.37581022615882,36.22861484961496,75.71585478008501,12.74531234968347,44,1,1
180.31520738778912,46.107951516163205,126.45852320671064,26.961365705188697,73.0432646432763,15.585097903056718,45,2,1
104.96061336522362,28.93805909960247,98.67561512334885,23.1934232340622,41.54576115195464,4.6475697397646405,45,1,0
113.61892128666764,60.98299434071258,79.22736209369108,17.18565489807647,52.44966004089501,10.164932681335229,41,0,0
188.483734122967,40.202605831668656,84.79431122756813,32.31669939018727,71.55952413835617,21.47426938762702,41,2,1
141.52014277197196,35.10124361250075,78.27217506835281,30.382812193996138,59.55401328004777,15.150213627220191,37,0,0
139.36484692040085,17.494413485558482,70.17840152777053,44.76114874565764,74.62324875520771,17.96001299765843,40,6,1
124.45829784675155,32.49602575550391,99.99042563862989,15.237695196906015,97.90531528053283,16.819308999703583,36,1,1
115.9891558198516,34.80167190395721,100.68287786680425,34.44874916677123,83.32590495427222,8.806905503511267,41,4,1
105.83186466179075,25.8948151727027,114.58455256050783,37.092520097308395,56.51691604955994,7.844106065140943,39,0,0
89.72571214774345,48.18898532200325,64.76627930524182,16.723128263426666,61.923689270375114,16.101626283005146,48,0,0
144.28849938032465,42.59160585747304,101.44498268472405,19.76265554722182,85.49705612051528,21.069154032707324,42,5,1
88.31728113989021,31.367466473992305,60.32684050944498,19.75278198283573,49.82508937111922,7.440274912256418,41,1,0
125.34253302022967,6.957880640560333,82.36019851509616,14.378407934966583,58.86403072365252,15.27152786682988,34,1,0
130.17450046459868,26.389907767474302,94.64759883594746,13.545628669758013,49.89003039923993,14.296656833455406,40,2,0
206.19902336886759,69.58884775112628,121.46733164889945,38.87308962459746,87.4732967067671,4.672598995349254,39,4,1
212.4319458236684,16.158423419064956,117.39145037306842,30.347412335390242,78.4872563671415,17.61440922942234,31,3,1
110.3387789663312,41.032175720536586,71.5518539893607,33.60508861164294,68.53060456051611,9.033629443623774,39,0,0
122.93586023971099,44.419424019526005,69.47064052557317,20.388173346103894,71.27924985516827,10.503581889744321,43,1,0
145.74007050363204,47.327330142980344,94.31624235690443,24.69989241220034,84.15983341719777,21.148882218056098,40,4,1
183.90681506993343,39.02575449686177,131.35583019591328,25.97242710093583,75.82110373449484,10.354815117355182,50,6,1
114.62938704188335,5.646876682171115,78.00081927156266,17.990424578194936,64.92523446206357,13.781916698750106,39,1,0
102.17615549169426,36.84163208608955,83.0822964134003,12.706791472658422,63.27818715815984,11.80072667637599,37,0,0
164.68731241548124,36.315723639766155,117.79713903570989,49.61104291291467,77.52341476674275,9.844265691479013,37,4,1
175.05084214900654,31.554486782622288,108.41533125037172,13.399318505943036,81.45641806985354,27.90312541852784,42,6,1
164.09281225541585,38.26956476070774,102.41217095227157,38.259522089259455,95.75744864947492,16.96678701252444,39,1,1
132.6387776710976,48.51388896685148,113.24613793295936,37.43009694050077,65.10692053603984,14.851025271366147,42,5,1
117.3748606581539,30.337190549010533,84.42793052238254,22.013774305730056,57.321605674316885,14.345636039879608,42,1,0
121.53703765917537,32.68593581044298,85.92322235003867,31.72590957783158,34.46368984351402,8.30633750003858,38,2,0
178.20427879509853,37.587149653996306,114.45993869248646,39.34274017636547,84.85441379702188,11.12359234735003,47,4,1
187.30004122396855,49.25766850954105,124.7547621149845,16.180372150129955,81.65840688257386,14.938501261628819,42,9,1
153.19539198183068,59.43753887929948,77.63536121287937,47.4976650588083,64.25173785965073,23.081218408105514,36,3,1
226.86871658864638,62.483923427161926,116.438429648318,14.412377468618583,84.0786348084298,19.727965874562,44,7,1
98.19201845114307,28.909765800365363,54.679485122034826,28.072187889183915,54.460653161577575,10.415461118537742,37,0,0
148.21864759492541,30.343753090264602,70.98878104042149,17.8531824913565,67.2936979512975,8.265463133642228,33,1,0
227.27564371839847,47.86686350754588,83.63995630516507,49.24940513187056,73.61451219372972,28.84934405489489,43,3,1
199.23632370995583,27.754387906538913,102.46037347053512,26.917433702466134,68.35882504829736,19.0715315930019,51,4,1
171.8990309174068,42.09585733446738,88.98932063598598,29.680661099491893,85.67831386381121,19.33086688998577,37,7,1
158.86811813348083,56.16879597709695,87.66539780087197,44.320786039045636,78.43654179601313,19.930328232094794,38,3,1
221.44350604185024,54.62920694165552,108.66368134543086,26.996818574345273,96.18673413152712,17.145066889640653,49,8,1
125.74248330403648,38.20553502887897,74.69211555769844,27.19036351770002,47.67545609169774,9.095983587015995,43,1,0
107.75125250719124,31.843090640781035,112.48282178309836,11.545576243029224,63.670467929299676,9.504343192620349,46,0,0
127.23007050412204,25.799722727058374,95.81930942730978,31.44403995812243,62.798118543023556,8.711989919540368,44,1,0
97.12547585358676,10.953253065345365,95.37161168422593,26.31235281558199,64.45042699894186,10.44842470026312,44,1,0
122.17119411553047,44.44412195055087,97.52870546410072,19.505562142436183,62.789230971674435,13.477579444079767,48,1,0
119.33540018711078,17.723200355439428,65.01768695998926,18.958892885278246,67.29843035114983,14.727924677290586,37,0,0
115.83766285454921,24.08721990630294,61.66453077519141,23.36427850674016,58.206719721269685,16.367053963666574,45,2,0
117.42924977122138,33.58344511076003,63.39694562698915,30.645958624446457,62.01785107370954,14.09681029218871,35,2,0
82.36301909004722,18.034420713833136,100.01759200006757,20.711254030830077,56.02259715754468,4.1833990386846365,37,1,0
109.02550184518077,15.064902217468566,71.79212316676264,21.008216313854582,54.155007843780496,7.770781649874746,41,1,0
121.85689802282229,8.76052417299335,61.2296572664107,20.1268293433811,73.38249630762076,11.367623852563234,43,0,0
244.35123422937494,68.89446144041072,101.42841665162186,40.18624510033811,67.04412046474744,14.59282111649151,52,1,1
99.44649718148084,24.54813755273678,76.42091702428058,17.417818279440834,68.76759989154264,15.445673439505029,42,1,0
145.31415681729402,59.2727009247333,84.02619910541843,19.793446809666502,53.794591245543394,12.172736704867091,36,3,0
102.67650303570998,20.056449343691266,83.76426531068064,30.244049579826964,52.49961822356879,12.202829015454697,38,0,0
174.00237123683561,35.240150679957075,54.33522730769921,40.99415601792937,74.8587859461164,20.849519242762828,40,4,1
128.5438872374337,24.346070297145985,90.28484588770567,27.959412020318656,45.10390387648997,10.979913044875193,34,2,0
159.01350371732786,75.03641201467195,109.37062513810248,48.331141483984496,81.62409972378934,5.809058662067155,39,2,1
155.50621785219025,25.297966612146887,77.65585494942435,18.5629523486004,51.508603534870076,16.503328716047,33,2,0
96.1272633648704,36.123322140025124,90.30161105755033,30.391038269081598,57.78601741814905,11.664356404863987,31,1,0
138.38308347220004,20.214116100113458,70.37267894083487,15.265621989655182,51.95862311839311,11.879149092862866,28,2,0
140.01164636085957,16.18408281536419,71.45972864628294,18.94090672161205,76.0111868563927,11.865658380931242,42,0,0
173.9480311906991,32.17356788386193,53.491596917206394,33.234523642603904,79.80367311785784,28.568415299616692,45,7,1
124.16843191230059,26.909664428878216,95.25375531609563,24.331965479041823,71.53329102799142,18.173439559954765,29,5,1
203.653969670336,31.710438991533344,120.55918004515595,50.72598540762519,75.18465077401522,25.871956742352584,37,3,1
125.77387258559715,26.99019687606778,88.3361326706434,20.788456772779483,68.58663439077574,7.2944725819379475,37,3,0
125.20643677542441,23.685629725168166,110.81138662153963,20.326772139133727,65.42985202391105,9.383118954688964,33,2,0
161.9220251235249,75.81290761884105,108.42720508613417,49.5532621614979,88.38156302199378,10.723709545206896,41,2,1
136.21616546319564,42.28030209608135,87.08959644485017,30.790200363825775,57.55904437841458,16.121266781894686,41,0,0
135.86977441104426,26.651970125554982,87.96202375509094,14.007405895993621,52.517253452223045,6.386003932006048,37,0,0
85.02936053523638,12.060788868080369,63.902145888994255,20.778879634172426,55.79735968841172,7.629192547011656,32,1,0
146.08680485756304,24.33294891944947,81.73395108019862,24.71973815897336,47.90034971332824,13.111371237887392,31,1,0
150.8615351327863,29.736228341799364,77.41871156335397,23.55377868921527,83.6880270600002,21.518571009954094,49,6,1
192.78098683131822,57.90273957592735,98.66797945956053,32.0650562514583,73.59373159122553,20.384603843134514,32,4,1
246.14469073969138,57.153900665630005,55.51231782782263,30.89228286874749,50.69956422588307,12.032091420172762,31,6,1
98.18067139569604,23.465371042751926,85.69549516125669,24.665797723878413,47.51418310900235,2.323483447696976,46,0,0
111.78371424090831,26.1345838410224,75.32799207651198,24.71638184035382,62.06816361791404,12.326570937684638,47,0,0
97.88590663028128,23.644589011844435,80.87913376057689,13.505999954009422,53.205804390571096,13.449187214586214,36,0,0
115.70157939422529,32.08322508625592,61.58257150914512,21.34959154754388,62.905803478745376,10.469219435668785,38,0,0
113.83931431628517,33.60368715904861,75.2013908299563,30.21412695932084,70.81580728364781,8.597104037813619,44,1,0
120.92300289872395,31.470110258352037,82.77423795228198,31.99982199863687,73.49559616802989,24.04518841493124,44,3,1
150.42514370163855,87.36330639592805,92.87145758949842,39.5740984523219,74.81863691896862,8.322894391414987,43,5,1
147.91367621579911,20.199376981593858,79.68618443925385,18.302384853317847,51.65805906126217,19.489794643234895,42,0,0
218.00063314678582,36.11301816929229,96.10420757433529,27.187063473304306,67.10133307499774,21.634117266775156,36,7,1
189.720188882176,49.90608562316768,93.8938169296287,28.814657659711358,84.77187421689332,17.70237293304732,36,2,1
86.331236155581,21.825918655856604,63.35816666830671,22.11254351457011,43.496454958454706,12.358842276477265,34,0,0
172.1487739444825,50.98566210969789,87.52806239334721,38.99829496132957,62.96949645594085,11.35680121284601,35,4,1
139.29703266194915,5.963313988994695,80.68941404073401,11.917541357806904,61.303572026571096,11.916851264436396,49,0,0
152.31165647096464,43.924559414830675,76.3612544556531,13.835754781528454,60.84888241526667,18.557188540829102,37,0,0
95.31302256240156,36.72293408040402,62.01193512356535,25.34931331294895,63.77618406420093,15.474616233746513,38,2,0
144.38728607920513,44.14408062853266,101.6072465192606,40.92055411438802,92.69632782414818,11.95039345280193,38,5,1
119.47188486082146,15.212228761537144,88.16689804291194,29.67703338633803,63.385944331158626,15.695897336670381,40,1,0
125.60322317639213,46.72265904097527,63.58258458747656,10.589577966186138,61.93655316631493,14.182442653523314,41,1,0
103.80792960156708,22.626200965020416,77.89586621674357,25.98239117385492,60.55739773326368,13.585110159547487,33,1,0
128.4812208892818,21.65815151267376,74.967262519504,15.35786336933497,66.64763089724363,15.922253035966142,45,1,0
185.72195079515808,53.76786077756152,96.38385109825548,41.12060680033157,72.39136560700194,14.337046042367799,46,3,1
213.98447954064852,40.97791291137355,85.70671766318014,46.71354084093128,70.90001659656289,9.76005432143507,40,1,1
130.925684960074,27.72280385164247,98.77921181769736,24.94246864898801,37.95517949119676,12.645548198538036,45,1,0
120.12844539621875,37.15493096769485,93.73735672396407,26.714773635143267,49.20838183095508,10.983496707239587,44,0,0
111.27228218946863,16.009215718155247,74.55236661900776,19.313782501041484,57.732392033498556,9.807348484239405,45,2,0
117.80780392148338,14.797132077593904,76.75371932542443,19.432504812943826,66.72612891089842,9.330761578116165,35,0,0
118.2327408158933,34.509626347764765,77.95366774583576,23.249846202650552,30.047331092003837,5.57931823023387,34,2,0
112.59977940235744,40.06730071227065,68.32537170490245,23.975961776669692,59.718756760581655,8.352240212753342,41,3,0
114.82407874665795,14.28847648882117,73.34855872647447,28.233579947309703,67.92395039415734,8.236585881671274,35,1,0
208.4219640919114,43.191192172897956,105.58480202442,21.87415485744733,73.46245902696262,15.64462993585446,37,3,1
197.17363291206937,24.898126565178213,65.7964979721641,21.725232487381703,87.51651032203658,14.672135351723947,34,2,1
114.09039363941679,40.91805339074646,94.19927462495656,12.523829368761756,56.99164713044968,11.369752177784891,41,1,0
133.9390880902147,29.297796384823833,94.01982061004935,19.643404046556178,53.83851871107372,12.96706755953724,42,2,0
174.7975882578552,28.122208474032576,75.1425682787373,31.426213926688828,68.34399750494318,22.29133960849051,41,1,1
143.46249275173284,28.48032617683961,63.240094866031484,19.672753822681084,49.68173449271565,18.350323651369465,31,1,0
142.29767976832494,27.39190010540957,80.45855707717197,36.71259666077354,77.96502786824887,15.173321858452196,43,4,1
244.59115162839407,61.689514578049526,95.14667077145755,16.196101532759325,81.36587758235848,25.79691598909057,38,2,1
128.95433851620555,26.120350310925478,61.12603055949069,5.338937312995679,61.316153732727415,11.575202512903267,38,0,0
88.58247695863001,28.238664964490216,89.54829810309897,19.081738920146115,64.91586507590473,16.54613942309907,35,0,0
123.72739962009847,40.82440548588159,63.84820701637085,27.96701755423195,78.02795968046011,8.085695661274466,35,3,1
96.12149987201889,46.71347575437476,95.92724968984598,15.26843634637321,67.04338601147596,13.898335278775779,40,1,0
122.85886189527413,20.986243201028255,101.21043703342981,29.257839239821628,68.78213998154995,16.931637496247518,37,0,0
123.3893123230325,50.02581527868257,105.07367108596193,20.323435717114787,68.11122343718354,10.715612861564527,39,2,1
164.62600292385264,29.13298863851791,94.51897923147484,29.91783857497162,51.45690349585637,11.30958700953271,31,2,0
132.76102202881515,42.5761905635936,69.23220178468947,31.3669062098848,57.68624042509961,16.71489634634249,38,0,0
146.20234245626014,53.13304510363573,85.64721724778919,24.344472375975762,59.401507111578574,20.42850515397817,41,1,1
83.97884531694521,27.650757284790252,89.81582201091145,20.646670212992788,53.29909426181966,9.057877336369673,37,1,0
109.14652400531956,21.0648490748072,84.34866761056495,17.202124564148065,69.12023670988306,15.989683752497402,41,3,0
176.50258684891276,40.880343759505536,115.47754346885645,14.09808676745702,90.47512343549711,14.703745388359636,45,5,1
107.58304803497768,11.265586960453831,71.91822743228917,9.8875112285211,61.86161955581734,10.676705909103182,36,4,0
217.98378285457954,34.663323034173146,111.48772702267752,24.133842644402478,75.73503252408464,9.642110293948857,36,5,1
177.62339274910025,52.015351557883285,90.05260933719474,23.515851910411875,54.618877089151795,14.149793817464897,45,2,1
80.41400379248424,42.5228366195664,64.55583543365898,26.31874699889474,41.34160244796564,13.555834144161159,33,1,0
134.95820512235068,31.612995426626952,83.40397915700372,22.265427307590844,60.2846894043841,14.647758336283198,36,0,0
98.54513948520386,36.44123767850109,54.216043805692294,19.85067332858239,69.79035825467517,8.868227682910462,37,0,0
124.78493728222298,30.819888138247194,95.70431801642314,31.778640402536794,53.568460027988884,13.539402258728808,43,1,0
161.48165339499946,12.476229048590032,80.69956049848949,35.037674413703485,47.73439420098035,17.397892421046496,35,0,0
166.54452218355456,54.01099522718388,101.47773872249108,25.050898045096982,83.96021827313615,14.773025589280195,37,6,1
69.39424954507341,36.72389337611382,67.48439581557318,6.000094077827962,59.3931456679808,13.799635555324912,39,1,0
114.27991556239779,31.66655817359844,76.48131455571219,5.312687757101589,50.91347718084542,8.68212906167885,33,0,0
132.8252351346953,49.7058477434536,87.77622995499428,28.49651633713733,81.11393833986634,22.704573578234992,38,5,1
159.16694908441187,34.03274563037172,88.2160846810634,19.670590214579295,55.213036189920544,16.047622334999083,43,2,0
206.86124686916213,54.12400749516284,90.16466774687595,18.242655533330385,67.05314305601252,19.887082462816178,49,5,1
129.93398446473043,22.03935862279366,67.30940491058549,7.465443049303008,59.06378680929389,20.83851460876345,51,1,0
110.69379086439893,31.029173905232373,89.85348059479472,14.727677610480736,69.0786063770449,16.426501236549136,43,0,0
210.43386617245912,65.4025219624202,118.13741069220569,36.883470370380195,81.85930452968539,16.47168726008465,49,6,1
182.40343978460655,42.15459759821389,92.48143509057287,36.651060515214795,89.74221127697895,15.110055293672556,49,4,1
195.53248021693798,57.74376796569926,105.22369082559257,41.00799805422717,60.124718263433735,13.108318023653265,51,3,1
229.98019602824635,11.721450510733504,115.83490548017444,17.40704448119962,57.02061828810416,9.516185199557318,35,6,1
126.68890410081401,81.28166668970195,88.56194300380152,34.01058307693633,103.07995586318938,11.267800976262501,34,7,1
141.71572649878695,42.445651603552555,61.055555946990154,28.45826300163063,70.47701568877609,13.53276154150931,36,2,0
121.95966306941791,52.31498911027749,51.332610121092685,21.713492337224498,63.6516063247517,10.399455746789759,40,0,0
195.16612474904497,15.41866460034273,119.69185789791594,25.7139776305129,66.69682991258833,9.706284575183819,50,3,1
229.2088870260315,49.32042552458234,115.81344637381457,40.68704980134618,80.87954771343259,24.252839355811066,46,3,1
156.12102853115704,23.341116793893647,115.74552586245828,26.27681646429516,86.52073049641827,19.345076909122753,60,5,1
113.1361544900518,14.555661517517557,107.46765703348831,16.338269851808526,73.4648059555603,11.782302798514777,44,0,0
132.43143779712102,34.928839718518695,77.10527948358965,13.934006119021525,75.59741947283963,8.717658816584223,34,1,0
216.53894928069627,30.87895246496963,100.87816603754314,26.05909521019423,71.0790649207069,8.110501687721827,37,4,1
127.54200787804373,23.98873447331153,44.85441347522239,43.00006599577289,62.497360678638124,15.115728722082043,41,0,0
197.12744991242306,57.0836205420926,70.98174142811975,34.45396772114286,77.77687621532898,17.331203503323504,26,4,1
168.80026792502082,59.637350059328455,83.50078626817518,20.674406115532946,80.57953974607317,22.71028213747687,47,5,1
118.97212552823028,15.052438535503558,99.50938101583938,23.981387867376142,62.8483969535545,8.052905527305892,41,3,0
200.6117728649787,23.767138996294403,125.48127167032298,32.594788230864765,59.58701967653891,6.766529626528454,43,2,1
146.628727598615,59.66808408316707,48.949196959585,30.187961919854917,78.75018199434673,18.57276280535297,45,5,1
101.88535398274762,22.83426511575895,66.65232843588288,32.46447019634395,56.80487550080965,12.00328534711784,51,1,0
202.82028833418065,24.153297852109965,40.125867946787544,41.79538267607738,68.02827583110425,4.848088208853516,40,2,1
108.08677411913015,35.30894314215949,83.81191530607153,15.972638423698445,56.40023826419099,12.83011311145369,40,4,0
155.54459010445487,76.49111280753763,90.18102100536268,36.292381802952406,63.46172775204943,19.867245565036633,35,7,1
77.28651572042608,28.768635646477325,85.87821893368377,9.995131842301983,73.96465700455734,14.499681856409428,31,1,0
170.41992311913,77.38681731904938,107.93255878442915,38.341005719100686,43.6143724799538,11.00682366254213,37,2,1
141.12113618132105,25.543496969700055,89.76001443188129,30.873482893391262,67.97252298540033,8.241537674883894,32,0,0
124.4647782825832,50.53818690086595,86.38866450652117,20.278596178812112,44.60945078429532,7.803140923971341,38,0,0
150.73473044365886,35.54312318721784,100.35664509059515,15.830098603190091,73.59883054432434,19.521409368827076,35,3,1
125.71108149715315,51.05297429458312,68.23518544549617,22.520916658942937,53.6297439012714,10.590189185848569,43,2,0
130.42244856758677,30.348879470894087,90.3274396184235,22.92221321954216,47.823286223935156,11.995099846766982,29,0,0
210.75358703875588,56.02903964962481,80.19972572193721,31.520157778377794,66.25765348534219,16.702758493300045,41,4,1
155.67093970220964,36.612542474111876,83.49805400108951,25.527548952126928,83.59039604596892,14.927822914444318,41,6,1
121.79161362510497,31.25901388394959,87.51693914096865,18.783296046714405,50.00813097038342,15.336110274905323,43,1,0
192.4443996457278,60.4537454095435,101.5577145396135,26.071561092327926,82.70750392323961,12.900744449295583,41,3,1
116.97453432692977,42.238559185425935,79.84691599413601,25.153592116155888,58.12518512508718,10.086533133648247,42,0,0
116.10183439294639,33.37955554145025,80.95075088956577,13.118277969990956,47.95913049828803,9.682570026619203,44,1,0
142.6754019373413,24.077591551871855,69.07414530137436,12.925865777889836,49.385270270763726,10.759420019957282,48,0,0
164.11218735416048,68.96095939832435,105.2528397574338,50.603415438368316,88.02226699361233,21.6962663820769,46,6,1
135.90921038176577,54.6703470492635,70.99967287664934,19.319528616337596,70.38501067535745,13.777219680083736,34,5,1
193.90246455214208,35.17845336564076,80.68058150776928,32.92035721730908,64.42630429346686,21.90321893386561,31,2,1
183.46790797657587,37.34087251053631,83.75661056547341,57.48782415910065,62.93144423492974,21.31796494602821,41,1,1
119.62582487108205,34.46981717009852,102.72977141485703,21.83063017708081,58.51444585099418,18.537097943906122,32,1,0
112.22963093822229,23.6141417485497,71.87340145982597,17.684326363344095,61.30151061985585,10.803219399322714,44,4,0
142.48225439972026,46.533096371785305,105.11406149106695,26.16340522156892,80.18096732835487,10.55394709157253,44,2,0
138.95052924245715,36.23087347889095,66.48618322168771,22.331409045469332,48.12398882622653,10.368404301825407,37,1,0
104.54244664352782,32.398577458492966,64.80971654947261,17.793052687834994,71.91235195180742,10.723342067127325,48,3,0
138.01378004360237,19.264375220428057,144.7394215412326,41.322873748389384,78.93564468566679,16.55219386979213,38,5,1
100.56686530917428,20.015591471232817,73.31307029259774,29.20533641666941,68.54317339173784,13.0839528587488,37,0,0
92.40763670422139,46.232566905280535,72.44416494755819,16.012589464175356,72.91747850732631,12.116416268593646,38,0,0
107.4656555082007,49.91370418416905,87.88905920381976,22.818598871530128,62.80574965958619,9.96034199264691,47,0,0
135.06023867041608,73.33918193255994,93.98129414059734,26.434575713572144,75.91322899762305,16.82724205568143,35,3,1
189.715280526011,48.572569592094425,112.85434305262967,23.06303507535596,76.50159588923613,9.824398321503223,32,5,1
130.26170840194587,24.30851801327466,74.10910642361273,15.418045408829887,71.32842211712895,16.6663088222936,39,0,0
134.50191573695994,22.028864337750193,74.42806968368473,20.77234803211563,71.05313901493288,14.23249605233358,43,0,0
158.0719880733291,39.71868378819178,117.78526849517951,17.77774280408046,66.83134069058755,14.91810590730697,50,4,1
107.17036809554095,34.349410383678986,65.28579909479946,13.440951131277249,52.83805486386673,19.42566207130534,42,0,0
149.01540119925673,53.70851530553422,134.246093748752,28.17076701587409,70.04707086934141,19.796471628104925,41,8,1
112.43267848130954,63.13845970835907,89.54958141180727,17.56326885811158,89.79440149664057,29.10692437211469,54,4,1
135.0858265962715,33.06389482073414,82.87176073936028,11.805362288598678,70.24351789859965,13.569090106602193,43,2,0
143.77826742949287,20.01693224708945,89.9325313092125,24.16726301524865,55.70323872925405,14.504977064253271,43,0,0
210.0439781802924,58.62033993804287,81.06034468765304,26.40244983394368,85.82989986669416,20.41130797876528,43,4,1
127.02896415083165,38.63528242521521,97.91321724520988,17.914732586795285,46.91221695514044,10.860276725427289,32,1,0
141.40300476632854,31.71469317590391,99.5165309453614,24.328025123174957,69.8495010300585,16.401567296221863,41,0,0
96.88752720575212,49.90491769905147,98.54355134819316,41.90361419752066,91.52839894537382,22.01278479519159,33,3,1
167.1880878185343,32.47313244041647,116.76028109072621,27.17206789890675,79.54024763223273,19.26038167774457,36,6,1
245.73512623218136,69.79369576845633,97.98608254365647,36.54688493008145,95.56235675208336,19.233927995578306,34,2,1
194.4259156574318,76.16666377797667,81.07372354504407,35.65200217084599,55.5609623617388,21.229375870982494,32,3,1
106.49643450051236,18.859186417669125,69.82257904269167,18.430313311162696,63.2183519002277,6.569470220204372,32,1,0
117.10962658568964,23.6906916626221,75.41750805419521,18.524156969417938,52.18642304383054,11.492842993336234,36,4,0
180.72067488177785,42.41437563819507,93.44409888245073,20.87674485933642,63.7617618503341,26.552435594237593,48,4,1
113.8407694072192,24.520041812588623,81.6562707041918,25.665176327519106,54.09638308194669,12.274605828297135,41,0,0
82.12770666092429,27.858496892888112,97.95767797192869,37.364556422585,67.49555037445128,15.756355774524522,36,1,0
203.70269095389324,53.5573099629536,103.60992112156163,48.18464378381593,67.14978809087606,13.986033405361773,38,3,1
120.02410950724449,26.788409612942974,95.01230746652621,19.405233821782968,42.78952874370337,8.760332572843273,36,1,0
103.65822737863618,14.143742932304074,68.27491891479669,10.675119643063468,50.17583759519063,15.39549532114019,34,1,0
133.1849133686481,41.4006784649516,67.28559181254674,14.333032385372993,55.695852913127155,13.47706213862476,38,2,0
138.75140275253116,21.629098663849604,92.2789192751482,33.31339204063751,73.68189023748577,7.257615968902163,43,1,0
87.84880271262051,29.412795728953714,93.82904567011425,16.345759971107704,69.01143630529225,8.796636335348843,37,1,0
104.74550442867572,34.46536506940711,92.77114905143982,33.43496910101122,76.23861412322142,18.258324964229658,46,0,0
104.61715300425404,31.99610418402783,60.26303887672788,11.296464175240768,76.53635216029858,8.301779122122735,38,0,0
187.94720038189627,44.16221726020784,116.93542218016489,24.27524976188409,62.44379957175096,12.849050398527236,33,3,1
176.83730632541776,39.339202238066854,100.37998164519742,42.56221344441359,81.27565888676334,19.890545659294222,33,3,1
116.12347722454393,21.38690420302892,80.62312760845842,19.553750548245755,55.88720075669462,11.987296572931475,50,1,0
160.76664841952083,34.00610942837197,112.3681443148827,18.511598803841366,58.92875621417639,15.995200566939832,39,3,1
79.92275271186493,31.94333463338233,86.87476908688163,23.15539292030386,41.58505290663541,3.5960751580016055,45,1,0
132.70836060418452,28.52659773378494,69.27789111512794,17.085793198591805,59.85252281983158,6.149130658290804,43,1,0
176.47635023883706,59.66771346981497,104.2545224238357,39.944102812176304,96.85160670319476,16.292012697388376,49,5,1
121.19865260532657,32.49450945930072,103.17262193627388,17.7665595615071,59.65828118465673,9.102769744864478,40,0,0
123.05269452464307,36.52111891184394,110.57269630669118,54.753138009361024,77.45986976770692,13.919606212470075,40,5,1
147.21317191677304,54.92183998600687,100.4151005715466,13.784259443788649,54.906549036692915,5.575516476527501,37,1,0
211.34358659194427,30.739639598771173,123.15039211619916,27.565189303670998,70.96415553804574,21.75723336979347,39,2,1
59.60975688358349,26.822391059826042,91.48156241562523,7.202845504510021,69.06648385809282,6.495115118382695,32,1,0
167.2704988902952,42.94515633459086,109.82548041452566,20.251156953609588,91.50214869128692,28.18805810931752,48,2,1
156.01022363021707,40.715159355810385,83.68248022691469,17.599040420784377,62.92484187942296,7.742488943048144,43,2,0
169.6079943692995,45.898578851946574,148.97173976348114,25.112229550865933,64.27897096992858,13.66231489658969,38,5,1
124.19318830549251,10.344441085234948,54.43067062734326,25.178315034880885,57.68122024938767,6.642031348119857,41,1,0
110.16727628735906,24.128847293798525,78.75299711417759,30.39651608902982,50.39989477812172,11.511761218523906,41,2,0
214.48894047547907,38.77625582819509,108.62567633772596,36.33066547497227,69.95713110162028,7.36824177459577,37,3,1
100.52907600591062,25.751686524743615,94.18450141351444,23.512964345519237,42.58508343385904,18.39828048828236,45,2,0
133.95385053788522,66.17035292618438,97.51398122243002,23.27781127447595,59.25646145560654,19.674584023329263,40,3,1
66.43685362058292,56.78018404515424,98.42494227510718,42.556775257411005,80.59763629123567,5.042599934144047,42,1,1
141.2041981499776,15.731734232186575,50.347676465786144,16.34718620958296,69.62607274076652,17.897251757166902,30,1,0
218.26812745542634,74.7807059289044,85.73378199439577,41.22141733919524,73.29418591677818,18.947876236231558,40,6,1
127.84831934357534,38.625434846151705,75.43482693419072,28.572471118506225,47.681313118669195,12.878285424564307,42,2,0
171.13946948191506,23.94662055654506,53.27860789957474,30.517178848131874,76.7718220864494,19.62386931755978,36,1,1
119.48851375616012,38.20232398305984,89.27834535466887,25.917845897474386,69.28767535075775,14.254537301772476,31,2,0
84.61848190221764,38.17306203738326,109.7851461652226,23.750998597420466,55.61921351896463,10.03023446431495,44,0,0
188.19035529607137,41.96491639694869,106.5382172847835,31.896479548748978,70.81469686791758,23.51736328117695,40,4,1
210.6351311792246,42.251321351860774,97.97184340556272,40.325388983011216,74.13824228578758,23.02712276860683,40,3,1
109.51823204130815,52.02013924659616,76.1116728049386,29.05672383570308,46.794037102534,13.109491806231528,42,1,0
191.9859075134939,59.18894377905568,116.1972396974175,27.37183157473885,61.96856719705758,16.808512059649058,42,0,1
103.55160135235599,31.09571580077858,67.57559359477402,20.874073271368353,57.76330725802084,6.397910435877151,41,0,0
142.42061334648943,25.835615667519747,81.80297838119083,14.522210995714886,41.377866735511525,17.99220113814638,45,0,0
120.00414129836395,30.019768447558107,86.762185044977,17.802334691588975,53.011338195580066,9.354183560196917,48,1,0
119.8139935772277,45.32873355636312,83.14529095361732,19.676866392210197,50.765995274749194,15.948948953677029,47,0,0
113.44210566974164,16.549855160693312,86.86312901007172,14.519934427917562,58.340382685270754,12.703014606752342,47,0,0
123.10381367717959,21.389503278344243,86.50621414022802,13.276871322112829,56.292490161923524,6.826197909080519,44,0,0
150.47771665354435,28.793890060822473,121.50781108832828,42.849797147621686,50.145071190677136,26.747223407708855,43,1,1
187.250046504082,27.338752421260672,122.20999731294768,28.44073902517092,70.66089239916784,17.19612915594721,34,7,1
198.41086499929216,38.644639246339864,121.65074017365819,14.524689177255537,57.627518783059735,18.01040961524324,36,3,1
113.9254794244667,38.544020011207195,63.562412554940636,13.426627994086205,64.2454859971967,11.270365197056325,44,0,0
93.0825815305357,33.412158424920335,63.433222582175055,19.45464367568077,64.57671611193587,14.816204919868218,40,3,0
188.25447085301803,51.99666895260392,104.7893397756087,24.672989124450222,85.51168605495096,12.4848133957333,40,5,1
238.48783754870547,46.18571703225419,72.58315910341989,30.200297488243475,84.4663705902255,17.638208906793754,32,3,1
137.48778361425454,40.25632113872582,54.77046824021884,14.918573398043549,47.38122556641515,6.908026671074913,38,1,0
218.47948756287366,47.74519392467223,99.75446932995648,27.978096646123802,89.89361184017761,19.632161379772963,42,2,1
170.5195211994949,30.127094383430517,105.67855775209443,20.629423235338663,49.45691749407683,19.735331645499716,45,10,1
209.9960095769484,46.57917935864517,88.45991120545594,27.01016002628159,80.4049435191536,33.524647372664745,33,3,1
191.17071352866103,47.259037392669505,73.46244881265955,44.1484013645926,68.6447016051653,10.944841376476532,42,4,1
141.9635708125107,22.454297109637793,87.91940229050458,46.85064345333184,66.03090904811476,23.880549721187737,35,4,1
117.93556494135008,53.87967705524732,106.72527179700278,14.78670690250928,68.46722338770843,15.540946454599915,42,0,0
140.3321334623876,31.77849442159507,113.46857625507387,40.910279091914774,54.23645424125098,20.956703843541163,39,4,1
154.68478900460832,46.354646988096526,103.2358308120544,32.50147716035356,53.986696729532156,14.09810763076155,40,5,1
71.22365683447143,21.643109949799637,75.85497057433673,24.689076265333753,67.92961605445475,10.623243792680908,40,2,0
117.31441675627391,40.972201916064385,86.50624528941444,13.392104892564781,65.69029537259759,3.4981856082234284,35,0,0
148.4549627219988,38.67187412827739,83.23503156400427,13.07238498742112,61.315227300781565,14.328667986949391,38,2,0
222.15943084731504,39.56251495676897,129.65665732771814,35.844887886474616,64.44103914332236,25.030093183336867,26,3,1
202.8802511320189,59.21267862863351,114.09578884877973,20.59022738717283,83.9259556149855,15.779330379464891,48,2,1
144.72261443612436,14.914440317871435,63.25323717223929,18.528910770663877,56.26279129509567,9.774883740518359,37,2,0
121.77315181922874,31.849705750731562,94.81792373609764,13.348771765511435,63.69979213880747,17.737701265779208,40,2,0
123.94631414811191,34.52756352076695,86.88806272399295,21.887225858442708,51.95987002045754,7.450639197559382,29,0,0
162.16225144555358,13.914672274560026,79.10666938737513,31.39452466029197,69.89701985124591,14.810170979238151,34,2,1
184.52561828212092,47.31047762525381,109.09751601327687,37.824660218746736,85.05400413029331,20.50439566521917,34,4,1
165.47533355377735,43.759533824724016,99.78121896079828,36.69075254496365,90.92629467362144,16.66787909771986,43,2,1
144.0776887433763,21.045720390749583,63.82527400056158,23.91763099227058,67.978518254783,14.578130749252187,43,2,0
117.21107448638001,16.6343149968508,85.38376375610989,16.088285957842437,46.519657484549704,18.528981035595464,45,0,0
110.99621470297177,43.36657357758983,64.40310163207648,24.682751372027276,60.99229623381073,10.816113984455207,39,1,0
120.01055917713195,45.486392950240365,107.72994603449825,14.970201052546717,61.325080968421815,11.027276207691594,39,0,0
152.072013015558,62.07225496451427,101.8936277894146,20.32745262018934,68.02719239927971,7.741393156022024,43,5,1
247.14698693490266,37.06625431343017,83.8556864503112,33.90484293874335,40.26977930914099,5.055097024875721,37,3,1
103.53437797392972,56.66394092688408,98.84267681571318,40.75120748981757,89.31322801976516,19.435740688682138,38,4,1
232.44669991210498,23.118624112039598,83.90496372561725,21.833869701790135,96.5362673659506,21.935733733312787,37,2,1
95.58575148171683,26.669623809462383,82.6351056873767,16.403401731043758,57.95692791399834,3.1294139171209583,39,3,0
214.38339489374226,15.229680878311349,115.80782153070939,31.13521496477942,62.20015957297471,17.57455135751545,39,1,1
183.1920593623493,40.992937710873676,110.41024993256559,32.41078976405813,73.35479373131733,13.172744311835505,42,4,1
225.58222144101876,51.60530990816871,124.71886404456207,13.005704803924818,72.74995339525472,21.929878763483032,33,6,1
149.0493506894149,29.59666089785956,102.5922086116242,16.068376101522016,62.516538689865534,11.024388205596631,48,6,0
126.5348952920464,37.45360724077876,73.41725014282743,19.890184232701433,69.26999628734168,10.867913577844288,40,2,0
126.00948719221657,30.935234964386098,62.91407738575474,18.10223215147244,53.24281997584468,11.963774945508074,48,1,0
175.46077416471437,43.44805815229615,99.85488603068677,23.286195563550475,59.17908659330341,12.177909903518398,41,1,1
188.86233894496843,37.65644029453993,93.76584815065571,46.70093900583089,85.38761021783608,9.05720403567689,33,5,1
140.78223574840538,30.721532368217613,78.2951473625144,19.30314521770522,56.67802283858067,17.192775646786444,44,2,0
138.7217903162226,84.55003712918383,104.5637457792191,20.91658748292015,87.72671853710183,20.278037134106427,32,5,1
203.8196359055703,62.30254274672316,126.90234347223577,30.30848667053507,63.38175899134687,20.429773185546996,46,6,1
98.56285533919689,30.87473753680739,84.5762810706013,26.43585900127553,48.68910254831158,11.88208753991225,47,1,0
88.92482467967872,32.33042951529484,73.99820508048303,19.45129310189425,53.995530344113256,18.45891721202754,37,0,0
182.89115861537155,47.49727908865721,103.24446433797664,35.282699389151055,83.51521225681776,7.450670220782529,42,2,1
127.52819052195034,24.12143695092,101.08471396261945,4.872608018555104,50.934922190672296,8.515164083867951,45,1,0
148.84651828718262,34.81529480305302,81.62767082953934,37.06896290918512,65.51602341961839,9.681725566705296,45,9,1
102.60673837450611,18.665789817073772,48.460989621184666,27.03375184230539,73.44959666174148,14.091485067657194,40,0,0
215.44764754339184,16.876619039287004,122.24584899783456,26.137629112886327,84.97637105371187,21.483354350438972,31,7,1
96.21176214265344,21.046456263408,67.12675952342559,14.839168265256273,69.54666816029386,11.378508047128005,34,0,0
152.85345906511927,40.62853693033216,71.80603986233803,35.94382248221652,72.55323189530938,5.592578824460895,47,1,0
168.2302997745417,44.42514246453941,97.1936754390568,30.662747373442347,76.2074653300253,15.855042916369632,34,5,1
132.76783851216766,21.392431982981805,78.38832677308626,23.2730243873751,51.10037443442859,5.9315865312675635,40,2,0
113.4276304850203,35.342078623746744,78.84701889494507,27.972374280360334,57.23867913518835,8.271355780538553,45,1,0
132.06374862164685,22.732580951179806,99.70209741987856,4.418452074293455,49.11372279326375,16.868668539586576,33,0,0
225.84120576568262,30.549054882021466,109.83479281512442,28.233249072917573,55.65857923815358,20.067833636829256,34,6,1
148.90514060616374,16.01902262220061,115.2678615916394,37.96935925658596,76.88362352458512,16.758018777092296,41,5,1
242.35156737987575,18.64696950897747,90.87663305039882,42.04675935756926,69.51082994989926,19.27255826505658,43,2,1
99.95625088437055,21.270110331106473,81.33797294918857,16.57039185318226,73.96943456232822,9.876161411382963,31,0,0
134.8164869084025,27.930154109016314,75.78194606895849,2.149815959385574,68.1748498077032,8.908385345031196,41,1,0
109.73572867056829,19.689747248526928,81.85128700251441,22.702172330959918,64.89239775412356,10.551033208970482,41,2,0
115.42800169319963,38.223504708957535,86.66887992609693,23.805578897964246,40.339515870320824,5.945383302150729,37,1,0
100.11301250782975,21.63019645560413,86.50752860133315,31.21329154112987,64.43375982102376,13.009794219814653,34,0,0
68.75332682409379,35.519642593318274,68.7032400406913,14.481835146575257,77.22627660704549,12.195324499233639,52,0,0
116.17944474799663,26.55901971737667,63.15627983828644,13.908857895540685,29.894774836864833,8.266314933158933,44,2,0
155.6941461850611,62.10375829006807,118.9099460931879,39.49166070238161,65.067223323641,16.356950218124233,37,3,1
135.69208575796048,31.477559074001285,72.7402349059917,17.9450321438638,58.406414252435354,14.427654841148193,46,0,0
119.6147924053121,22.381753283411513,90.4881865800798,26.307782467435203,51.50204996977055,14.767367216035426,37,0,0
188.30413405602502,44.7904015728589,93.87209145826961,19.18890652175887,84.41790442258193,16.895024762746825,38,3,1
120.44931785624092,45.30334564354411,75.80580920142985,35.00411372980554,77.09705900607331,11.994679687894706,37,0,0
136.1792244461775,58.278844812989405,87.84380039940685,30.172195827305604,92.00492440011773,16.498940224518517,39,5,1
144.76983641589078,58.18521231835511,97.28797520198235,43.33638561859827,118.23398562973048,14.435258340206612,27,6,1
251.94900073405248,30.802638060173578,115.71985625406263,41.41454578321271,75.4990688107012,7.435684120508123,37,7,1
134.3076263088249,21.83845010971956,82.49210919617497,22.010542416226954,61.44627633789544,11.184849722332995,42,4,0
246.24833008229183,49.21817523876098,89.52481417946633,44.60818718289113,87.1516230528233,21.41416887588876,42,8,1
128.76951477619454,33.01960900171765,84.86518566792385,24.855885685092012,56.129469737662724,14.537011505885705,35,1,0
120.3923331538798,24.52592477233127,64.45506204742756,25.070997233647887,57.096170083492034,6.941410910853952,34,0,0
133.4572247193364,48.68603219163002,67.16775956111628,29.515039970355573,88.22000249838399,15.697187729232448,42,1,0
230.87569687754626,72.48841860534019,107.38104097179937,9.131514706840626,69.01577971276345,18.507543802485213,34,2,1
112.91918578117952,21.978005919648208,64.21505795595208,21.123934828081936,71.50128678393632,14.554338664234201,40,2,0
108.52796454206198,18.528404889882886,72.86698329896967,23.94671591570553,45.397140939411884,9.40690578330935,46,2,0
177.76318205911147,31.372462327317134,99.14287504679324,24.403458191748378,78.82201023597808,21.52515174038397,33,4,1
150.98040302990375,24.288160259158133,52.502443224519084,13.942905074056041,60.74681639454239,15.62937178424407,30,0,0
95.21785848692198,30.438287994604284,95.2693557864404,3.2561267731070203,49.9886244211485,12.613684782015675,40,0,0
90.64949468495121,39.55802745112481,60.55926960764107,22.428722078191367,76.00397298889294,7.20151619343728,34,0,0
123.29521682473033,25.157416480691698,77.31978668588025,18.932502251830563,74.10312306590646,8.412899021971391,34,3,0
121.01775403712035,29.540711712598394,91.29336622240677,16.03330584926992,54.66454662615946,9.08536343586487,35,0,0
123.46683328740816,29.8343159017748,70.77583846225936,25.347617546008262,77.83918606607484,4.419972425608904,36,2,0
192.46611424019113,38.023860806984906,132.0568849435594,27.29213503020937,68.03846828761273,25.00939559411677,41,4,1
115.5359549073039,35.907443355103254,83.39357133001133,10.765634630625405,85.89389717389048,12.440430343025316,43,1,0
149.79726877204163,27.798862687451717,96.76900734090728,6.479833976326448,61.446861305250366,7.457927819244021,46,1,0
195.53502916920672,54.41520626811712,121.4668035372709,47.70957553347745,61.14457718954728,15.322599799293318,41,0,1
103.43005950439508,26.282209884765116,77.74778251973842,36.75108606336751,73.99903441169559,9.194687599447347,46,0,0
159.40869300341032,48.95633377233864,93.77583421652638,24.206946914209567,75.36280563260803,22.68378404610897,30,5,1
87.13622377691665,32.57600857398129,74.10198494476715,21.320286393825082,65.10732066135894,8.698917819215193,38,3,0
116.48291191135857,48.92191760833067,80.51307026807113,18.728373509699367,58.58859680556164,3.9269593866838886,42,0,0
153.22940331456036,21.162808593089373,67.18063037367402,18.26824942036795,65.1413269999312,6.542237764594957,43,1,0
120.41772976591923,22.26970290397297,73.14512249262152,28.170371883513663,51.83815828123885,10.206038276534274,32,1,0
124.61401811437366,21.292722283562586,58.87659847538825,16.56582980667598,61.521337188641155,15.593187484824192,42,1,0
94.7967046965484,37.24591778723123,81.15617917072241,24.03844287479005,48.90692467502005,13.38613258727698,45,1,0
107.67277183921045,34.4848545419644,95.83541373324725,17.561004347958843,42.19118359919699,12.560820504684981,34,2,0
112.49607239352126,28.414623075835433,63.542841953443045,33.581096422845434,60.50426764139443,3.9598895090204724,40,0,0
113.64569806487532,20.819809383610348,70.65992350171426,25.196019553048124,72.62277890671672,17.08034459072038,38,2,0
145.63287590007536,30.923767916399242,87.53819369681273,28.718897702785377,69.25804641596059,12.894718785982224,25,2,0
131.1538212145025,14.353778726641957,98.18136078984105,15.909131577182329,59.180877042743916,11.52232932043136,41,3,0
97.77084086125936,31.43426566857493,57.60215281686603,27.406952787971953,77.46989698175497,16.529692439955582,36,0,0
199.19308141467332,58.16739046858689,114.10297317876353,29.294804472725808,65.68148052563785,14.536465074049522,43,5,1
129.9644349699357,17.48800863366322,84.24696233479287,20.770243767529944,40.82167338201977,16.618360990436763,33,0,0
106.5456086491841,44.669548912245894,101.13015348858535,37.656431064826954,78.18393665999879,23.82731047915505,34,1,1
162.68904465646446,18.478034509399226,131.16699920283955,25.213078110608087,70.91525811940963,11.953961611273437,39,3,1
99.69811616344262,23.88240360495415,87.51635013963158,21.422734119137804,68.16624743262228,15.955691668568292,35,0,0
168.10495683027574,71.18788455409704,86.19296267747421,29.761290316905473,72.78138020281577,16.519899794469527,43,5,1
170.14466389941808,55.840122373324476,98.28272198404477,22.584287411064924,65.19718497806917,20.71372299470086,37,5,1
115.31960281786037,28.380451830586725,64.53340920058605,16.844508548345743,76.46283383583977,12.11199818077825,37,0,0
129.3271674889267,34.38412699496645,72.30309130453576,34.60384870565657,48.99903037422194,7.7564629772016636,37,4,0
118.28787127028401,36.84869355335225,150.4901855321499,19.02356636421389,78.14048740171607,9.04349294456385,37,6,1
173.57475521898021,63.95783908644583,107.41703785421994,35.07932669962016,96.19490891606225,24.190792527596404,42,2,1
113.60304953490312,26.185105851759072,89.60039927576494,28.505459239141473,51.39262011526897,12.561451626883372,35,1,0
123.03515984497481,16.795065565949685,85.34618875301564,33.306221527225794,73.54210925245083,11.974430719760852,41,2,0
103.29714196739954,33.37482074726399,70.08294331713542,8.882410309045259,57.12292944450523,7.056311305963228,36,1,0
161.79077443389548,27.366921931220837,76.99143229016347,13.918179584772027,56.162470190869904,10.574176853776391,48,0,0
179.62845753728737,69.00146770230717,60.25379540547143,15.42726341800547,73.5700887605852,27.90740383024115,39,4,1
123.69481157791449,17.89839056585842,88.24361474096666,6.860725917587837,65.22766742366719,14.35720722377669,41,0,0
160.4721243845928,45.914003677628045,102.63378341400355,8.754787692717104,69.25290549685498,11.781626935549145,35,2,0
166.28484553769744,41.21062696796045,107.68320355934955,27.35790715005635,63.48815081737236,23.90343693199754,41,5,1
116.19921929997011,39.641558841719785,58.70923466305939,21.343956520355874,53.49526000540783,6.847557079729891,34,0,0
112.85109154379145,26.94555297558318,83.35992453351574,31.145575515541424,72.49821097053679,10.799377599108938,37,1,0
146.1456112045211,44.972568617338496,97.90897222862947,39.7333744961342,85.77748599097511,23.74357845707498,34,5,1
156.6036938632892,47.09973144482031,72.11404499591164,22.44024708684988,83.94762999363364,26.45846884318898,43,3,1
75.76276177340986,29.38902491994132,70.56149354918871,22.17972956387499,57.28000027691864,12.668071912467843,46,1,0
150.66867402592652,22.512002039799462,123.71163823652543,23.287175383060806,53.77935165055045,15.168240408317368,43,2,0
91.5208569509971,34.16801574483114,60.84373156503322,23.0886787551919,68.22156432657162,10.06169382597975,51,0,0
114.66695341531171,41.67120788003297,63.75217330000925,18.754096544340584,62.672106551450554,4.558353991214022,46,1,0
111.41511159402677,29.769494439145337,83.50392621892364,6.314397202572952,55.087755853828874,15.96437150639216,37,0,0
131.77106539541438,42.78575167939374,111.75204582445781,13.576688076255675,66.74505033154821,8.255869947807277,44,0,0
88.03751296232505,40.82999938516868,67.45707723943744,29.941897596872238,57.24817562613654,7.572331787938978,52,2,0
129.24345332163887,19.236188125979417,76.01257451529511,21.3094825658362,56.719296296353235,11.82753381954499,34,1,0
160.48619246573705,23.262098943405235,96.1594050952354,17.7423451662506,60.486838849015435,13.209082051818067,47,1,0
92.73651990814379,39.575371632797676,79.732067676684,27.827179838617823,64.63460355666217,9.87665437714127,46,0,0
123.79412335220792,2.87387436189562,74.98094218204557,12.089183573417362,63.8984764937742,9.845229274127492,45,1,0
106.76035644406782,28.50544306835011,88.4844935283008,18.422563064008948,56.3675081774717,10.435894728937779,43,0,0
128.51774412386072,15.691687983753281,84.0877698534439,20.96430883621826,68.47111207439403,17.666161403972573,40,4,0
117.37407873577615,76.1601515935493,103.47847023950305,24.63653973043478,89.9345878891567,13.001173318862637,50,6,1
107.1702618191138,27.011799109707958,99.37203333598045,20.70533976031119,53.45015511391281,8.128148642152816,54,0,0
202.84717624876833,46.194743739208874,100.34857905916203,31.782397439050555,68.85967353705945,13.309557166652793,40,6,1
189.74628894810857,-12.549833226890541,106.61727062133824,44.00777276195652,70.35459271704235,11.833356492516877,38,5,1
116.18192416545402,19.028563503711858,83.211664734292,21.27034517315339,60.12390076194008,12.95143173611203,38,1,0
134.39515884296364,52.91911266818686,87.33695834973932,10.701537459409927,62.108723585105146,13.935920647864762,38,1,0
94.13454084257673,48.67462004161351,80.82755956807196,21.159305875677056,70.45802915699515,12.496634415388861,39,1,0
100.87127246363983,18.37934179743717,79.99087276516566,29.618950769050766,55.225937684021844,8.632506596331645,40,0,0
154.94738895267972,38.300354297780906,115.17695531677593,24.227790436178864,86.49642322354595,20.253683262873945,39,3,1
149.6823205707193,26.005345095271473,102.74174270532565,11.799618090203097,60.69780702215218,14.935631527458497,36,2,0
127.1122669757132,31.291874733317105,57.386705830498684,19.111085307565137,63.07961552080295,7.415632158187618,34,1,0
113.7388393895369,29.36726040103084,80.15031727610854,14.17620224345028,57.37150933839627,10.13698642769015,42,0,0
119.98582810846708,23.40251358746034,69.66958349832149,24.16156301842029,74.7373757807617,14.389851431525411,38,0,0
169.7463728651003,54.344160456199624,72.28146668059507,44.300303889213694,79.31718844999223,12.977550075531807,34,7,1
132.09030652710734,31.258865305766577,86.03774314602983,31.968342761652014,71.20056637899783,11.22833851563447,44,0,0
137.64666124646817,25.234485767807584,90.04157557313702,28.140927169741367,67.91153650364225,10.355172757716737,34,0,0
105.6265291335977,30.326015261006397,124.61291608356022,49.01765708701544,70.57707711911836,7.441784408097215,46,5,1
181.81965905323008,37.400477493181214,124.41430390990882,18.673927094787462,99.14065890531296,17.515650370122344,33,4,1
125.31756459304097,13.58619884397903,65.52431629135731,17.247345135860083,72.83888783270268,17.275118740587157,38,0,0
111.2656052791881,30.122235484151695,93.44749505300248,20.237698196156177,49.735658893641144,22.260616234398768,40,1,0
118.67734770748355,18.03334407715604,38.89360366947603,17.469960625547813,54.923080216166134,13.545784734072186,33,1,0
161.99443578333032,27.344394874814586,97.81140727523,25.365191718947962,58.29407335209931,11.796481393424076,32,1,0
115.05948598508007,43.70101853610371,87.81844985966812,30.030917936967047,64.07418034651975,8.32075754739637,54,0,0
112.83319695957556,41.992995729215856,99.74264122295034,25.590537450338005,66.3942804219255,4.484572345027402,37,2,0
107.04916388729681,29.67723105897382,77.02146219678559,26.45355620899749,68.92840554319297,12.707836998959333,40,0,0
134.88383942999874,29.1291527385685,49.07891863965642,26.461234060650106,68.15853510078516,21.40135648061721,40,0,0
227.1405075919369,51.74150273920893,108.91895554250607,35.91289589293473,79.36669634580065,21.084881445805827,32,3,1
107.01253923357149,35.20756120358711,99.11979686057512,12.024996885528125,64.15922659057591,16.466257076455193,37,0,0
146.42608064546025,26.72193540123477,93.87082708270131,31.9068006359155,49.09246284177753,12.982411268231662,44,0,0
148.39206009027274,15.73981882879548,70.05962774767947,32.63087578688898,52.48973193180978,13.438092641121289,44,0,0
196.78822433429065,77.78595925083862,98.15668378357047,29.78637627558523,71.32680728002698,8.467497901631841,44,4,1
82.66920097278768,38.293237725828625,72.00745596830114,17.405114593486726,68.37209486728682,15.050042323055989,40,0,0
140.15027379673845,23.68348475486356,67.71100303715941,24.286881570407626,67.2379941644442,9.682637721696738,44,2,0
117.16474171496351,45.095723114449726,106.19111293534303,18.557451837353796,73.85758661350725,12.80806604371318,37,3,1
234.22291742841392,17.276122048823773,110.86679193998096,23.212958678883886,59.427431704619536,23.59367012895824,46,6,1
155.56569440779737,14.330564942980978,82.78952264037522,39.9938094639279,66.31875332204294,19.134597340601108,44,1,1
137.85194676598618,5.121779424376687,63.43961549791422,22.13990833524844,70.77359809862273,9.12945763211335,31,1,0
95.77656141438437,27.782185962838646,57.6462871505143,23.86005576722882,57.391291987541095,12.055488288703904,49,0,0
132.8216134196888,56.82437484954006,88.96524296335414,15.101969346348259,75.4517407811658,21.72552934133499,46,2,1
237.40349596888942,58.71115746336051,146.0334970410155,30.487166793938073,73.36636981359632,19.2718256138999,47,7,1
100.92121161206711,30.525263682153163,77.22684865632101,18.102193961466636,77.63404045918521,6.051288741799868,46,2,0
111.85927374146439,22.440492933080797,57.4137829915375,26.95801427654395,56.38535670836538,11.143768917471931,37,0,0
133.72636913913402,33.60441676292773,92.59916809613041,20.46093948296143,56.20520743988256,7.614817641254995,44,2,0
106.3240890816857,48.19236598004953,78.26727622229436,50.089094190961276,55.280771585156664,10.665124648094654,43,3,1
131.6882596094497,20.60758459317993,70.30636513780108,18.735426325679953,53.02921087199303,12.573595372134122,33,1,0
159.5288116903097,43.32551467665128,72.82168599923422,7.778216772675126,59.27670998697693,5.584009540980168,36,0,0
88.71516776577897,39.28932013532215,87.73490945125091,18.724307230750227,52.62373734729145,8.710370490911451,36,2,0
152.3442514993725,23.95093236071825,104.32810621677577,24.81905563912268,52.98936469020813,14.275857539345337,31,1,0
122.08711875046426,34.97788309417778,72.20248781412161,22.37848115497461,64.86885950300572,6.347288632536796,38,0,0
102.02431903353744,35.374120028203805,60.01325328502692,30.6446492108683,50.98434504696484,19.11146856111523,43,1,0
267.84892568611195,39.0025989857021,86.73815652349225,21.697653663327152,85.48912083317938,20.260169092058316,46,11,1
116.21759218445933,13.057441040049223,91.98602109713448,23.411192141373213,46.27208750253591,10.021891662190884,41,1,0
138.4330022384892,40.06606541032628,80.09197175652841,25.549181234140406,54.96069320038661,8.851161248859746,41,0,0
117.44901759244931,24.303010370742687,71.62800110513824,36.39999905801186,73.11602029723922,12.807759613341927,37,1,0
150.22309860494695,26.42172066558733,94.91568096488069,21.013358437823484,51.54066359897031,6.210150971891362,45,0,0
90.97648619896881,56.378817522602,87.92054006821947,12.690689747951836,52.683667348127585,3.9914291006702687,35,1,0
119.7582210430789,33.01873380721012,68.47346724644761,25.935501273486974,61.93921946481535,10.162659503789733,41,2,0
94.95213111173761,26.136775245528245,80.73642096958507,33.0600914917792,56.292035662004736,11.463804933991236,40,1,0
127.27263765249936,7.947056272440939,59.7243870196303,17.74215902841365,82.2815443334965,12.37770889741412,40,1,0
137.737747801946,43.897641339463554,90.2883568465688,25.88757077024491,58.374720353237436,9.541037535528462,52,3,0
236.9798328498779,48.43642247469569,123.52688112342909,4.2985245141964725,97.71184450004537,28.578912687899873,37,2,1
67.91572286745732,19.965610965004963,73.46433751422894,27.119458807791077,69.43768784799322,6.019441366064466,49,1,0
144.48921953845837,49.03218534618232,114.26051700865898,29.962514661981483,81.99393683347367,24.55500482553587,38,3,1
128.7347710346702,44.164117917002926,80.60461548995372,15.110683692507976,62.33287581557379,13.946543824579246,40,3,0
168.52823057046922,70.77545993645813,98.21328269057908,38.57322191906177,91.81283226752605,24.57561688564545,51,3,1
210.38059549944433,42.1621472808738,122.24093684206413,26.457902383345512,84.53613987654148,21.83412285281391,41,3,1
98.57892640701903,33.08292063638821,77.65386081810796,26.3575576686421,59.002397246857335,12.493419168828655,37,2,0
133.604322109009,23.99614307128894,91.45502224578493,22.337615335993274,55.583098955715194,7.785909518735874,44,2,0
143.8501502495595,31.396536895653508,86.01105880537419,17.34064423421596,53.541510117059815,11.467662288317252,34,1,0
84.42824831986967,30.733367447781365,73.60100545570944,23.88765759304838,42.73196797293244,9.200573761368974,38,0,0
100.17872878193046,28.98416134442182,112.59116732131672,41.05593145289484,64.22893194291765,18.778654393965716,47,3,1
135.15025039622432,33.739194982607806,82.29347135563879,27.033312633255285,66.60222067610431,21.23425554637566,51,7,1
217.17639939163263,56.89066526600497,84.547262206938,20.028564532143136,71.92600912505,18.909648411867376,45,5,1
126.95352967076673,26.376524424538978,74.49466077917538,18.730157756979672,57.95139365728615,7.011240031548285,40,0,0
159.05074788914314,60.86701511312877,103.39889422102965,32.05184890736184,71.53055487399807,16.016487969250008,51,4,1
125.65703938970103,37.01784164740347,96.78190123446802,17.984646052607133,84.90369020688377,32.79952805604934,34,6,1
120.6830483497605,19.18085631286867,94.09603222620656,5.347753843261886,50.98896713015643,11.173967765200468,41,1,0
98.25508122274394,25.96712208089061,68.59099003362292,30.556579951008146,58.63903541318351,11.401298503946958,46,1,0
175.9487712519387,50.67069390641825,120.54140601288279,25.936431486295763,58.809934750277804,18.092537825333903,42,4,1
133.58746565913006,39.10215783664745,81.77525098482766,24.247110017640743,54.50455409189955,9.088962794034229,52,1,0
141.3364843605874,56.72245859190948,105.36333899643948,26.403073342991764,66.94202983263017,17.709605696228525,35,5,1
133.32625001818423,17.908012887603938,82.06011986847656,25.162696444265766,47.404372711302585,4.610399756577693,33,2,0
194.55882523410952,62.034308782372136,75.9134034564208,42.61761160395,77.55708689842766,14.427057559158879,37,5,1
85.48386542418807,31.134560400565523,85.18430516977169,8.90970695506122,36.78514657922422,15.34492390564347,42,1,0
106.4487069532869,31.85837628902753,79.06866952678568,29.969983899917004,59.74230644122743,13.907090212010415,59,3,0
143.88218806094744,39.1987151595443,95.63285865474526,21.1107832653311,53.996433057364264,8.100657693885612,38,0,0
218.92406244060288,0.8528765179240025,115.384305544581,36.01936237103242,71.08220851464533,12.217433754530806,42,2,1
148.83629042493197,29.938805505674587,97.20809745768497,29.585420376702142,102.73931250360761,9.289674251918687,39,7,1
129.24121786503792,23.838565419510566,84.71033903729172,5.893446661973364,56.68947831249642,14.396910522657556,39,2,0
135.66781018565192,19.59801289044527,78.5958646495045,24.153356197419544,73.9072592914143,9.040305085937966,32,1,0
187.42754321674957,29.64366078438224,71.64720485545189,24.832324324537105,51.699671430084656,6.1316151487869615,34,1,1
108.04979610616716,44.488201083377156,71.19958116857191,18.641439073668337,50.3387347687091,13.05720565630382,39,0,0
204.22424930525253,16.40645069865929,87.74898195291877,47.03727154697238,61.95703566099945,13.49018237388428,42,5,1
154.7779932759516,27.585694352750068,65.0214442027634,10.31298686702908,65.20776444734007,13.253005039206814,49,0,0
139.5771610156359,44.66782556898976,59.12025069804386,15.822592665426694,60.04438522609814,8.755423940998146,55,1,0
121.70636285130048,35.05557853215008,66.80423957923165,14.049942216677298,66.87177475098649,6.159398951734404,43,0,0
103.83468556718148,34.36235704801055,77.38599448299611,18.04843514159913,62.742150351301675,10.896589141449018,46,2,0
228.2643261945566,58.235956346849704,119.56005951996818,15.531170332392968,72.28026451720429,9.853055960200235,37,6,1
130.45028210531515,36.78728069279419,75.93055155278539,23.010094666679485,46.73565172692004,3.1572018904377774,41,1,0
128.36796441777366,20.708636594902416,44.664447648089634,17.571185828264177,57.29463262838733,9.144583358827948,32,2,0
185.05070944936273,50.658948890133395,87.27486330027926,22.656799976866264,99.85506544985834,16.29018294727087,41,4,1
133.00900185072277,26.532284232332877,96.29720184335572,31.80204864839311,58.772285743131896,9.8705773189353,32,1,0
89.93839396480364,24.1420727655131,86.68639776825692,36.88148134251998,69.02325761130386,15.87449514282335,36,1,0
163.0560567308729,66.80760355682827,104.541261062883,28.28828804758465,79.1204441975457,13.03777460979127,44,5,1
125.37530383239402,37.800530359316866,98.45556576803149,31.70705482754507,84.06605887758707,18.02377308672645,33,2,1
112.32057456095296,39.58816306467672,108.31437680939007,30.328178917296057,46.80828042167876,15.655558966103811,34,3,0
208.13711667149235,47.082840486463205,108.09882707630686,26.809039657489762,69.14236463829451,19.8555016173146,34,5,1
127.70520871076144,57.47248300397493,83.2268472495883,25.13418753645262,79.74563328054701,21.054976080460033,43,5,1
182.19837112010723,39.7845780566655,60.89244012298693,15.127180640575887,63.36321809621686,13.258211183429538,30,0,0
132.13446118272367,21.894713701783736,80.2204114331655,11.883251146846579,52.8186234123727,9.32498352591394,44,0,0
209.27822010039384,73.67409100594983,120.83465705309195,14.658190393127786,50.600410667518474,15.945714867968253,40,5,1
172.1231276801244,35.382526059047244,111.0336046451194,57.28499745296607,69.02082688270501,17.286506091140453,34,3,1
137.75310851747673,30.287755640809987,90.70816166135207,20.08858124904058,61.48202968627898,8.380088032396763,42,1,0
181.77435190062428,31.460184600182703,132.70014331462838,31.81459006942539,55.993252906945806,16.836869062216298,31,3,1
110.17170268561392,85.47493253905631,108.82071669701526,12.279721715759578,60.876961294420994,21.193426421109102,39,5,1
124.60141518382804,17.604119874749717,71.4978002329649,17.406406503842913,73.78911243001683,7.390222127564529,36,1,0
129.95486178182787,36.078403387350086,92.16370658923545,18.384057224674027,62.93786688274723,9.103114744676283,36,1,0
133.31848504108922,41.013301648895506,70.19386955289549,25.668922427835987,65.92950809425129,10.477210297533505,46,1,0
220.23698047185667,56.53703668965049,115.06426892832314,42.61498990802384,60.25527887465305,19.66147917479822,49,2,1
136.77881000939226,53.246989143234174,98.34067689247897,25.772912185502683,70.264193771346,16.02551309921512,43,1,0
107.65493626906154,24.71053237275301,54.96929206480805,24.10069088488259,83.18102260463802,14.763129305922533,36,3,0
186.17974662381005,32.62062058753703,123.37445588462472,20.50399755934996,60.68524567635859,23.821491088008933,38,5,1
166.53789640487307,37.60622587576122,95.09385027624396,44.99012068233549,92.72294755572322,23.70642211043345,44,4,1
128.79002461240452,42.33406076352669,83.78005641802892,12.16426384177863,61.75542243835148,4.906583861570112,35,0,0
175.70940936756233,25.140733736706558,116.46713658954346,17.536705222515753,85.19257892853133,22.33857532292089,45,3,1
129.15545732303772,26.121242181375305,95.55507986553738,32.34309160209698,59.08610327949739,10.211613608537371,43,2,0
136.93283490115945,69.62142941583471,91.73122395246979,31.440522315264968,61.26110090833228,11.317146689914834,38,7,1
119.88807962341907,25.0843806098107,82.73420335306804,0.2941341706590528,58.9141583821961,12.784437168527342,45,2,0
133.37483311185025,15.872742410994437,60.28700705565336,18.579221597964803,65.98092272777454,20.10113683448578,46,1,0
156.17860259264563,42.59888270087543,76.06969903698135,38.31733138348177,74.91775206118211,3.424242193959067,35,6,1
112.25800595051199,36.19032946588533,87.47167993466812,1.6802081779815232,66.07255017754922,6.271921475116485,44,1,0
133.91075515131556,43.920387515870914,87.74244534389705,29.33754947921564,71.6471078523991,9.54233807895515,38,1,0
163.92819892233464,43.12617607014652,98.56828614212242,44.98958462667532,60.803632016185794,17.309575170701322,41,8,1
207.2544930630122,41.772055146597296,82.32154100343308,39.32838892362237,59.924770261075864,35.20264090312784,38,4,1
133.85230874640567,62.15097160724329,102.86169874055989,30.723603899083844,59.3424747165499,20.273107375409847,38,1,1
210.18933192271237,47.252034809343044,110.12773494465789,13.707909609199465,64.20964684742377,18.8828509157922,34,7,1
112.85941598386782,27.11424882845899,77.74507439354436,12.50644305755206,50.452901663070776,12.02288512439649,38,1,0
137.80766327039572,28.854405725274802,83.00050680968492,13.454420145007171,57.33427715071015,12.94964779604376,42,1,0
131.50410032213134,30.840943882501964,78.99484937412169,27.599703364285467,55.081205451855325,7.983562371175525,38,0,0
130.01331442762418,36.909109573921924,67.67478760542467,18.96723268329894,51.966580247095244,19.761017173927648,36,1,0
200.1300825899802,24.70701166553942,111.44346262074927,25.833080132042646,91.85166606199127,19.891030223354946,37,3,1
120.14126317256353,31.390286869531256,72.08447882119091,13.457737611868382,81.71993209494292,8.733036535508353,38,1,0
106.79357721053105,29.548771096759484,63.09071714439605,28.373051550682884,56.46294957744418,5.481842800139131,38,2,0
133.97656840405068,20.7411009610885,73.23889584045872,30.24940890766511,60.917189497483655,12.239771557588673,36,1,0
187.67590943492144,44.75918941127121,93.44733125380078,43.919915761813314,78.56744513711968,19.695803137559352,40,4,1
129.84037695985597,28.56340470102882,70.23068802525228,23.447061374079166,71.07499240118156,15.132163629145772,29,1,0
109.47930314664839,28.34919434996954,65.4780710322151,22.02881029309498,73.05645561840046,11.426518940112128,40,0,0
76.93314160257512,30.317594565814506,89.26142946390986,11.48843527416869,42.22736201310353,7.225124870925092,47,0,0
181.09253519405755,49.985652502794146,117.0007279037914,37.58756192656039,79.28478449352461,20.58347690775914,38,3,1
110.42325087983191,25.6770482089267,93.31705903368272,15.212978576574944,46.93178658838852,13.742499518028742,40,0,0
116.71292946615492,49.74101804594927,99.09911043089693,33.520248287892805,64.36513879963844,19.157340071310486,42,4,1
142.38404334062588,53.75824533426002,86.86579200447066,30.071532560974877,71.14617375443812,14.154275121891619,36,4,1
112.1597472016174,22.790298915301037,76.76917566709885,15.129190375254073,51.76650461637364,13.896167826246632,44,1,0
98.55117988576254,22.391612694240923,87.04694487243908,4.324148820662419,65.80939118015255,17.00907526182975,46,2,1
181.8997387300657,36.64923153214256,93.39986262750227,15.801746865424304,80.47083159801177,27.217905442908283,42,4,1
170.03712621387837,51.43141888321146,52.61951376837497,34.170804980086444,78.64431112705437,9.248541552924106,36,5,1
92.68088577598931,37.34476745001218,67.09342297899751,24.290188502342286,70.41912604177477,14.029199942519007,46,0,0
144.23887970772802,9.22880146226126,90.41489571723949,15.692802825484048,48.5179270802829,9.039272301574886,45,0,0
208.63490978763838,59.33555956670801,111.34435810867745,29.456591589633504,53.9428989806849,31.80018411086671,37,2,1
112.61445721507593,51.45824925076489,87.49732453960713,20.301878016671346,76.05690107820843,18.65148439425623,40,0,0
167.0372729916412,31.643463705860075,100.93872596830455,23.084385973062265,100.65666253960805,14.207996372374122,40,7,1
203.6576860700742,36.53565220921471,88.87670861156,32.715822001535926,83.54860013839748,10.9998468243644,46,5,1
207.20881441906764,36.1094576556434,102.97521466671392,40.09294955779809,65.54806089827511,24.843098009077316,46,4,1
99.41256983635857,38.98359568346986,81.31036137890395,23.34107206166596,72.32918586677484,11.705391894968972,34,1,0
92.94659428312931,41.247767199858124,69.0378031158687,21.522594471571498,56.63256969952104,9.167271748403952,30,0,0
191.06403062044723,25.145256437367316,110.41588611385505,22.68739026672955,99.03974256458454,6.906372735772468,31,4,1
227.81922603301916,38.4614779636435,90.14230175232564,5.786202481227214,71.07207071374276,23.303831056071157,43,2,1
107.41473212614423,43.9025532751199,65.826369159724,11.11053838870717,61.05159981851212,9.28025622096634,34,0,0
263.91757356529723,50.27493532461089,66.26246097253895,39.34717745828492,73.0987602704732,23.074650381506192,37,5,1
158.97476264058463,53.52966924019156,94.9529303601822,40.16643207315882,71.19711541673158,8.368048311877692,42,7,1
85.85284084814106,6.985282823300132,88.07317408238386,17.627640180269164,62.46552095497318,7.838479396624357,44,0,0
97.66951120102682,21.79121077590313,59.458043380159125,30.152381811313433,54.75463260999902,13.293575420262748,39,3,0
144.71623240013878,25.731958050647425,106.47238825687604,12.144946069595097,64.41625067814218,12.200360594283188,46,1,0
116.88203644126665,27.410612034216093,68.38595116393918,14.911036219980602,47.45598940272499,14.223425806207425,49,1,0
109.03425407018798,28.121405989912805,76.64500142294834,14.618632200075147,53.34466132991321,11.734520643159783,38,0,0
136.31515198605732,48.74414187314568,110.75951939652978,32.893046358737614,93.99142852480861,21.20781919582481,39,4,1
130.0356547233509,42.744284266875816,71.51975071248359,33.9536845040769,42.45129148457749,13.977763693974424,34,0,0
142.3479763180492,28.283263460752167,82.15108941606957,25.260942577815197,69.03167591994776,7.9812428845003405,41,2,0
148.9699845978585,40.98484876051819,88.63035086780188,25.483693069079678,39.88018634294297,14.586457207955736,39,1,0
112.80462708421828,33.57661366631089,94.40919848755227,15.937514980030883,42.686754211236845,7.336319988172157,44,2,0
261.6827861171152,31.076012420160062,63.487696428707075,28.03188876902373,55.116402531135265,12.5842812517726,35,3,1
111.73069677753448,39.06544157109964,77.42284304295988,21.873873780510632,62.868638428193506,10.55443343772834,40,0,0
125.20561013165772,30.722520482379156,77.80052338934597,25.97177185114818,73.25263603127388,14.697619204227795,40,0,0
186.28511675963765,46.526825005609915,98.4542952506741,20.618201487787577,61.042809779387355,25.387803229744097,43,5,1
100.85698170209915,15.615888332054409,94.24833602373938,18.123771888706727,57.5344639242401,12.080005288603697,41,1,0
126.87575763099771,24.848291009079823,66.17264515519679,31.64129581717282,65.79581247984804,19.54267514022122,39,0,0
119.02695296859098,28.7348110304605,81.49982245648327,23.77806575816815,51.29101179532066,4.652067355099418,32,1,0
120.65593990823173,34.394526904579905,74.9728529183271,30.15962822749267,61.394151593464066,7.846489429197796,30,1,0
104.83009330599862,42.67960487103089,77.96998649115335,21.78729720221531,48.0055374204464,7.675246087844035,45,0,0
115.39198571588466,29.756014327638432,61.55757263437868,14.061434245038365,60.82590516875413,4.917390760310902,36,0,0
101.51533711463391,15.777703504937929,73.8211514842107,15.916599469850585,58.701636741505965,9.12192194845589,36,1,0
185.83345880861535,36.16119403807399,89.0690340752705,35.177578157088405,81.55829299264215,23.0879852037771,36,3,1
140.70498669447505,37.54958766141964,88.68614451313255,15.614498487696713,61.65040636537739,9.633410405936994,33,2,0
83.07624275523813,10.58141340620594,42.6325788777281,12.247770139606166,61.58549653159643,10.667988112054761,32,0,0
212.79701010540936,43.24241992538437,144.04486546745827,34.01466858481545,56.12699513170213,18.305806305598086,43,4,1
90.06941489819842,14.098581693197021,96.34444284363742,16.185909504235415,43.94366596937212,8.813897699358611,48,2,0
158.69098007132385,39.81139078999758,84.49241940654787,30.111680095063278,82.23042438704239,12.85514192074207,37,1,1
118.33124060419279,20.971910730372002,90.75895315674822,22.072935129199234,52.39737600296521,14.569601690188456,36,0,0
125.6992984063226,58.43694327353893,96.81342844981297,26.78412315574293,89.46443466941389,12.476454333182456,36,3,1
101.56280373749374,31.168301741721837,72.94616425600464,30.155596264161176,67.53912065192134,10.179965017115448,43,2,0
99.92085255837003,17.144089992439724,102.4781954100478,12.18000767156771,65.07879845068621,16.347272120275562,32,0,0
124.14534658797888,38.800659629573424,75.92404940195438,21.831376845065396,52.96166741930537,10.219666857506944,35,2,0
217.71154056560303,44.43469318886643,89.9764572609393,37.10774025175194,83.64872685955282,18.4835749441785,23,7,1
105.56524893325494,33.301137904709435,79.05045165827995,19.620217779950966,44.69869071256668,17.116703109392766,30,1,0
123.53641744278796,21.85989330708444,78.82117410628464,10.921611707096123,42.646892964072286,14.93958777015333,37,0,0
109.06639830825469,26.3432291746948,97.97552854060189,26.09572286304425,47.24129000098076,15.477588700315163,38,0,0
193.94380479443922,42.46088342501063,113.66829347120061,46.20158684956707,68.71735508847058,22.17734209537709,33,5,1
153.46904180597073,35.21449399059529,73.67626532839562,15.271020299861487,66.75164400988294,18.049822903388858,42,2,0
213.87528415539657,9.527169408127314,102.07658470065395,30.638212250336387,61.38966692261677,18.910775693235003,37,0,1
94.00837526144805,29.177463003285467,81.81185348751666,22.624353804105432,73.22742831879786,9.962244223119075,39,1,0
136.59464835758348,33.06450862963341,68.74965977651425,11.035714982472241,61.311121961784345,9.188891336031986,41,1,0
136.22793108983183,25.622626775956753,97.32496340812426,14.022497598000498,44.32227652410225,15.787748727820828,36,2,0
97.03473422494764,31.819898826227977,82.90492646775199,27.967970114227054,61.009469702895814,11.280806589978818,37,0,0
136.3755528750972,34.394860480085114,80.04388950019157,22.16591329599435,70.9252541467842,13.926964130350504,37,1,0
150.75863836825107,29.01690152545624,82.66862587117481,16.049879379325617,65.99441015306259,12.303604091537473,35,0,0
137.6623746543339,29.132450720846485,104.82086555724223,51.00987189813111,61.31763362692658,13.467235678793683,44,4,1
101.64994357971473,33.31470896330895,72.08519335732494,16.392243413192055,46.33753370602889,8.212863745015214,48,1,0
140.35322933687004,33.64561477355457,80.05373902749174,16.888643290856066,55.85994764861596,19.24856234923106,40,4,0
125.42990621651296,23.19826523652049,77.0800445746298,14.078258771595237,50.75307769476468,6.1464254859790834,33,0,0
131.02952550479046,17.15612963927486,99.08642574224893,7.807651213316884,77.17580205044318,13.649015896138737,40,1,0
126.81178432800994,44.75879150503965,83.26108779090505,27.980093004805497,66.3936284348663,13.506626368429115,41,0,0
127.81391841856288,34.91445510894402,92.82355883954604,26.7944357082801,88.47009588957641,16.6174251446097,48,0,0
93.47055743377834,27.709189690782903,80.14093031863774,11.087211837351983,55.323904665827726,17.552360129517112,33,1,0
234.7880443061674,49.309087710411404,80.90261836831847,30.347692480944566,62.687258029291286,24.226077244381564,47,6,1
136.55781671527654,59.15573258634066,69.18484383369275,41.1854140933595,79.81759161101434,21.052444318843243,41,3,1
115.41218511863944,43.02590396786232,80.2013072808269,18.169029437414252,73.78357221422549,19.059494841810036,43,1,0
119.13046100372276,31.37661940868046,79.8007536656147,17.586633940884404,56.33880310624653,11.739292932310992,47,2,0
143.97638589855754,54.201902485077554,93.58751047386377,30.98080450279794,86.61635528635617,3.019020052674456,32,6,1
130.2850951203567,35.09689231224656,87.60373580204467,34.02062958853401,60.96690702886819,10.462127549202314,40,0,0
131.44114883428287,21.856018125536764,79.39692898195432,16.91772020726667,60.394967612021894,6.781416005542131,43,1,0
118.75617966001379,45.00843030280379,72.47012059728193,14.342153224531527,53.47601539537522,13.487267243978891,36,0,0
184.0993856863283,18.308416118648537,95.21089812468833,17.82500673784134,71.2014515614831,5.441351116081819,47,4,1
160.68689636772328,37.00493877260499,94.53735712561495,17.08192546332884,72.4912322199299,16.917368787895803,35,5,1
131.292118517872,23.713297529691395,73.6625615685135,8.435283678149457,59.924353403253505,5.516159802185438,43,1,0
99.6067132261577,3.8186680130772004,95.415781231693,14.66163958495136,69.43516818152708,16.08660334023071,42,0,0
119.52895698251524,15.18419228448632,84.7328441138038,30.127759880780737,77.60628034624493,4.894804153736885,37,0,0
157.537690146775,56.115254270046734,106.55185462285915,36.291352982577834,52.3236265608252,21.039733019710482,33,5,1
124.50615844081884,31.35190340987386,83.7650531472522,21.343454035252794,56.08006375212285,11.286646450021125,47,3,0
112.60946142333283,26.737662955586405,82.69121256573261,34.92502522100591,51.749881015938136,13.007140982701996,40,3,0
226.9376910652978,47.36451837661416,106.18556770253389,36.68562616337127,68.14595980275367,15.844799473400066,37,4,1
136.52094342883012,27.188359575354426,74.76107171978057,15.042696870482922,54.616505424890235,11.735441791814107,33,1,0
166.37605172360554,44.638063343175396,104.60919761255266,27.961165310201455,78.47692832296842,18.060309433405195,38,6,1
87.86845798522641,35.27839349915587,70.1101379783425,12.051973836786019,71.03626910444787,12.260673364332808,32,1,0
154.9916780841084,11.003297191411189,75.22548478843498,28.79155928010988,34.741683141953914,16.138672407011743,39,2,0
147.62908157380974,28.71736519516169,71.87568855036218,24.021932022757007,64.91779889600691,15.147818256378791,43,1,0
202.07543887288617,41.45193924947197,87.41600786059352,33.536793758910484,82.81427723490461,15.97884990426315,37,2,1
207.20920833670516,25.326762931519774,71.20589406763929,37.16727647717343,58.57040805141964,15.648312556834398,41,3,1
102.5298918999014,47.8211003548766,82.92159404958564,25.872807208052357,59.70178114785237,13.579614074898661,45,2,1
125.26974430662119,21.019727736755414,82.959701184354,13.38673003593777,71.96260988306875,9.982596584238971,35,0,0
144.86946988706134,54.98001801763313,84.15992851809511,35.340629563169514,58.49615181529175,10.966760292866322,43,1,1
115.31184399367356,25.387329495016928,64.2358825071656,13.890672504480232,65.68352148542643,12.68230232590809,41,0,0
104.32468668827207,7.472066052686607,74.89489275675645,21.154698127863174,67.93225717810098,10.125920282959793,46,2,0
239.86841629783925,49.98558499835977,97.7927048141628,40.876069851989534,78.85122905185041,23.454776115597312,33,2,1
101.67616169037515,27.271554536598693,86.83470365132892,18.82302247765583,53.8037624531071,10.066866422809653,44,1,0
103.36355583539111,39.70175082567859,68.10168204189448,21.049965629354173,67.52436200817479,17.728038685474502,48,1,0
118.65643419901289,19.015907820374473,93.73480706387517,19.343080686436434,52.32270857231388,11.45352523408971,42,1,0
105.68480021778497,23.808770517500683,97.79623385776414,25.619093007063885,74.45635046658087,6.687699868981152,34,3,0
133.6410413142524,14.934747419608847,65.16691478546625,15.325523239981969,56.764089287189684,5.953013847647343,49,0,0
149.74492310671855,19.95709436505747,72.63690657659652,4.624876168498307,65.01894389860622,20.827219728217877,34,1,0
108.39893517259914,18.18018003931781,72.02102737561862,23.296082015627665,80.9924951925509,11.10666252226359,32,0,0
126.67486580888774,45.35077821987762,93.83704741093725,15.329660485612813,62.751117477500415,15.829116071492848,37,7,1
117.93951003764283,32.033599419964204,64.136929950917,30.08537615179169,61.37856696706513,15.039744435015884,41,1,1
129.4400454183855,31.241756847446133,105.16438163234201,15.518386531723902,70.54183164637307,13.283943877085663,43,1,0
121.51910535832175,26.192365961381956,61.00052007340086,12.054915312697517,69.51277388876531,17.83731860640613,24,0,0
134.85364836719444,17.305347339871872,65.15523550753454,23.46148272246225,56.72184689760642,9.39094726502498,36,1,0
129.64497905361316,28.316995768283572,69.70093202227699,20.990352670542716,54.83269562478146,13.83434711979433,37,0,0
95.24675155345405,35.99103331863595,67.31466032830217,19.119451606391692,57.66864067454948,6.377014896438448,44,0,0
156.7993466938526,59.82913190248762,105.16405469402274,21.902394584000675,53.42305968068544,18.328358550660127,45,4,1
137.74581674533485,38.09112790731379,69.36832695917752,13.372399340730677,57.208941436400536,13.074143720978299,40,1,0
104.73427791642837,21.502790785223038,67.7098761089814,32.42525914789226,60.78115692483465,10.348824622590833,36,1,0
120.75875670895203,25.170160739271594,97.37707994709992,20.22248733409448,55.73213529076575,10.808503506855345,49,3,0
133.66657985622138,35.30683123010048,98.35690433769747,7.151006661903876,67.05548564795987,9.95984730194266,41,2,0
195.4948592253196,36.51094303661392,115.35018163634595,32.52876657515667,73.30635814180361,18.11029219662612,35,5,1
192.92741929832823,43.864933910144046,129.57027757147085,47.84635606949772,90.17723432129958,15.317673384203621,49,6,1
167.2774498923872,26.853091712119074,81.39114598669329,17.444614770365206,50.311758859650055,11.608137071612978,42,1,0
231.79942339267825,35.124259230893315,106.34725266510722,36.252284708731025,63.20360415936295,20.505729098230475,32,9,1
92.3791079369245,6.192608944765027,65.70263742867363,18.84839827742681,51.686785908743836,13.954646149041908,38,2,0
213.83211490251713,52.172108633337125,107.02182583353469,20.353424111049435,83.82562211138027,9.761714732009732,35,3,1
200.56250209699104,36.34156911434144,127.52463941271145,28.349173376290143,75.355453703483,21.958648551850665,33,0,1
115.38267252310462,40.37181405649051,65.0911860623691,25.41379871247328,66.85558363217184,11.968900222188099,43,2,0
149.0652132664207,20.895132964684787,97.29369884307215,12.606107145763257,65.54632200640681,5.550527527638065,40,1,0
93.22788400553503,27.559716478288657,108.5097356258313,15.059371614190454,58.7347395047135,12.573692750138337,38,0,0
133.8583724606322,32.94719252902301,85.89942707249722,25.296497255748562,67.74914554913987,4.552722961913116,45,0,0
132.2190824093586,40.17370944014687,95.26295901755644,15.218862856123108,62.75249951395415,20.583177670062206,32,2,1
154.38755812414593,9.723227283291514,76.31227523834025,12.424893049204034,78.04448971987125,14.7370798226431,33,0,0
159.85030706336238,21.13959753021623,59.93488720868474,11.749162077426217,59.01554685823252,8.295256494303947,40,0,0
202.13555932297706,25.1273132860089,121.14118022713154,33.299587878404346,86.98979513540623,15.533665156329153,50,3,1
178.64299096288366,74.75556203218127,78.75519365313431,22.458875202089402,89.3817882286068,22.320980596609612,43,4,1
137.19175773959603,54.98430483721495,81.07502830820366,15.211677787346709,67.35443286204159,7.9639590756605605,43,0,0
112.2573870042097,27.719942731902822,76.36436812842334,20.03559777289764,39.8850867453818,3.9084953710836423,47,0,0
119.09177564135524,15.930225378960113,94.43315867871647,30.689926689085915,69.2918956154771,13.265742733705808,39,2,0
120.5077684108482,34.02268077201298,65.21400449858788,13.181578901572449,58.724920210908465,8.82287261145986,37,0,0
180.05302754937628,34.147700663703,118.72307188256421,48.17310819725607,77.43025059280724,16.42816887086206,43,2,1
119.72324507811526,31.08014120979501,64.87840239859358,23.185529030042595,45.17086958822087,12.056134935527405,40,0,0
106.20544451871652,20.933514548457072,81.27459443953741,19.22719185268888,59.94412866031817,9.201669214010732,38,0,0
110.13754355200456,39.579939414800194,63.68160481836112,15.029824392294291,60.33551596818243,19.191354932361886,39,1,0
148.87264006937627,36.63545618498435,69.73636729227135,24.564561661484355,46.96998078185196,14.305785970412021,43,0,0
214.26809920970223,30.18715556359508,102.13010802838373,32.09926052412998,91.60920037068124,5.522471284245386,36,2,1
247.09508351221956,56.119797253618714,89.14606252194773,23.67560961923825,69.74262087234099,22.03901888892151,29,4,1
114.42074139336383,39.97265567658873,57.689383303940346,15.431814634679583,68.71705131061377,6.463644031950307,40,2,0
114.40479663008331,41.818900425588936,81.308074880559,36.222613618377984,61.90282909922422,8.800808249118766,51,1,0
135.80743792103422,29.33551024690544,98.70955475997016,24.083834410587336,71.50834649684363,11.421070404325855,45,1,0
132.23242395630842,60.96256053511566,76.84574152117462,40.251346045575815,61.357311691210214,22.472768728473003,47,3,1
141.648861752529,82.58173358035341,110.21471099214547,20.954087862869258,61.80901730920182,18.340944372895837,34,5,1
139.36369321065723,17.89839497019115,100.00997278815387,20.119481776398082,50.829719712592095,16.311492306259208,34,1,0
116.6564644084968,73.42722918163454,84.8307215413827,23.04354549879804,85.58181936240798,21.753737372097646,41,11,1
196.5199564855119,41.0525809191026,80.41168523569691,20.590640473571145,75.3171468744059,13.462309493625337,36,4,1
98.29698946884403,40.65376272259603,80.3375058236816,23.773290477269313,71.31299050249746,12.805969292533097,45,0,0
195.17621590420438,40.415513363898064,123.40384668141124,42.158735621989806,75.52565467928657,25.991281825652123,42,3,1
178.9818885061745,42.68583235647469,74.12494085743951,21.204412456563812,61.55751907831281,10.73489382723633,38,0,0
144.89359161473573,34.91412756355527,51.76218872798805,15.881469049852551,58.999536888963334,10.838786925059237,33,1,0
92.97851267583957,17.7677976993807,87.3800608115444,20.089700131965465,57.26007526836957,4.377706588109879,38,1,0
93.5508408651286,44.246277320772435,63.03397055097543,11.820563755305132,55.9098215218506,16.224656175240142,33,0,0
129.63732123436984,45.51245266427729,65.56788157714423,14.465632061089334,63.81269146967979,11.692296976883382,40,1,0
222.31256723283184,53.76934428730111,102.35035238316193,17.573798550550848,71.68844284253998,10.987674530590045,45,8,1
130.9776767063473,22.3841213496378,78.57312683669795,13.394061979989466,64.02391169028205,10.377869232950168,40,1,0
142.57614804950296,52.1943797932736,116.76354439198875,30.79856835769304,78.37286670021143,8.825909853511266,38,3,1
117.49091479994199,31.454272174057593,82.4823734619971,18.852518162711387,58.4277328310888,14.186019814433655,40,2,0
126.55759048318714,22.962896006685668,94.49209491291573,22.81583641265064,69.36814316922667,7.592400108045148,45,2,0
121.71786012586661,46.92346572463205,63.074876446013256,26.644801112970363,64.63444938116062,13.43419085551691,31,0,0
75.6139925450493,31.44326471726037,99.08724996273139,16.753509400353245,60.72689463035433,12.138645728228742,38,0,0
193.93366956984508,35.48587924774029,117.7689386071711,28.554132326735523,62.582338038655465,26.22365028894063,33,2,1
102.97187131479373,33.3935581275622,111.7598621655643,26.570277550378453,63.45270509612289,16.690415834972026,37,2,0
123.50422837817024,26.51842603182687,73.83109354274775,23.528656823607594,55.31651311440551,8.385005128357378,46,0,0
179.70518005206821,29.25073443881552,82.18425495240336,21.075543905076334,68.2153881730821,13.099608452328887,32,1,0
199.85600470935765,37.57553173663949,81.0000859296061,33.52011591090864,84.83998963100711,19.502115650706326,29,4,1
263.00260157394166,29.760068532479565,88.94498425867356,27.863228294117842,61.54980878626054,10.957807135477598,36,1,1
227.20512694966112,18.828594185920476,84.55702072576115,21.005520237403253,93.64502262875563,9.910010968316772,40,5,1
129.65375774418425,32.830531622586534,78.70756843850758,29.3446270986855,48.67117186645727,21.38121825388731,44,3,0
128.40188980903682,26.606888128618408,71.5537838442144,20.289287823139023,44.269914573505,13.897564260624229,46,1,0
132.13701186431342,29.586627951908298,65.80153222208278,23.884770154990292,60.6307767542924,9.97521009342953,39,1,0
161.13087129659084,30.195996165776283,96.95789929305967,29.40482554635436,43.03541845553529,15.210499040313913,38,1,0
97.38223129348168,21.975699601351632,80.46210702496926,15.63398775558525,47.01196445948138,9.727625793635896,40,2,0
129.47264153622908,35.789286485712346,103.11128564775159,17.771082023971875,67.56594118506432,5.740336303359716,42,1,0
101.47237740036923,34.60042323860466,72.10276467807616,20.112256641094348,57.95214742394264,17.48945578106068,45,0,0
131.11025292684496,45.404412397766734,73.47807959941674,26.297191165855846,72.85486949708985,7.587762943475942,32,0,0
144.8610479463176,65.74791772994016,121.76184926417179,50.79156698466804,78.49211552696931,11.412742270471895,43,4,1
111.65266372789831,23.143250824098697,55.65537556994654,18.383951221614453,59.06047634367716,10.042670498151178,45,1,0
114.09820171524187,38.20298374508965,61.798049597706154,9.439733819342031,63.995845532077595,20.533058726247422,40,0,0
188.66732475857145,54.57814975901398,114.06436509713488,24.606870763890214,72.55585638513173,17.454083171764584,41,4,1
138.3690888788483,36.9593210094085,62.420991061652074,13.571787038701192,70.31761904499625,16.10197434506501,41,1,0
171.24534993057497,49.98122192125216,77.59602397117641,7.602083696338791,99.93787940532036,6.351491598680141,38,4,1
121.09868221999697,19.767467766244156,108.02790782109636,11.152899074863985,43.907129133125665,15.350984902220608,37,0,0
105.80840290501655,32.800453426974045,59.09273528188692,22.284667054918923,59.62258203791399,15.872090826705042,41,1,0
257.8078029710773,24.569349437178637,85.50935461931502,45.51377721009493,76.74626990652435,14.017521320406336,40,7,1
107.15655722822015,34.74226649250636,93.52634491917624,32.25841834037307,79.23300270310646,14.302068065346834,49,6,1
156.09329266980572,44.86261442198017,94.66905391438506,16.484525457357663,80.14906084333118,18.99863038422492,40,8,1
168.53432972691044,30.824417666348424,75.99024465248287,28.280264572145477,62.7845878944741,12.892121030340537,30,2,0
128.65919650721392,26.306812298418112,86.72619874218664,9.188815636415121,82.11242950282562,10.112621515377981,40,0,0
92.44764998491526,14.205637012824013,85.31464072278291,23.641234951201902,56.13015900842309,13.110215880639448,38,2,0
108.70451991658115,21.821081578614944,93.55281025705253,19.918871509768252,75.69241181284708,13.318502124698961,36,1,0
196.42200341310468,38.47384137635526,93.67406927270311,44.7737256063086,73.3389857719203,13.788849658546484,32,3,1
161.7688554573985,35.81781770628363,90.68756663138241,16.615612641173286,62.15545635009952,13.579885126761862,31,0,0
235.72725031739623,25.064885441648276,110.16175428841572,42.74059643266796,74.26957947095758,24.630534521012663,37,1,1
82.4015122972191,41.56833781036989,58.84298875380837,20.983562329999238,59.91586334028635,9.200076399186516,27,1,0
157.41930350743564,33.97397023459234,60.53407436478151,31.544339263341232,57.02264351118769,15.149500552895972,38,2,0
127.79228354741808,22.525443460417875,58.06834317206878,26.026370731790237,67.26127521350374,8.892035153225823,36,1,0
176.8244630237719,59.14407929845851,91.30530063751617,33.35126133073664,72.20453983861759,22.406889935867625,35,2,1
167.98136205117186,47.718809225175754,70.09604825393689,33.64601803704832,74.31504116164923,18.772627910118665,38,5,1
139.77594497242137,39.71319402543387,100.16133518822272,44.78183935639002,68.3562421853905,17.799534479412443,37,5,1
194.40656735783068,77.22445295680438,99.84582697035512,12.662329099917518,78.75868789207877,20.098378092458198,40,2,1
158.49416968880735,43.591446469304294,77.5670752693361,38.596950512977656,72.34646126503054,25.281585373813492,32,5,1
206.21615319400948,62.44501454557956,70.97561567480129,19.03374955852682,77.16673125836964,19.416583765290454,45,4,1
99.72208095414925,26.971147562010067,73.4235894917709,29.248477882543035,54.05586301422027,11.686041502494636,40,1,0
121.71374322806719,43.46099794514258,89.17402342324525,8.702689811647058,48.5493208351746,11.804491065921624,43,0,0
101.49150747880824,28.0669577355203,80.56345027071667,30.445851566325413,41.74098905887394,13.1732249440681,41,0,0
188.77209348801745,48.12737955863371,98.33178530506878,23.900972930507976,75.39852215862447,21.84202266557803,36,2,1
211.6743724155227,9.68275615955097,77.94447252359362,15.543897992234374,99.25432319496906,18.466250760150036,49,5,1
111.83798321679559,37.072313738042766,58.37987381426946,18.268543509957606,56.03303820034793,10.507335045991432,34,1,0
214.09874573731804,63.45690071639963,110.66650061228695,22.273266093395428,83.3419749978128,23.867449615638662,38,2,1
130.83265608798337,52.91221249541596,93.00059839297423,37.86298230900278,75.18424142107172,14.362775537728442,38,3,1
137.1690223331333,32.18388987544174,72.80712508052324,15.463072962785557,61.329284648275014,10.690525236224993,49,0,0
115.30758860085173,42.88863425206302,104.43977776162419,6.618504523566699,64.81495320567124,17.252679148365388,39,3,0
156.1435436812448,34.193173939874114,78.59683072986279,33.663274835410775,85.56565326514072,25.14002743868606,44,3,1
91.02817170732912,16.791077174938387,72.17350014051392,10.504184633994226,76.9045266958584,15.780857249001528,46,3,0
212.35677077570878,51.15574915180338,106.3767480676085,44.00099811827814,48.35692422192463,17.35623633939672,47,4,1
118.9959076591651,25.30235535662863,86.18125197307191,11.69008767401673,62.83476604018982,13.146739279497371,35,0,0
150.0256924230889,42.826998672808585,115.18025941164377,15.117417871769675,61.891964424587876,21.11718259509573,41,4,1
171.13853609665048,51.08736130010721,77.75627397442884,32.000940591283936,76.58181279116063,16.41390348681741,48,5,1
132.92151548920128,45.24561362896941,131.18364580964703,15.77366530785596,93.61376497677622,21.098435690346893,43,5,1
139.93717546931617,19.921320867778697,72.80969086015874,21.753011981007315,45.71133849550338,10.984396149036497,48,0,0
157.34421635141106,11.163130033578788,75.07213002921675,44.55498292078943,93.43986994487973,24.06820954314108,33,6,1
213.26467144721613,51.46514538195115,77.16027858614638,51.63976333301581,68.2618557426661,22.33788307858694,39,8,1
127.44210945213726,27.120939231320797,63.670477354114425,19.549217215627046,65.37365424934825,9.372506870826424,44,0,0
140.61863798072127,35.727374368497465,92.17400220203245,35.50573593701598,62.46676563830665,16.76809413118747,44,5,1
118.9375869396491,27.300481031748358,72.69249225456284,21.731333111777666,53.71701507982247,15.801117133953118,38,1,0
144.47137764837254,14.565490568142529,46.73586379771978,17.894301087376103,58.024713957087855,13.288188817302773,42,1,0
141.92938467621767,45.941779562040125,67.36851965417917,13.1158516556542,73.34482350743504,10.401787776013,36,1,0
107.48645425007575,31.035381539491755,60.99084967440905,22.210035956075668,48.82802334259555,16.257103487377883,35,1,0
93.61505610802465,44.31152117761741,92.39218424060773,28.208883040295472,81.27918074757257,10.142125468889738,39,1,0
216.7565941863332,12.878536795204425,105.410269509328,15.445265243826842,91.44166685765468,18.686278564215815,33,6,1
103.99922871204707,21.19988018309236,85.98069202685517,13.386298568307959,48.204825433594884,12.44488366193371,43,3,0
136.80630208874052,41.8593658003213,110.10778023464273,48.15677455080316,80.99751210574797,16.24609712538547,41,1,1
144.74876269368278,27.842128736717804,75.80974629414618,10.650753333475475,82.08348264339871,11.544718695265667,51,3,0
110.8539668982642,18.222385420086418,74.43603344588497,15.377330406251225,40.89034064407795,12.286132728163778,38,0,0
119.14353237376851,44.69784258787496,78.78210223796795,28.556815131553517,58.589842815103076,16.901684245834666,41,3,0
93.1371438095821,47.03783852349436,159.39019015491328,14.302233152811237,82.50144547607908,17.188376755774414,37,1,1
136.96861764410568,11.597336152044313,85.04113118758019,6.843731252376836,60.33649958535531,18.241467270019527,35,0,0
186.32356901292738,42.0291035517164,84.06774860744042,24.198362778754802,62.47800605886291,17.8746951022506,38,4,1
168.89822974737794,38.45605451729957,100.40027610003222,37.479953986272,88.77845741587788,24.211659397081537,47,6,1
231.65095356063517,60.72175138903732,115.07288563266927,17.71220649094986,95.21259993817846,30.314372952727233,29,6,1
144.00157912853723,12.34612412970026,84.32225062310383,8.676649789616949,58.515773528408005,13.18091896442173,36,1,0
110.1619510498759,47.40941486596991,85.38272109018378,23.14798825247556,48.70111912097249,8.347803264013073,46,1,0
171.3615791859907,39.237275014395365,125.0431807393222,34.733411833851434,56.89381579644605,15.927558289004795,41,5,1
132.39422891932273,30.584494807056497,70.02431122995333,33.215012915710474,56.112547063284985,13.760202642774294,52,2,0
245.40265578110078,83.78962763525843,92.66564662847934,24.64754296059605,81.12527973601192,20.89974297857414,33,2,1
96.20666681819277,34.21716933003097,62.21117601219716,23.54761816186732,63.205064125986375,12.154954436766827,41,1,0
136.31433626285067,54.198983169917156,117.16746463944254,50.36042832840112,68.90798580948352,17.415894034256425,49,4,1
169.85295689830477,62.06665171002993,107.30362080605292,25.83100363880611,71.70907789828263,15.818998533806965,43,2,1
166.19341178200816,23.67975082022179,105.82567331380513,19.58994781716213,69.63347116146538,28.514544023496235,40,7,1
75.88867885801861,31.87800338042522,78.36210358249171,13.465701891024711,49.13890313674375,6.633111026574744,43,0,0
207.45414220058132,7.365642322573862,58.978951842922896,28.564753305770434,80.07881763021751,11.899953743873311,46,4,1
145.49750082557443,32.03359459998768,69.92124034302515,30.581713899298016,60.546561209126985,16.13975265265573,39,2,0
133.03043982679011,36.817434088151415,76.9502257187374,35.45632233280484,53.97042191118582,12.002286662583108,42,1,0
99.20290671375454,53.72585047455759,133.3761616260141,26.47521054413352,79.19970642750827,-2.970271334931631,42,1,1
237.67780023207558,48.28077399212231,69.42824035472665,26.22130546038649,68.15418377230708,22.616320548225442,42,9,1
159.50503037293225,42.4977788895241,131.14373264753516,31.598353519080973,69.24800347242142,23.464205826147786,46,2,1
182.23455759377987,44.82003983058414,101.50818257849332,47.30116769208839,69.5952667102146,20.484077651668144,36,5,1
133.36680977436163,29.98285846330936,84.41628466526072,30.337205695518037,59.19038575263227,15.384047753683065,43,4,0
105.31652402443008,40.89536583076641,85.60480108431723,15.645107637505276,70.10370850190333,19.23173135580988,38,0,0
66.49974234410485,55.897674335040904,111.21522536011146,50.87272161793628,76.5480330961654,16.330988558676772,35,2,1
129.14560809230483,15.612798989431305,99.22075097185453,29.089789308383587,44.277242202754216,8.238671249961728,42,0,0
149.11644644293534,27.747373575086463,51.65444774567682,24.298253847700458,60.988872158551835,13.76351959294993,38,1,0
134.09013079649446,6.215683401266716,73.68304647798374,32.80282329378047,75.12234910665599,17.895517162026984,44,2,0
135.78113374751038,31.926515326480246,86.7189609915942,35.62642223230017,59.63058813532502,11.99161073046822,36,0,0
121.67653255858721,33.65394241925141,86.85837217924015,18.77329645924982,32.58510570522623,7.082727916749984,44,2,0
148.20918290407008,29.608378845572407,100.29138545922144,14.33844117108498,63.88214991591073,11.165531053448507,47,2,0
128.19525591918995,23.4546642900169,97.9733808980193,6.950111139204694,58.01543560455964,7.8802716787528295,43,2,0
102.77824179652859,9.50485483811675,75.71687562039165,35.7127757880118,41.70905586078783,9.324614828524894,38,0,0
153.3124366088998,39.9070476500102,97.56525492432749,15.562816304049454,51.59079207154198,20.576098022952173,44,1,1
133.95806545078057,44.55434483915325,69.28937384333818,27.945257999712176,69.75107143288808,8.282701647033491,31,0,0
111.13911957743035,24.08981544266568,93.96331074187756,14.811212427433617,52.6761725440492,8.888377103301739,39,1,0
197.01285233320442,34.73339396870726,71.32872154069119,30.68874639513769,63.62251264280949,15.686765415526438,44,5,1
125.93151090281523,14.318556865799493,98.22416160282454,15.099176857292107,59.64361439068331,12.860143248548919,32,0,0
158.4277994214692,40.672006489773054,97.944650770248,32.78079595573527,69.55339681381113,23.724260468779853,36,2,1
195.45530615392244,67.73120723022313,97.08311134055621,41.09207982586731,64.20752158389725,24.970453803034594,34,3,1
126.2261734688577,22.375820493970856,57.0711305561107,16.27757009326854,57.9727997056333,10.472264547474408,44,0,0
153.9991474915276,22.396363587838692,84.65809456871307,24.17409849822849,48.00004419906357,14.881046094210436,44,0,0
63.42976040732236,27.483638761501183,127.73919780546561,21.691173361448698,79.99675510492676,8.653697300822172,52,4,1
200.92892742948132,64.12025774519229,120.71832418864068,49.8327265592076,90.1251527906791,18.51484259954033,39,3,1
138.82621161534968,16.878367988044822,62.13881298894992,17.96284968840294,60.41918040238625,14.456590776150932,43,1,0
99.30644807510355,52.639429854630116,110.92797903334544,21.17610696921379,63.93769584086906,9.066074984172447,47,3,1
127.95854099893617,29.585282220008523,79.58045878269526,15.915076164727486,79.37384241179385,17.29504825134116,35,0,0
212.55923440790966,69.25567386782524,70.99673665926596,30.797884314323237,56.71835388835743,13.417382992871914,44,2,1
115.63908209215252,47.966652016750174,70.99240046879055,21.57619652558855,68.52441264821343,13.410998434502051,38,0,0
170.97374477150993,62.15042295308742,95.28257070932645,32.27313795492318,74.14418531382216,17.044226384628754,34,8,1
235.56097451851048,47.77287981090547,120.97588879342482,19.096078011925613,89.91540243650475,14.36019260266434,38,1,1
205.4929873209229,48.782922813514304,106.1878088491964,46.133589290794845,89.06701815581809,7.770509515626205,34,1,1
104.30476183744594,47.984800871381175,83.39438400865154,32.91779776875265,67.77549765524128,9.543472764532837,37,0,0
112.58983802819942,35.529052285994815,109.45329250315724,27.200891011229295,58.89600095900956,5.1997113400867745,36,2,0
91.88865961642716,20.634079937563577,85.02740849802677,13.547975144626594,62.22377748930556,0.4719465473278799,39,2,0
120.31236667899206,41.06231558859969,74.5571655893959,36.92849027500716,61.60611302155168,8.499821222288118,42,1,0
138.04554347573296,32.00698694288878,57.08807965821944,19.781877446389657,59.81833118594545,17.503633677195893,42,1,0
170.0553658493329,28.669598842854867,127.18770446461488,41.28002626201508,92.31093806702931,17.017543516252708,43,1,1
150.38567847283537,26.555227912475473,83.52392187632174,11.914940518200682,53.33380722505277,9.125606390609871,39,2,0
130.2158417705519,22.505840130430265,74.18628663116645,3.212858333243716,53.24288469841308,10.502180341194483,41,2,0
204.93628553119663,42.933884094181096,107.64234341185036,14.820488681567483,77.85163683612893,20.552451776511507,50,5,1
208.13760532555577,56.70302581779113,103.21370996251306,47.79661887087689,75.97986269727329,9.831852772513777,34,3,1
266.1971470953257,27.3869655641978,132.29566508494656,35.55987433690139,55.65961869675366,11.326935609622257,35,8,1
167.38813378855502,39.66097624369544,126.8937034646123,23.915629586088578,70.96277306865592,17.320696214251385,41,3,1
137.80495001673017,45.36156772854945,66.70041246193102,13.52749187086378,64.91557919402587,14.015551485517602,41,2,0
123.43678679587063,28.886811512021993,90.09135180799133,23.168368209860848,65.04257244484151,13.092355434119556,32,0,0
147.90879891441827,46.89468771880499,112.32788581060719,40.553530674710444,100.37452154761561,27.674343732945356,38,3,1
239.27843073746143,79.5891987895161,91.99885132234948,15.28788255720847,89.06551571507259,15.740466751094939,28,1,1
102.09860315446791,23.69750704995564,83.67853771841355,28.46671980795388,41.418749862664086,2.7846201220479134,46,3,0
157.3769452850404,56.946455499631654,81.95365690810914,32.4445444960555,81.73011943171704,11.803946825892078,41,3,1
101.03303991551599,2.9245614461882283,54.27359979226192,13.841124857293092,58.30020813789069,13.034299602948566,45,1,0
129.26412584198246,22.80010466778061,90.16455652887332,25.794426500603425,48.27717503097047,6.619070191600679,35,1,0
92.65724387079509,20.759371926589345,79.88488904473245,25.616329445191262,42.51286962581278,18.46570222996016,34,1,0
136.96348425333338,17.464939876282383,92.77893606186264,20.705150656849415,56.92104034961553,4.8153413633256745,46,0,0
95.34953370462982,27.85045161921049,93.72301697146774,35.24287932076541,66.94020087060741,14.12122472899841,39,3,0
131.04599875359045,33.85749968181695,80.98677034212125,16.935245139968433,72.82108391426512,14.220687075914647,33,0,0
181.42264296131975,56.97850009665885,67.55358773412469,28.109420791476253,60.62209905029987,11.965564567097825,40,4,1
106.0645636314085,32.40876757200407,91.69544273269241,22.92663999254621,67.33215837621594,11.848597236759533,31,0,0
131.64053134169453,23.34306535106453,79.09768250892309,15.275435001605512,66.36542038075667,5.452688631388548,51,2,0
199.210420056237,43.98830162167227,93.78741520326238,32.44774841111698,68.53800135606791,13.94471738335255,39,5,1
137.795692980782,62.90417632758882,96.55214600381538,27.50878996511281,91.35288992398755,14.905295594880599,34,4,1
212.9113112333601,39.86542734826276,68.29507978540285,28.441909178180936,89.94985865956205,13.127049818690587,35,2,1
141.49395952324096,58.53136967382402,107.12954209338984,26.766463305612845,86.04905478308686,28.71017874968065,43,8,1
207.71076127395443,48.11233196778273,112.9521196513414,21.36401607268182,68.16122496705474,14.295082133519943,36,2,1
88.7039445727589,21.027469938387434,82.66744699558151,14.408039191878926,52.764948909379925,12.374181837544585,45,1,0
121.90688398882617,23.47049844167919,72.05348441115439,28.194751520945502,56.98780855946818,7.94231350686566,43,2,0
114.73103567835501,24.502106403619667,92.0728390727012,12.642706347993144,56.61072368650857,9.879954783834453,42,2,0
133.5828555087639,26.847336660837442,67.51285067414916,15.149397388970524,61.41559266895794,8.280293560523356,42,1,0
113.95909001020271,32.68050427589753,81.43025411499168,24.035927843562963,67.03156316419617,7.100103971880767,40,0,0
238.84138763268416,19.690813805382472,113.75101439184988,19.703447443075806,78.20869560956888,20.36371205396361,42,2,1
134.6374140857659,29.488813069846223,91.68695938382528,28.54333473756752,63.95697506608005,12.298049540385335,29,0,0
126.70116058168234,30.161247879004723,56.34157443620749,14.769447174456607,60.14816009930505,9.709445922303187,39,1,0
126.32311914365556,31.433063050000037,67.24703381278016,24.17206071090284,69.35494395878445,10.705989322300109,42,1,0
148.1545278725402,28.182989808631167,50.7912835580759,24.81374998735617,72.43643629817537,21.638955756952438,43,5,1
89.28855753585788,20.74607742357044,76.10604917286095,15.760410565425573,59.21073324225444,9.996982325237186,33,6,0
122.2558295132094,75.55815959577536,123.44549919216136,33.60860609565681,81.81704904734008,0.05639131077278492,54,7,1
132.24937588027205,23.048506419231277,72.4182918551971,16.153119228982895,58.37751460041505,14.253814086404956,49,2,0
99.66633742847006,34.73145453267787,72.33974092706524,21.947432172146858,52.16511871654126,13.063398594033139,41,0,0
115.11839052651598,22.970885619604324,93.07586636276204,21.089056284614472,51.17402713856487,13.314637992689258,44,3,0
218.05224977197935,52.95553783498199,92.93759639995106,30.613436642408637,75.8300375164318,6.615736016863101,44,4,1
117.31006431196535,34.66431287412317,78.67143399096815,26.762649987494246,49.16798316815399,13.82656610923178,40,1,0
172.36511121787282,44.48153640234295,86.33237926959741,32.4540974177134,67.31880417939712,9.308513719038274,33,4,1
148.62733563662368,19.20467147833961,63.8456818868308,6.095965716907054,70.15342786270996,21.56581065140837,47,0,0
141.63533455345657,39.970593564536415,100.66961500888121,21.9419477786614,56.47299204996393,6.860125014792183,38,0,0
230.90280651714278,23.99893148397392,97.33219355776755,29.844528463564252,90.2061855808666,15.184030912094688,47,4,1
185.05256797932802,43.4428127339555,72.27021158617514,40.68161034875985,80.95639492361958,25.296310351370643,47,4,1
161.23476583158364,27.293092721518768,89.52313659373209,39.613603598188135,79.35013213613007,13.518057730756919,36,4,1
140.2853599565782,68.88037347864125,96.32022679794072,45.83936440963483,90.1823866554354,21.60259846038601,39,1,1
122.19178942351098,36.18393046020152,110.11077753806416,12.437697655204232,59.934383883691,10.171285491248835,34,4,1
206.65078688174094,23.35198809321309,79.83973553658643,39.0511918316939,54.17242948973978,24.186782608083142,42,6,1
203.11914094558227,54.5728049827286,84.61675362715698,36.01580045402179,79.61078299822907,23.25594229547574,40,3,1
203.09454100426646,71.16466672114666,110.21352275717615,21.143476022467347,78.51925650532117,20.810147537782377,43,5,1
174.85362214591777,54.95396802841144,118.77817664079116,32.515879179988445,54.22431828392696,15.640295180317132,42,4,1
236.27738983567002,48.07196815922876,87.56811909658632,40.51121747757998,79.31425274568566,9.587996259431328,36,4,1
160.6352602166073,51.13711384163991,73.33565892098008,21.708410775146,70.19732457120519,15.656158108683254,44,3,1
112.97171528572535,44.62254604034729,77.26122682381337,26.11968118463269,49.15243565841186,11.827840271053642,42,0,0
178.45028420041828,31.88701094978775,115.66608474177427,38.71353675731017,70.99891550061105,18.779771229414692,41,2,1
155.66596941282648,43.32229343870531,94.65992476465937,19.28980437468512,45.701657148978356,8.681778422925301,34,5,1
150.64735449356232,44.2876016203677,111.74018085246493,16.055127731259095,67.76921854760192,7.956745315530733,54,0,0
196.38544474735974,27.482020390624346,97.51086740571156,33.00968376642411,66.54846516618954,25.518908405113677,29,3,1
92.01387650396117,32.847545933855685,51.15175570685372,29.698064471594677,79.87534161023368,15.255365077042228,38,1,0
127.35298585982844,10.367108521610259,76.32241367222922,15.66280013927417,61.180494666897744,11.157158077695314,48,0,0
178.48427673132676,53.499032225890886,101.82543796335146,28.649553981372257,82.66642648414658,7.405011022952438,37,4,1
132.51016033662071,40.48399887813541,80.69317405506376,18.51117185986417,57.46851499957055,15.78104031157655,44,0,0
227.37026580784692,47.19713417479977,71.0523733307382,36.437340011921094,64.93082132914742,6.8918477520604835,35,6,1
208.91307579942048,52.84985674092883,138.7618979878628,21.385872708136578,81.67196461885733,17.064993059957995,44,4,1
122.47095391911165,38.598335614674575,83.02091838072921,23.69977441281981,53.39668737199884,13.764216451262579,40,1,0
159.08314867500573,35.68273377152784,77.10267162725631,26.133488055251643,64.92483484744622,13.947938830635453,46,4,0
109.88506591476127,40.86380711205838,50.324226251403736,26.93209682969667,55.2932685501782,14.69577756140124,47,1,0
181.04819011096143,49.16273788322835,80.77056372978987,26.328564289527687,83.7733300762737,25.87155945198751,42,5,1
167.8574269893634,49.80281782382809,98.96574418879457,41.22969371585736,67.33032938657952,22.49452714980057,35,8,1
176.76330649349248,42.92497076975433,113.75527697123538,36.55960552141374,66.16563498740791,17.10755571120517,35,3,1
120.07391343695694,41.97168027247854,69.37267847706363,36.12862848484433,72.99181252629184,4.405514617248722,36,1,0
188.42403357190568,92.36656924566446,116.29461443243363,25.832945164089423,88.94281355947807,11.064541305452526,48,4,1
146.82951831061763,27.76527494763061,57.82996617043723,22.57473697910706,44.54770885001329,11.150754208078336,42,1,0
243.70679993131535,51.197212139289334,100.99183655323172,31.08784905860796,99.4637031005792,19.46064428544078,38,3,1
110.29388329264263,47.839225952017685,63.37254363804825,22.90765735754193,43.537586508937494,6.097285007239367,44,2,0
132.44146321860154,38.23171759584185,64.84425152115855,26.51892654798703,65.45476099521241,14.278946258911464,33,1,1
153.70028557417018,21.161311048592708,85.05068443130916,18.32332978162252,50.9560487704538,7.2226433415229,37,1,0
138.15515659749983,49.39243265380025,70.85401424832337,16.489255415485026,70.67762509818078,12.304719115459905,42,2,1
102.40371292995891,23.19505952235952,71.92644304887816,28.97046779477389,62.48462421131291,12.471800683570166,35,2,0
191.63789457357942,21.459156069379745,91.9096983071661,34.10506791486382,88.25843945638451,22.70267670185378,35,2,1
218.3135852443307,35.44676416591564,96.30249645610817,30.09511839940994,72.73343835943854,21.77788808057937,42,4,1
113.29724437657096,38.117055716132654,102.62466123121325,23.010624093202267,63.53981932671007,9.44774796273548,41,0,0
181.36032384912588,41.410902792722226,87.40059936288621,20.885725624620363,60.213618404242744,18.881179256738488,35,3,1
125.39912818293459,67.17181839149227,145.4818713828648,45.76849825589217,78.00314085174567,13.93612483049887,30,3,1
137.07951953104447,19.72076234989261,58.17661752066034,14.160886672983935,60.43640132465738,6.923113878587119,42,0,0
128.2973100072382,12.893966455634857,94.5789551516095,23.797529607651608,47.07033987596472,10.46415919186064,44,0,0
199.83220084110283,67.80137611486651,130.08425801370458,25.121309119262047,84.414434850358,8.882919970553495,33,3,1
120.87029337286933,14.320117344397325,67.60452072101197,23.380509616243106,69.91646378260802,15.591221125781303,31,1,0
131.16279029037014,15.075377299940072,74.11655582983964,24.42416256531915,66.01052935074104,9.581521117931171,39,0,0
69.40879844611393,19.98685345802033,105.17269883187305,23.311316909866008,73.86780657285212,9.848893776781809,45,1,0
168.59622971831945,34.59293373147266,99.70111841157852,29.93383755846512,59.80369614184309,14.929223918088118,46,5,1
124.82643869833562,20.4538189804994,77.27399693576142,24.878514444739302,62.96583837150803,15.493699279789304,38,0,0
136.5549480327436,40.91359648603692,84.0741962201582,47.61501893492003,63.368640243134436,12.074973610702102,50,4,1
145.2695615360667,15.681104932750866,102.92021219551454,28.69986026744869,72.19592049930091,15.631502277988162,42,2,1
183.9125317237323,40.34404794366046,91.4370933801439,30.416812072169087,87.91414480325898,12.865926200845184,41,2,1
224.1573418680763,58.21593281070998,71.33919190764291,52.11333028601533,87.72485053294383,23.820515917063886,37,0,1
151.46039450429714,22.33677475218574,96.49376696491504,18.969912863481976,58.858297322395195,20.006302980518996,44,1,0
170.56333882751505,54.286247540820156,76.36866841795175,23.827154307447813,66.68119995939664,18.733706774173207,42,7,1
116.9832457686661,33.65759986092915,63.12355509465456,9.464496880223376,59.473881266436244,15.018775001234319,45,1,0
118.52104868783215,10.584321993797786,71.28888364165324,27.11781622308996,66.98432782062976,14.875655348813394,37,1,0
110.96681047680755,6.150944910494175,79.94778727140198,24.391296841916667,43.45964499739298,7.279904343605973,40,2,0
123.90049968056253,33.461173287977225,77.82449462707366,23.89863517638352,71.09371569459286,4.618422699108383,48,1,0
231.23758306666912,49.41123058189821,83.50532040995274,33.34299963751008,73.6422895604283,20.11757005974078,30,5,1
153.38310807482156,47.450020210163075,111.7360370147131,35.17720764027072,91.15045270050766,11.708123123435652,42,2,1
132.45422447800536,31.5809487586681,66.45060333831336,21.565196181121337,72.43941924966124,5.343268181715891,33,0,0
132.59059168443622,38.19739717258095,94.01212163350542,15.13851112826364,63.28009717983405,16.10464885937679,41,0,0
206.75360522184872,25.571120689993187,127.23521826680447,44.6199283086832,81.86493145205932,22.511525997767492,39,5,1
137.90710861525199,32.972272215850865,75.20251603807881,4.873611780632945,48.19373954704889,8.909930097262425,42,1,0
107.36844541669338,46.67256841749534,104.01361987833373,16.58718810515385,49.559140641761594,19.89749262035718,40,1,0
125.06330476075962,8.760071818743643,103.3462405335765,32.57727425798544,69.41256396668919,5.361058554473716,35,1,0
189.9819275839231,38.17242324069354,112.38698590869397,31.930221327179428,73.25318820308539,13.644288598204511,30,6,1
132.67775261062445,60.234418259917064,100.28763992488531,19.691748732805515,74.01770704368404,18.192445965343122,41,3,1
129.0948182428227,32.82034219209343,103.68417639076964,33.8965857496995,69.63951251054712,11.038972640662312,49,0,0
109.67140712224857,46.50572963232848,91.921377837079,3.64832466838995,49.500864546304726,8.425018871529387,32,0,0
211.86807708282967,56.697429611325745,102.30479733944037,38.45280304606848,68.18326062756479,14.790942872851732,47,6,1
180.60731770161732,39.373365075846536,125.95880387070265,21.140374320001108,91.53455570182169,25.10853302046634,35,4,1
105.06843306919522,30.335247023885874,103.67514016245929,26.00845863103773,59.973142741367575,13.051944496418862,44,2,0
205.82350848696774,33.179285651504884,114.02511278886738,10.329054370938458,94.10637496845817,18.078868731358607,49,5,1
89.02763402272507,18.318221721498,100.23039797968268,13.937953037121616,54.201448185366715,11.451099293765855,35,1,0
110.1769250571579,19.03124920616014,109.91185611101659,26.985680254997845,49.216358362051345,13.157819795436545,33,0,0
211.30519305266074,24.340567660918502,106.3765408715906,30.162065994840518,60.711486816658066,11.96935499497191,40,3,1
114.8764049500924,38.72153105684055,56.41654183882805,28.481477379544167,53.31850808483264,8.014803941818661,35,1,0
228.09804991932288,62.133110893283366,125.37615312633915,35.36487727121329,41.295304891708035,20.893376160330973,30,3,1
118.76471600279743,38.24102896855706,85.84918399075156,19.136818806536876,57.75444958409347,14.784169253631564,34,0,0
129.58883036172128,28.35850587278226,81.12331376557337,16.56882879236408,49.415495105789624,18.179189385537043,37,0,0
191.1633543338074,33.97993359484711,122.81791954300549,40.44526429818141,86.78926596874689,19.114017354266924,45,9,1
107.00469546303466,30.08788442632072,55.53398562207532,16.340531484036802,55.89142800863526,12.279439187927046,44,2,0
112.37313489574193,62.75323653872407,107.99559835233703,43.99097479263414,69.79973470595235,18.077663880871395,35,2,1
99.15911175513794,27.344073667375888,92.11609333976227,23.547679783641343,56.309998107484674,1.3193282665138124,38,0,0
110.25594157610146,36.844504776364275,103.70509656234454,23.816809381182836,57.23789618799674,18.209131637506857,43,1,0
112.96157364366982,25.78801183387087,93.74851420666552,26.2086682523122,74.11546705492435,9.096465353116786,33,2,0
209.23835905504865,54.44040950143338,103.961138517703,22.725351935457205,72.18760773936675,11.37681485872715,35,6,1
94.07766671500211,18.678508592839933,78.78776640254664,17.072257593041183,76.62706016003497,13.764417937468085,40,0,0
96.38788404587373,55.18940729973524,80.47148920536803,25.94949047054447,59.023806703497435,19.589691607181233,34,3,1
123.62853240227943,36.87426755126504,73.17169128675943,20.179706206453286,51.128374116371454,12.785813518272539,37,2,0
169.3758175885558,13.279596013893968,108.97885436385995,33.1977804112682,71.44886951749484,23.72250155637083,36,2,1
108.85153893783358,25.461085838468716,72.54421269746477,18.969798465060947,75.25303292074591,10.463119818616114,42,0,0
175.4143665797443,45.94848219769652,133.65295188026596,32.94568512575164,82.75297125165275,12.777542789681185,43,6,1
190.57073086582545,40.862400601553155,93.15509739706417,48.89813903893843,80.79984814351067,17.000237351673633,47,7,1
173.99532194984775,27.620951045107724,150.06475610138978,39.130708059288594,83.34863641014091,16.13198007931687,39,6,1
129.43975328210544,17.76526536181774,100.48959339703822,30.270105543019064,65.78315573442758,17.973909080236897,45,3,1
199.44739166247757,37.28866793448153,80.74662931181949,15.915766157939915,51.197091862624234,17.9821116009678,40,5,1
102.02512978710307,58.46483657474616,87.32720268178845,25.000375027913645,80.60797355574779,21.669130015439094,39,4,1
112.80740655095076,27.178742230660887,80.65565595487976,7.831216950347496,43.35210998567237,14.581538687027525,40,2,0
126.02214678383484,42.3070290498447,98.34211883200112,17.490876674853276,73.42795315421705,8.064207736469783,33,0,0
200.28081088541427,32.76135697277171,131.89523978087726,51.40970296330354,59.91536310427869,19.44601882597416,42,5,1
177.70418539703857,27.69440514554454,79.68985122373358,30.144165626355488,71.69612966295415,13.01645687797634,42,4,1
124.18205980979712,52.44951922469843,95.44231423236188,30.488483932094848,93.92792756460568,15.196316278990682,40,3,1
99.91890806315979,46.728682018985296,80.65850799685083,20.288256618642546,70.8262492100221,8.748758041752854,35,2,0
118.09071505821854,21.360201509239218,93.95799978986886,23.595726510553142,55.05119341820681,20.8207492006364,42,0,0
84.47507333067097,28.7346742025294,70.08738204871129,15.369584803029362,47.15630591690826,12.953509619364658,51,2,0
150.4388536790707,31.996731226748,95.79284792446177,51.64892589101457,77.07374735725541,18.064183242751383,44,2,1
103.33887885998483,36.9516524833014,79.82148765358657,15.610744435951087,71.07311669340774,19.2515608797637,34,0,0
138.30780551120324,26.243663392826598,70.3978024235945,14.892989467457266,62.117924201857846,10.415058759723326,39,0,0
109.00919450808931,16.951831095670506,87.620184365819,17.141061049080783,60.33937885134963,11.634318552123519,33,0,0
117.66468168409507,34.416625641860605,69.30211543450801,15.025156052730924,64.39510018819118,15.963211424491398,40,2,0
107.28884317191194,15.662699751897716,83.39456311617701,24.785328183554327,61.94628577917411,10.3970568055346,40,2,0
154.77702703706663,21.625942746845087,78.49740846819866,14.855336862152356,52.07724045828529,9.013917042589995,43,1,0
147.84206341090075,55.28429061327724,114.53741047489872,19.978908953662252,74.09634695110998,17.951540781129783,34,8,1
156.65114086958403,15.760418878023932,73.10387907405442,32.375500667876736,79.60717832038702,8.254006746468955,39,1,0
136.28303524236532,31.78529169720478,74.9136755820976,26.725180082768247,86.72156742628013,8.215889016041547,36,0,0
129.64133454670772,10.354639618970754,81.44013901995575,6.969406475385599,75.62668505230683,12.63426678187444,31,0,0
127.3746629463504,15.188542753782844,83.03111759241969,14.646621971032264,64.78223940162623,9.558166937088895,42,0,0
127.87594596432503,29.97631083867192,79.93697126913266,21.697240802058975,56.62250967298065,20.632076043428782,46,2,0
81.4465484130878,24.563931039069473,105.58043534769627,22.266285470620453,52.01814106103034,7.769484279060776,42,0,0
173.66778087961345,50.712396275178804,128.63177810428223,17.076966250715486,70.16468317668594,3.4786951712417675,49,5,1
136.90315942368642,48.338965460243756,79.0369430757093,28.109958449756252,54.46732341313239,12.879011820510197,38,1,0
146.17307582023548,48.97745884119881,103.87340036696338,9.902666331312826,64.57587701422833,19.38618195445705,30,3,1
179.43604136373312,35.265022192902634,112.84556513342064,24.509455688411343,72.23212597358342,11.657900975667852,48,3,1
177.49407111512713,58.25410178991253,89.08771687342495,45.107316515392135,75.74198006421744,23.963922941431978,39,4,1
154.08211032510982,24.025211419755966,75.82534616185136,23.166029947996428,50.393868235871736,11.953789284093771,31,0,0
144.9378343106944,15.044584635017962,74.41903512003012,23.14006615476293,68.93055926711037,10.951087451064671,46,0,0
118.75991981267937,29.877015506919424,84.21336689901757,30.903754902755697,57.613829714893946,7.468087621234931,42,1,0
139.02898554116172,28.27154325185889,71.7081362368223,27.70853706509396,38.46990561355879,13.838504148863473,40,2,0
137.97506712688795,26.324231647440076,77.99715167457929,31.040464810390855,64.56466758116176,17.992154794469467,41,5,1
85.92256826346562,34.42316868164485,101.53784696128847,24.432366250703407,51.58086959165945,1.3079854244637357,35,1,0
101.5106802374089,22.492703929944014,84.2685018571179,15.350124945289926,51.919465709099626,9.862121296633116,41,0,0
203.5142355255094,37.69985515677605,96.7742913267771,36.82652507292588,72.58576595818899,12.882430066224964,37,1,1
204.78955138811475,59.15396664409419,127.4455782689315,21.9662129283371,90.93000294546505,24.64918737855531,42,7,1
115.13232041249964,33.859700925688756,104.68032428406117,10.315728812808098,59.65743180895992,10.697514867400017,37,0,0
114.00323607450238,18.23355056099947,76.47252682623355,19.147080720822753,59.176694499827946,9.577291148971288,37,3,0
158.08273179146013,39.28090610991081,69.66085065271419,21.856799165062817,41.241909071523686,14.758027313316235,47,1,0
152.51917830724125,12.29518862223922,69.7250577481041,16.9459686630409,75.20277988882833,18.544725204228396,40,3,0
164.3756046689627,24.218865412843567,71.76310278515633,22.20296959673532,50.166232770513204,22.64527460703134,44,0,0
116.81909579199898,27.41991463802391,71.08253416359916,25.64128443900748,50.476016148695265,9.04148380612565,44,1,0
125.9124897749419,23.637762873480703,60.80528227476135,19.78584855038471,56.71446748209703,4.716497792727723,32,0,0
89.66714901158417,24.349395264488074,63.13699854579533,21.572196336957816,58.91665152630706,14.23678573631336,46,1,0
149.53868852236548,48.71074482308114,67.56019438457945,29.683968549891823,74.5897981683184,18.441938941292815,43,1,0
96.6444089746413,21.49115910961101,88.87356527679647,23.312376082576584,62.69423452054901,15.254759868162914,33,0,0
124.33551127525259,54.41221722471914,74.28144069090689,21.405770027721317,65.66465484109534,18.425388158121244,41,1,0
201.23902647856363,33.87752625130913,100.73207313126157,33.26563015863055,84.54320654978645,16.87069449588596,36,1,1
92.87154721074279,39.84365220734835,136.2850565540055,27.169209264017496,89.69977689667061,27.868689877298337,32,5,1
103.254751379006,34.76240353387666,99.42510724907628,22.31104964574357,63.097295030870086,12.461743629605248,57,1,0
107.84249478648364,55.29927749251952,75.76812585293398,28.986176035909857,40.67265857431062,10.677787250532447,48,1,0
109.21754593702043,20.064069960685522,70.53704733974887,20.32814980312318,57.50081515160471,14.652376085361375,30,0,0
75.00731774503552,73.0359975551739,123.78259562906933,47.33441339384263,58.90548225759544,14.7773615075197,40,7,1
281.9603883487089,33.68552801089286,135.1220317938707,32.341941514982054,71.5155378718088,11.83701324187243,39,7,1
97.9027441387496,30.32143146964561,76.92939149716568,25.149765346318134,47.9569106746049,14.042370683217559,32,0,0
185.95507215670764,14.973897487856075,90.78867940480885,20.932710346499057,91.96047509622248,22.842363373251114,35,9,1
144.35918304611118,30.22339239318608,67.7950313729367,23.057374257773482,54.28953422125658,15.177706757003392,33,1,0
109.73607270973208,46.93547133413672,68.45500386482917,20.79962851151649,80.47651903896849,4.148032369389115,46,0,0
214.82986578353612,48.11790751600621,114.36823395553259,28.076968157183728,78.84553945813899,21.049143929110084,32,6,1
217.9525238588648,46.988965080391516,104.46040605924327,35.44612504184037,62.11747867771333,18.854710554312366,41,3,1
185.22760097857528,20.951747300788558,100.2097596534775,27.074838064506583,72.92065622047888,23.773306208396903,40,6,1
174.33896986532207,17.77674255777891,71.9988692567324,36.70992652088924,74.90399942068463,23.71612052944902,41,6,1
109.37571410784803,21.741672267619524,77.75546083622311,15.90854597043921,59.65686669250191,13.727421973846464,40,1,0
146.9555203314183,47.031432520799356,89.93286523901054,38.98627866730486,76.06204168581458,19.64187592481874,38,8,1
97.95415700327153,49.33359747714357,79.81451092636453,17.734456687035873,49.228331738414724,16.51809371781452,47,0,0
125.97776142628067,20.14284622301543,70.9087718951055,19.600318483829486,66.276084088579,18.798124428543577,41,5,1
128.17214615403535,29.88484911923355,79.248791017153,26.455214195549605,60.18777723387947,12.602743431535442,44,1,0
112.61329691094453,64.07849318135915,105.82748912477167,35.95157323884728,55.558867929659314,10.117683931241036,39,3,1
103.22828403105538,40.94798502227325,82.6654706868536,27.16591635613069,69.58332714685142,15.261267540831621,49,0,0
178.54677567830632,32.28789164152403,103.09297086473251,26.59279228467918,85.73588942030406,18.057158263318815,45,0,1
130.6963467269182,24.73444866863298,69.33020134180148,25.984612557393046,68.10594973148592,8.978066425852333,35,0,0
159.1147371992003,24.508288785994726,77.38959087934077,24.439474425205965,71.85003767447094,16.32837778065099,43,3,1
107.25384505942411,34.09064938334057,99.48039936490136,22.287825466384643,70.95873454976825,14.516330476964958,26,1,0
129.16773407102968,36.66627883456891,84.22877031126575,26.057510963350488,63.3455763453788,14.2062941552793,36,1,0
78.25945962795862,16.500743621387272,90.33069116832155,20.625525170173677,57.90471618482945,13.948035871232621,35,3,0
108.30764538685601,25.44801095183841,89.14606585005058,26.89198892170039,54.099740309091786,12.370125566964308,38,1,0
155.67975428250705,51.94952265351346,74.53574452173206,7.698697470853865,95.93173502907928,15.351758317818422,55,7,1
101.80633166036333,21.012001897561625,50.75614740910951,17.481116774537284,72.60951685480927,16.951186015246442,50,1,0
126.39711715504261,40.861564178397394,55.71463628230897,18.218721046499454,71.91732019290133,14.644068135145902,38,3,1
106.64440887062227,22.665179333217207,94.75604065855346,20.64036004184298,48.66993434218603,9.650194900577171,41,0,0
125.84385456652747,26.991740439677013,59.9191444079664,19.257075946713787,66.94211042945226,7.76775313083793,36,0,0
218.71304096100818,35.27296199971294,116.8710058244424,32.01066990031392,82.93607956970752,23.584920750223915,40,5,1
219.75128858121755,12.653319344924512,106.13579924922904,20.346038408182995,73.73417559410669,25.568764823932828,41,3,1
77.58599694729867,29.55726680155351,69.06814705433925,26.975238307890884,49.372997244721006,13.126783655309413,36,2,0
107.86269644285649,22.710407499668378,72.7742442359671,26.22258003915126,55.845495169612505,20.50576731010554,38,2,0
199.01462442768042,39.19605830100079,103.40830835186225,29.564543279211193,70.3109787611446,10.818372439991375,42,8,1
65.0499031454953,31.802948805034443,92.98511976751055,24.197505485075247,40.61200090618422,10.964745318028314,45,2,0
161.03287299584142,51.43451922822776,95.54503573695958,48.9557477322856,80.77284443412927,17.863286190973337,29,2,1
149.129121704285,50.08137243420549,107.37834405816494,10.836992340022931,77.0023126787121,17.486640994597803,33,5,1
244.38082663103893,43.074026011235865,100.2330341537049,29.651876852420475,66.21055348834416,18.417199979377354,53,2,1
112.29956376574273,23.667272952897275,99.73732760024335,29.107908965250008,56.5973032204583,7.404606927333292,40,1,0
205.43871002846953,41.04864547320744,87.21869334335967,39.46548527716782,84.4331558412525,11.507690725245617,42,2,1
122.82514280174927,40.108397350203134,81.24297262803495,15.167633136592666,59.5082586997291,16.219602870389455,36,0,0
77.388670403856,65.29055187570484,87.1000501333245,7.4266157126581405,63.42530989729593,21.779925202665606,45,0,0
135.36414433263474,17.555135501111344,79.55294327222839,23.998981372150077,50.53959981748447,10.26514837323591,44,2,0
124.30793010912576,34.4982721372651,87.86877024571422,8.64983162813445,81.63474853700143,10.589378052543701,32,2,0
137.43119972730605,28.152074236869336,93.0306761727604,42.11265496493013,75.80003706496542,24.207944219209253,34,5,1
179.60620765398468,75.68481821515732,119.88005576737693,37.98504904615669,43.507066007473384,20.91899410039218,37,9,1
112.45979247726,52.9551435250587,99.15464003130414,39.15529791724743,57.21785398702446,19.150593798614953,38,4,1
154.49393299522217,18.74345032199415,69.68323557761853,15.438070962472365,58.18265755146381,8.492261672501895,40,1,0
114.25104961199288,29.587086382153387,69.84483234814485,19.060926711053163,60.47888782675215,8.391207652108228,31,1,0
125.74657808806019,15.254973129517644,74.38414950189629,13.891838315156928,57.183116792108706,15.81005903438359,38,0,0
164.32492938452535,43.25142980320007,86.9609569195323,33.77639571786641,75.89476874472597,21.21382553079098,34,4,1
111.51527333203913,30.550029360333745,71.99684561265377,21.86350682107035,63.70502010828092,15.033554852044576,40,2,0
138.90385793895956,30.35069526204666,129.6036615376373,29.933960895166354,86.43705665990993,26.499502940068155,36,5,1
126.59017471146018,25.33811388053777,88.2305071459235,18.290494718770315,53.56751568787433,4.489100544359173,36,0,0
89.65652606656641,26.327960657882517,78.76229721632909,9.747053228677032,52.3391954385307,8.500139933279321,37,3,0
217.129827653773,33.51583264454718,64.60979527295055,46.31888848370221,67.15571175604492,8.216922734153655,49,2,1
111.67611190229492,18.359493675941746,67.47755134179991,23.57046615219746,45.98745985800232,20.444231914539564,40,0,0
133.86030296060864,21.934382872049962,75.7451877025039,30.947384758329065,75.82717262770167,15.60849801419483,40,6,1
190.71374551465334,53.47164396471226,112.97093495265996,33.882742549264336,71.97865111028858,22.844579101773594,42,2,1
145.14298433725145,21.094311894089856,69.54587809792855,14.223509871179985,69.38595803175112,15.319279069966752,36,1,0
109.29329825967554,8.901617593743584,78.88110984487885,17.491238618803834,68.71045293145218,6.427870793164695,33,0,0
127.1690723641924,43.393265894799995,85.15396302767324,6.736159426924523,36.180087268633415,12.856135351244127,37,1,0
213.08461714263072,41.654614781003964,134.8276731057341,16.194289825530035,70.72300159172708,16.65945916355009,43,7,1
135.15843699847238,41.633760551635504,88.2519272182682,18.952902792778367,48.97908044407441,2.2980684057892535,43,1,0
129.1232399554911,42.707175122786616,94.4283055248657,32.4551844332736,77.66452257775286,19.615903427078468,43,7,1
188.45586269882637,51.50343690287819,107.06078496830001,25.346774816589225,63.130295039032546,13.725428460380417,38,3,1
222.50629163150106,71.44469478806099,101.94834686128625,24.6027320184823,70.80634514499148,21.749460530813057,29,3,1
133.37309609515813,55.605029593556836,72.09400822640339,33.00313613654766,59.80846909598659,11.753115157274307,38,1,0
234.0445635994686,19.272300439448692,83.35859064534407,24.978921751703027,74.52185492663057,15.297486680594073,40,5,1
231.70981158072829,57.3888537454598,78.30064025039046,33.10175827182838,67.89201354175167,18.922090579061425,40,2,1
105.6233522478254,32.573731064173494,104.37995463612792,19.02842519338125,60.057851148266536,7.296080784931563,38,0,0
134.90010625754562,23.691535970528115,59.57487454304554,4.412669325299415,60.90110429231086,9.249904672380131,47,1,0
203.4956679922405,28.68376986969498,89.60651043592729,38.81013347165202,63.92701723722757,22.548164272562826,36,2,1
118.71623645783005,22.828180992775287,76.10418243385202,25.746769975190972,44.635402964538784,12.453977384902968,30,0,0
197.89575748275902,28.222147736825516,108.89716441196644,32.82828160118703,82.66219895098037,17.594915954830263,37,6,1
125.04480792853354,16.78444213488949,63.699337829229094,18.011023117177228,45.96332693949473,8.52348303000828,45,1,0
117.67541913756084,30.210927478505873,68.43095874983779,23.69297681278423,43.31370573499214,15.03908343650338,39,1,0
189.54219815094956,40.498068197577,107.46244794182019,26.08821836364279,61.89115766346245,25.014065555182892,45,5,1
151.5623611512437,29.327225350864655,64.31457543683132,8.380661062463721,55.11553908661349,9.843081852841733,34,1,0
139.70899371230436,19.25338960567137,76.86623063943692,20.62176073595152,51.21599522660699,14.025113885950349,37,0,0
137.38309184993793,22.176460774980065,73.89476162289843,37.05189586960471,52.96263043275037,10.18736842525626,45,2,0
110.88920947952259,38.531653064131916,107.761717136536,10.654886280463833,60.138357232223946,12.25226011795248,37,1,0
102.21518343543352,32.474805476401045,62.510387214793084,19.402068170168533,52.798370963201805,15.900176218891467,44,2,0
139.10601116475505,29.903355786866527,81.54035775122881,33.59222285436192,60.70697021664839,9.585035627334946,39,1,0
161.60941536678095,54.40315595293533,122.67376996197018,25.730196284932376,73.11666233667385,22.691102145497997,42,3,1
149.45341351501963,34.806085933473476,63.945191770222436,16.40622323456757,61.67650155386656,11.419461667914634,39,0,0
180.12590907625307,30.17206488201149,119.30528768760897,25.607822351781873,71.15378731600836,26.14310548184563,42,2,1
115.40902689279307,25.4014073768486,74.02509480677558,19.985218240106235,68.39247845390595,10.890205962596099,39,0,0
219.30732571079764,52.14645250075687,59.63531777137607,26.122831335084324,62.271220512533596,24.218594134471005,42,1,1
112.15057787878254,16.988907336086548,89.89774418156847,19.480235247548425,68.3814689689716,2.1452635043777484,33,0,0
203.49049653856707,66.22806790052735,101.86916983532706,28.07895319370324,79.75525105134133,24.703379986403483,41,4,1
110.67009241543605,39.64769894302446,64.28337580791352,20.789242566537247,55.665683623598554,11.269240933274718,36,0,0
132.80959590401648,42.99987372262134,90.31853124338598,14.761317735162766,56.12239077183776,16.727585811087742,53,1,0
116.18993788004377,39.60305168086668,74.79257776372326,11.063672598287372,51.2222269356419,12.86212791917633,33,0,0
126.48114056443121,12.058081334505637,93.7665822582725,19.711034586253405,60.04529291051558,14.942434281262193,45,3,0
97.04617220368665,40.831452126607346,98.15249143047978,32.00582752725146,66.97387478711934,16.76015501282817,33,0,0
121.70418899267803,11.614813767279294,70.32607309516553,20.575420483839576,52.743323971169794,11.473131668917015,44,1,0
126.6155757235907,47.77240550432481,80.51665143655555,26.556540950662914,72.67468415741162,16.489653956354896,37,7,1
116.2620768367603,26.322154734289448,68.66808797910677,25.27860063526949,53.22637771278231,5.705827106439073,37,0,0
87.3905351256972,37.02533313933856,113.49673875698265,18.89176271183235,62.093543301876146,16.958150980936963,34,1,0
189.60823375784892,48.56463984449939,113.07785220542048,43.304516715623166,97.94272997396934,14.560170466611602,37,7,1
230.12531299072975,26.838860600562533,69.45758409328488,28.51117203979117,75.11216611638876,16.335495411422137,41,4,1
129.33341963932162,15.35025253895111,92.65685038822363,24.903479442107145,53.200333050679745,14.95888994594971,46,0,0
150.4201245431876,23.315450891468224,84.74131733163401,14.71776932324709,65.03328773845567,3.280875232142993,46,1,0
101.02166958350325,20.01905372230965,69.94185257874975,23.52162477335664,59.03250594669645,10.282903108507288,32,2,0
124.4280507915604,60.7616143570817,80.1045656413661,35.74081282106535,82.19115390480958,9.549305156387733,41,2,1
172.17205875412395,27.555915197206307,87.62022394304634,49.58131615301775,71.88868830745496,7.626146398771272,51,4,1
115.26889425562108,48.060891178369616,83.36630057573376,16.48769567181196,55.85483782532349,9.128312196205673,36,2,0
177.93908285901415,59.295142473210745,120.55105427350314,10.134728580224778,66.6061259393916,10.914804361195138,35,3,1
200.12361474494986,40.50183788255082,74.57431501771796,38.326657578803605,80.76635595026352,26.311424277648833,43,4,1
103.50971676944653,41.16681275067522,35.40040743061164,24.402573767875317,58.130284871827186,14.861913727132134,42,0,0
138.8075260583262,42.906869356081444,120.89960990266388,34.52005368582448,71.62192126295076,15.820418765179696,37,3,1
109.4204458387197,34.98883194768213,68.77863525727005,22.010875503845547,56.53125608109906,10.910701560020952,45,2,0
98.86884714479494,26.578513488727612,84.3748839978357,19.734597253070614,43.2036450229337,10.925325534363836,41,1,0
144.4616613419065,31.95076925422602,84.34008358464477,20.689682174337715,67.46316522559127,12.056319193858338,38,1,0
114.82291199260337,35.374787046064284,77.44664312043231,18.596885121259426,67.6650376700558,14.613749482688267,37,1,0
127.05009936713759,24.215402711236685,89.52868304905935,20.125808055578158,67.84170173724476,11.791745835203004,45,1,0
224.76979670256384,49.448590150414624,82.92867430594788,40.325617203605525,76.68216037201911,21.98282147223819,36,4,1
83.58793398902966,29.415698810025116,89.15352508540994,22.181440091651975,51.20129595289908,14.302064486176269,49,0,0
125.40114716782844,38.26403317330525,87.12113157259836,24.5170787090173,51.996593679640505,13.994278764016904,44,1,0
81.75490049160446,19.339678283723195,85.66332099256866,23.06616523729668,75.30172055220521,12.82210799286584,44,3,0
176.75816141113026,67.19222642791308,116.64801077181119,28.10500423607871,71.73333393872765,13.195933542724873,43,3,1
92.6336992233438,49.12005469052697,107.46115737246893,29.057924493041675,61.225551569507715,12.121514705651835,53,2,0
159.74551998461615,41.640601525859374,87.39793532734818,17.961853607015613,54.84365965919673,16.445504355957024,36,2,0
138.22725444349445,43.49179048888705,65.47496205119661,27.38538184259786,73.6862342269851,17.628844085913585,47,4,0
122.11507582542961,30.24431840178034,83.72458213603976,17.660551013534857,53.0549683861519,14.32925154209793,40,1,0
235.13878509846018,49.60558855877733,115.72034581628417,41.23080399340639,62.05607074763337,12.38259476545531,40,3,1
184.63298348907784,44.231462467017124,77.01640795566439,29.209349805126276,78.12065418552936,21.90362972178846,37,2,1
130.86958757340187,45.60255529530931,96.33908370396648,12.267321507285253,51.636615003353725,16.955424136233496,29,1,0
91.18315964259496,41.65092617350036,82.4300241806099,31.556753876883867,57.30740556818222,21.98346196540114,44,2,1
132.08134283130954,40.39130661507403,74.37170040443948,30.554799187653806,105.16372161850683,21.51590507850311,42,3,1
215.48319105785149,65.53641874144277,98.56587307430063,32.42902540711251,89.29063119439823,16.54192721624502,32,5,1
134.64984205559605,27.231106442311965,73.90956268380927,9.977892124326809,50.06566400866885,8.539157598585065,47,1,0
125.77447325650047,23.282792107419226,88.05769721812604,39.769169065819106,52.75560239896724,15.491515799675145,32,1,0
86.90225127543408,17.45839013004396,94.16322260377721,8.4222830826858,62.89451072850659,13.507260284163108,35,0,0
245.4319122454326,69.99994888841285,61.94747527137116,31.508676285115627,76.00562831533608,25.049599455768245,35,1,1
117.54582132808552,15.976307165761751,104.97878350917043,28.003129920310094,61.3074385901825,14.422051680943358,41,2,0
121.86744748553302,50.910942727324766,77.31939673154757,27.254701360109177,65.41050984061663,11.366335061327128,43,2,0
97.39592550652152,29.775639480194265,89.37226734580813,25.95939485521196,69.852201728091,8.43922170711063,36,0,0
275.6843854109597,38.32580413657121,109.10351339737649,16.992649296126643,81.75251805087073,30.460779511977282,38,2,1
150.32788110507147,35.880766751678316,78.53981046660901,29.45762262435901,73.16247297161274,13.74420429910376,39,0,0
207.32892059155233,58.37760869392219,88.2048151866573,42.71918303422366,70.03679142809679,13.118744563766786,36,3,1
175.40791004963745,42.6802544015875,126.00353053626279,17.418027099730743,79.5206021744323,16.861279524571124,36,4,1
115.75582060197696,40.73621943907572,73.66147371468172,21.684065304086143,49.619514185753395,14.177765334676046,35,3,0
153.705097840211,44.71022543592247,124.73743787036449,24.045756147569843,65.96121028002456,21.156892950740076,43,6,1
121.54961037037725,27.02133195043139,83.6211367455507,13.63243581916873,59.52402754881493,6.964517774518988,46,1,0
208.45642317861981,62.508265999565594,98.43781979774421,40.5331027964187,92.52667962700255,16.275094980570767,50,9,1
95.16478849036751,24.7261093836038,97.68894737868844,29.18545595521072,60.21981552643602,15.322622765181633,49,0,0
212.32144757608285,34.72519231284379,130.85776211078237,37.5127770514261,77.5014866046284,21.74215926105715,44,4,1
146.07737607877965,57.01772645982274,75.3804300638948,32.94934735110136,48.160258161351415,18.09350743541795,38,2,1
163.04961271909187,56.481032340200244,100.23472739443872,26.601788316917027,105.1335905722801,19.02524117248189,42,1,1
161.86343566464583,61.10119053615668,110.54877303719994,31.821348710111764,74.76082126011306,18.073532583789248,40,4,1
111.72788933156711,37.147456498889454,96.66129758621963,20.45006415011307,56.61813283017531,11.065641070888004,36,4,0
166.7963923319425,15.86253463557345,81.60203659107692,29.552912432404145,68.73168088975062,17.984840034913276,37,4,1
209.31316327286982,42.668663512083604,97.03642933003542,21.138873486523497,79.5164044463893,20.94504975295766,52,4,1
93.29036861800218,37.76931692354829,76.82165703202637,14.07557105941138,74.63900786174322,1.9246761803272623,34,2,0
129.72072578835275,46.07915061119158,73.00071547736532,28.656338195000828,65.55294190013616,11.989057775635546,35,0,0
199.51099284337351,59.70006354200841,93.00274673847125,32.47288125627739,63.88725402781184,12.979987329461718,42,2,1
150.6306671211585,49.577262538124586,112.99162663292347,23.540918267377034,71.25006146230487,14.37663809312577,44,4,1
174.3388145064861,62.22136299596149,93.1456444624371,40.26014125707297,99.36654867869044,13.594076980356148,58,5,1
118.12727622521658,32.91378984815946,83.10016442808674,17.689630853291995,44.94428658980316,11.659295630915993,49,0,0
209.34191254023463,25.52511090496646,80.04484434681291,28.653559081752046,72.92970752007905,25.723086280236547,39,3,1
94.256728628315,38.728170831783345,77.99558405409843,26.47378348663716,56.649621079816484,14.93811687369795,36,2,0
170.49266732156062,47.232131425193856,138.52690811442267,26.49047257861912,81.07121166984902,11.538461287893927,40,6,1
108.3280134730799,26.909337632617397,94.12428520327236,25.739815496427504,45.13837725393384,8.60931220313986,40,0,0
159.52945768230785,30.34581390927177,73.7817598585568,41.51515145933001,85.49505174971769,15.65650612410858,39,6,1
95.81001977123941,19.490591255229333,65.1589211645634,18.575181018815773,71.894389636693,13.905692487170606,41,3,1
63.35688803778862,21.46067091539944,68.78856120126193,18.60978491252561,48.32603019932388,11.885377355858944,40,1,0
186.21299996797606,42.08262772702836,93.17390970679881,31.72158669606441,95.05991323978334,23.831512162921467,33,4,1
131.03481599821842,30.55199242530089,99.61946288824015,18.526583786240767,71.61222273154164,7.083220190485871,35,1,0
177.68369000492365,47.8294662235197,96.8159657682672,38.71844569874091,65.59004709368017,17.688220931940755,40,2,1
150.59532797101647,69.12100870759093,120.25885769339563,30.492974252171585,44.44793922454237,12.322132525650787,40,4,1
111.77146785767995,24.432212271566335,91.44713451064486,29.180365732722066,58.10221700432019,17.499934544847292,47,0,0
116.02420951222754,58.2158833808615,146.8810755766525,37.15864629571147,84.5828175209812,15.993889042116297,36,8,1
271.0834599221322,45.70948114693092,102.67521148108459,24.956347996193934,61.92930609752085,17.19322406687793,42,2,1
112.22958449633981,33.99469372602185,103.97166343627639,11.261880386914774,60.90083477540107,6.710914085635294,38,3,0
123.80847779850116,33.10472754180751,83.25079463184325,20.659235284215494,61.68722577345877,7.078095767290996,32,1,0
162.38963182454398,61.07520560835884,99.27105359483924,28.673182202801044,76.25143586678638,18.078028583899858,41,1,1
231.5230289940951,49.42837137517864,88.26058027959073,26.77938603521668,68.46364455456344,17.740360866233303,35,5,1
180.58035997050615,34.80832522623376,106.63927857133108,34.71080404096887,90.48613197153593,14.889588148471333,39,5,1
130.5545681587815,44.81963956630218,110.20197462414546,30.816447090182535,76.77562656759315,8.551623759947441,40,3,1
106.83503175332304,24.681222497106713,88.60338255316138,8.354170152625318,85.61297776771106,10.609649508220718,46,3,0
209.24002507141927,52.33767525956691,103.32677731901312,29.824826371042516,86.00954584312464,22.310878432083875,33,4,1
100.35411931490641,20.17675727723224,94.85850241164184,32.20807163853013,36.81757019647501,13.528028821811052,42,0,0
121.17968443179194,46.053559623618064,66.82817444591821,13.027685418810755,65.95495300721973,7.0968330368730905,35,2,0
128.93745001605396,42.2393634423789,65.22580812324452,28.555359260747565,61.862524599012666,18.879938121317615,44,3,0
113.1490159828447,14.285800016616996,78.29262841538785,20.303963861714877,70.61041859183581,17.61447867411334,44,1,0
123.40927541993142,20.67628756818013,86.49459392065454,10.650159348148467,62.84885899715317,11.343313524185424,43,1,0
100.74534869430775,7.1422275550505,82.45886095390145,12.079462890534863,60.58603939525719,8.41082727430312,43,1,0
195.326727590356,44.8877880488888,126.77039017162545,36.24606644894278,76.00826113119712,14.65757883826609,41,4,1
132.20432339178444,37.66388476572399,72.40866063212167,17.168763984531275,72.68780588413841,10.817337551658287,44,3,0
123.13945921936869,25.861050577251433,63.00436478933807,10.809609162692327,46.13439941219002,13.53426852682826,34,0,0
108.2693746087213,34.60797243615968,76.62980147555194,8.141725031422165,51.83393812860416,16.158529317204465,47,1,0
124.48432808581586,14.776656817182559,96.12531821766365,14.072964704514458,58.944070407113216,7.85394947696564,32,1,0
134.29219581273236,37.97975254581905,79.93605593534186,21.356663058317828,60.98437623924584,16.04363826137098,38,1,0
79.00117442845044,24.4489077207165,92.8912138213918,19.955194731778032,57.740167966477514,14.470742451245192,33,0,0
97.02054595934754,64.17421421189229,123.93526449960876,34.73731660768657,74.37243434914792,29.004002509682444,44,3,1
179.1186054398292,44.087257199956085,108.64240487967538,23.968799117738797,71.29945836919623,28.73930589330513,38,2,1
224.87446019177008,42.099885754805655,99.08578490708345,31.639514808948107,61.67575006869987,20.919199816676187,34,7,1
143.94493847290457,18.469156682602176,112.56789291593742,22.758885573039034,65.789130237729,7.7616460651916634,27,2,0
92.56652605539068,39.67794469003426,101.66515117969918,19.150839300272935,51.4766632154689,16.094723396650423,51,0,0
194.04661870508338,28.070482284311893,131.596139148031,17.961143656270153,67.47291044566117,19.90111403239974,40,6,1
114.2290260824859,40.500490415534266,85.8072247409136,13.281047884485936,59.24647758740443,14.190824772652576,44,0,0
104.32492957751143,33.24658235502518,80.00839988509543,18.42556322311254,65.14640239981159,11.677534540739671,44,0,0
154.69873151673616,31.429906348092164,92.39679666288143,18.59238445079742,63.88168033433942,9.757500462499195,39,2,0
102.86455812346415,12.739893813332333,68.82531848772418,11.341327190900083,80.5039665111151,11.588673974722836,37,0,0
108.88906441026266,27.296333032388304,67.40587441938992,17.060880864009494,55.384868647450915,16.31993267853681,35,1,0
124.08778063205953,29.72615679596256,69.85893927059585,5.475282233732878,63.84750533766803,7.230970364024841,46,1,0
95.95700947847823,49.53107198272574,71.42107180702351,33.38524633364067,83.54711397744092,10.351373779232734,45,2,0
112.08638576487472,36.86956632098677,92.2298625021352,13.43810348094581,54.14793103096399,8.993025741251248,39,1,0
167.79244618076993,43.468454116628415,110.4846035990406,38.816964269577426,96.9146457415336,19.80172134952503,39,7,1
221.87647177952556,45.563296149908446,143.40904357889113,35.662707080586884,64.10810750110242,16.301906833773526,38,2,1
166.59023672527894,51.00962457509755,109.2893493944712,24.85574181738257,68.72299203966409,11.642414969936251,48,2,1
126.35741146793725,33.178856191444936,123.00273607359232,19.578251929015558,66.2452670622289,16.568221710769063,47,7,1
209.74607102160692,51.84533959699044,101.32188492597952,16.787662623363083,75.96455280251004,11.865264595503891,36,4,1
126.43186422678477,20.608444302293183,75.0938985370432,24.55342747991905,61.47318859031395,12.98691284514509,37,1,0
155.09866143294482,26.15612623407079,75.53075952780165,24.651866900759273,50.64602740017706,12.849448215232309,47,1,0
120.36803261566877,27.94233006322828,86.79832853424345,25.4234137305205,68.40567697791671,10.869550439965447,33,0,0
179.1775777059797,67.37510788202712,80.14681969096837,21.770513741376426,79.53910778781507,13.551091647239797,35,2,1
191.56734692474902,55.872440602287476,89.02389954445664,15.364968966955939,75.98286495124889,27.707758106285432,40,1,1
94.61339006906601,42.05818420716043,69.53687086287329,8.840765723126776,48.523373720522514,14.10771412416426,49,1,0
171.2132219059616,37.19054090156551,109.12996070501292,30.420390369972306,104.07066689515133,15.770944646988971,36,2,1
124.04657592845604,16.27920812730386,63.27310606004768,27.576650979264098,67.7334169464471,7.314927159365539,33,2,0
117.7850506463503,67.35206283149762,109.20395362460081,26.140668734844358,77.26939019653241,16.585270090435785,37,4,1
105.33934008952022,37.318980692343814,70.17008715198808,22.136208442063555,47.409972730318486,2.1650323069137976,39,0,0
156.3612384511565,42.5451870238119,82.92451558986139,14.634641589640015,59.58392504629606,13.655436798711142,48,0,0
135.50310988069566,38.00701947545576,71.7061397564565,8.120326996973812,72.28115293780928,6.362572572653915,44,0,0
131.06080171704716,50.59845001737402,64.12780353058383,27.291667131583452,71.25930330634057,11.615779655319697,40,1,0
124.68048908706297,35.587238369444854,62.34452552820393,7.426064032557251,55.71571565244423,7.221489587215244,44,0,0
115.02942763851101,28.435226238768415,103.43531764059844,17.615771455793634,47.16914563623558,12.011292798132388,41,0,0
140.25641937623857,43.389320723849316,120.59133847645502,41.09099465476719,95.08428836785608,14.699440248863542,42,4,1
122.80719739696094,42.434691283459635,105.95776927741937,19.513814035042863,55.31522349268088,18.01130834099832,45,0,0
80.65860592825695,22.20624674739883,88.09926351132654,20.25061820025088,64.46446783304778,5.834569379954086,38,2,0
137.2298202497968,49.534843505224124,85.04429791268036,43.42747603316766,74.93728083044616,20.70248496789423,42,3,1
218.25180008365385,65.63395446456313,97.49426754461125,23.455542664486927,79.05127466967566,18.890971834806635,41,4,1
126.1999796633111,8.954172012346678,79.50397997957349,20.102591369090888,71.04263067260668,10.197331388701503,41,0,0
118.86823022200208,31.380784084175467,83.31262655435529,4.392970981216859,61.40425867444834,15.039426020237839,39,1,0
144.37941579587326,11.138712960489737,79.35763431386721,25.125526511636963,64.35415652730941,11.056300595659174,36,2,0
80.9779627192275,30.530593129326192,35.79643671073978,16.114123909374715,42.75014565868733,14.870122065602716,40,0,0
151.45661320371298,36.33698603971181,138.85154357661264,2.421463704526321,47.23003220793038,23.82931026581077,45,4,1
83.6404154922569,25.231235393561644,87.3650591893663,14.300567258302369,45.62454218555592,9.46801187081483,36,4,0
135.19424590968336,46.771158701868714,84.94734591302765,16.009472625707424,55.194565743932245,15.774400211178397,35,1,0
124.32166476193075,27.651671743989954,109.02645649486823,35.27071198678115,62.05986249076774,21.454739863510696,38,1,1
128.39219944048236,41.91260681631832,82.45141730579196,21.376464192251714,36.57753129592702,11.859872403388604,43,3,0
102.72234078820468,36.751370564069205,71.04081596230628,22.41111461045406,75.92852064371988,0.8508442985768792,33,1,0
145.589298633155,12.839667516893108,89.24869028460907,28.268551439544208,61.70566026770126,11.20380286956618,37,0,0
215.56615299151224,26.05702869407733,131.16768023761563,37.069754644705995,67.34635119026957,19.602062000581046,38,4,1
131.67088606023776,29.362547144960338,82.7910264870582,25.279315727226823,51.14029917525871,11.068906493227312,37,3,0
149.3254384798179,46.60843932628729,101.9825158495232,29.543571466662044,55.94244088805347,12.765958288198224,41,5,1
131.59714570590265,15.92912805215983,77.01996299265646,10.994713545014115,60.85195929970787,10.092360289610712,45,0,0
105.86214864025303,27.79981972340326,85.56301688706537,30.310885043408806,68.17686313054554,15.35548344271211,34,2,0
200.06740180675152,60.32944732590005,70.90770502845677,29.71098476502139,71.85557733790274,16.46367725762849,39,1,1
189.93300570063528,55.997689761338364,102.21672757384445,11.259444972687799,69.84787379406343,17.3997537736164,42,3,1
183.12470940944064,65.6721402074642,71.47072177152509,51.96332234522522,62.12271103081588,24.42211101218256,30,5,1
196.00943422107102,30.140651649341137,107.16668142393843,42.008008194284514,98.10135748724304,1.0784009794245897,43,7,1
188.06611620517018,39.85212646969932,57.42701750962961,17.15055338045172,84.46673556941384,14.412303929893133,37,4,1
94.13716912482704,10.65035882759529,87.8303095266615,18.50914940414852,41.12137762777652,13.642781255110112,39,0,0
131.4478062235135,28.506385043503588,71.85197749435494,18.205510500027977,67.02503019063357,7.251118361028443,31,0,0
137.05245364328988,67.98570573881433,89.06323089610434,40.788495665089634,77.17125392404799,32.427746952434816,43,2,1
82.60367320935671,33.5377063089139,59.90723114652444,17.6942248082622,47.55563952251305,16.410107825824056,49,4,0
160.77408234047033,72.72163656158328,125.41691242151096,25.009917355702107,78.24907828259812,23.709389550348625,37,3,1
281.57526491131443,53.10026702584711,106.5525243465683,12.393635566624962,61.075518587184,17.516822101281413,38,3,1
113.98280505718347,43.14074981524604,80.4929506097032,17.75881344245492,60.31417473466551,12.683136590400832,35,0,0
95.8104612916239,20.51251304732,74.25832397435663,16.21800130473022,61.650995514932255,9.556647990887258,42,0,0
174.63279157292303,45.214308178259834,153.59257387800005,30.796940673827123,63.540431572283964,24.229790470617605,39,2,1
125.02947217881024,25.666104333138467,87.33817736996451,15.605715092697572,55.718477469120856,11.397646642365462,39,1,0
246.93455784610094,69.19467255889582,134.88991098719777,22.489766086094757,82.27999816187855,14.812105084044521,53,4,1
104.88416999683274,26.348473868017866,78.87459499404798,16.58652648550994,60.41671422139356,11.904785167617067,45,0,0
116.7028810390544,43.752423420980705,66.90979210174508,34.546727409425806,62.81694871984462,19.898680551493293,39,6,1
153.10814226176592,36.87238450395289,94.55693955359999,34.691888612467075,59.339780140539716,13.12887101988257,40,1,0
124.77605176401396,12.120320155801785,106.29525122910327,28.230999095091573,88.32596734909892,9.821423078518087,35,6,1
107.75666165690359,21.585504858709918,80.81917674365106,21.026428113523224,55.808662064110955,9.132693568367543,40,1,0
129.82415330823991,25.221601492962087,89.85981642679309,24.147647068326105,47.62745017125372,11.52448494744073,48,0,0
112.83941240506027,29.553934678169988,84.71401132701774,24.41075596908613,58.48583932013573,2.9617867493776338,34,0,0
207.5665782829734,54.08270476686248,106.99495630495963,8.232202990281515,86.81612033789455,25.889622272041777,46,4,1
152.6546287085445,45.966112836479134,50.58673434241199,33.94111930370858,90.90627083224871,12.763848384515944,40,5,1
81.81287824985415,30.23080658950421,64.72619147873408,23.160832438676547,61.391684617326206,14.678350763592713,35,1,0
146.3660464970534,36.24903594654043,63.7105524388744,21.865651549847406,52.89717962848922,6.828762840287351,37,2,0
121.45361048658683,31.93448574991796,69.48125683393886,18.187288156627407,53.75285833146725,10.380325237186002,36,4,0
183.9130869883169,59.91621792311376,118.82133102903862,4.338806140675864,67.43401782903896,24.323912900262442,48,4,1
197.4402310089032,63.30825905896849,99.52764041163087,25.60146736899594,63.272773660523924,29.847914173330857,44,3,1
119.24858710041038,28.154485578140548,85.9213608366199,11.974148854047796,42.58430349748875,12.465807910829398,40,4,0
85.3759739311015,35.92329547013343,85.43814636639442,15.329883149535714,66.70872194501932,4.069494687201968,46,0,0
149.8987645490647,30.993138149513495,97.4397208802929,20.232562669618716,40.691663992759175,15.814780530543096,36,1,0
120.82651264541236,26.09591261719529,82.70508035995832,22.51115300797631,50.233223046926454,11.072326380563927,41,1,0
128.8600426089475,35.1614403958638,59.85185914124149,32.46316925904684,42.001604646115624,12.279626617835294,46,1,0
199.18030192006435,42.10376888990081,91.7293748238134,36.58820244689464,74.02139045892265,26.695854737212052,35,4,1
99.57675084879399,23.888228479806727,62.27006717153263,25.422379446926055,64.28058747651166,3.0984881723771434,29,0,0
152.30596903064824,35.83498313865556,112.19818245309288,34.24919602393684,76.92161876379447,24.22684164916263,37,6,1
114.64717818202413,43.530691601664074,77.2564764886411,29.07198369447853,83.91873389457284,10.361224440189218,36,0,0
136.93541550432988,-2.2101635598571363,62.51837710668414,24.033601037169383,70.86915617789,16.887339624022076,40,1,0
201.45655599565373,42.34247827327857,121.78759672309215,53.40300215856979,79.448466805387,24.745060710674117,38,2,1
221.35524219696833,48.73340953699885,97.72246784528518,23.432296416482835,67.65923956297746,27.803221669669227,34,2,1
163.70159570833593,39.13265441620736,100.30067851083581,46.76189507502015,77.73304705510603,11.87638816331208,48,4,1
128.6452590126831,33.097267791360025,97.77744547159011,16.300843014697264,70.62572005733362,13.798100352640844,40,1,0
129.40088374736405,34.75751991831532,93.47453824533554,13.13780377834582,65.89369607269572,5.811033610187127,42,0,0
175.02856891350254,41.280686890081654,106.99655825360176,37.324765292380995,76.10545538487565,23.736771634446,40,7,1
105.75652271647913,3.481719369550511,85.13676318765351,21.12682848311009,62.73521567475017,16.13930445542342,43,2,0
117.78669262885342,43.663894118544384,60.839432996740726,30.553953895193555,45.17926724517574,7.143824509706424,33,3,0
102.06715545369583,22.62263295315159,93.66360552550624,17.139293580057707,61.57039170196768,17.510309343381667,41,1,0
136.83967390904255,36.86567746753176,78.89022827695597,24.131892177527256,60.712313974590145,5.949484903489897,38,0,0
145.91101428010703,48.482917569634914,105.04426006725727,46.693834595476474,91.06055884516749,13.212679071024658,40,3,1
61.86023561356717,21.233029143807073,61.64382730015596,10.97432537627625,54.61473546431522,8.228516658441233,37,1,0
112.50355886756388,36.6045995235155,42.83740822056475,25.14367940457292,75.15176393443556,17.507734926354647,48,0,0
99.22912358312055,26.14506759087642,64.42188714446365,12.337155691808402,58.74825079705138,10.035935453803212,43,1,0
87.37448369078109,9.286228206618429,96.6919729341936,20.151386414154953,80.71171302533111,7.348731989356009,41,1,0
95.25146723554855,41.67741925527779,73.95749857287794,17.609357094962863,42.59320563512617,13.780843515656247,38,1,0
122.18816943665941,22.2495503698376,77.46006714327429,26.251542041959844,54.77869813774252,14.644723962370875,49,1,0
146.57281656496463,21.45506537261946,89.83331537432679,12.592943052705193,44.52721448753081,14.670144379176525,41,2,0
134.79285082061267,62.86759567410144,123.04501303745496,29.515041384511736,72.51571247176763,7.369471325808629,35,4,1
107.86993223568521,32.72236725327388,99.87506982418458,14.121418148559094,51.717942943407024,13.018137204147791,42,2,0
129.11808390341406,29.42729589177898,65.41497494275718,16.422263513698503,63.15309626770591,9.399067655082858,36,3,0
176.32172869582936,55.06526707376655,103.70793312935523,31.99379920654008,96.40697037819778,25.96277133300222,38,5,1
180.64101129180642,61.01996667088458,112.63800678315626,21.543715120105958,64.24836039315954,17.539445923423624,45,6,1
96.91274663534031,22.576136295692653,114.0348741748918,23.853898529783624,37.722004426634186,16.331827316162702,34,1,0
84.96342386496562,28.840029276784666,82.82680394643924,14.628567598432848,74.77692873032153,15.176463738294181,41,3,0
112.20152586881109,48.97887292658706,60.942676316272674,12.127410181669042,57.14235283963644,14.078933223980005,44,1,0
173.97543941480268,30.01595435631613,65.853140927008,18.21058597892621,89.43836829770852,19.61077139920039,35,7,1
149.35516677557317,49.089502714791216,88.31541813615829,50.97127212373027,89.16381407013151,18.154532105539577,36,4,1
134.87749780769224,50.13338369136518,160.8137390831888,33.02613525946254,60.02387293327608,15.174003475482133,39,2,1
101.08507878606437,25.163413625624315,93.41688264657694,19.008909064939633,56.77323535000035,17.053456339803677,43,0,0
129.05657805613603,45.66854416333908,122.95605583519506,38.16603570357712,92.20500041057083,22.63956732852087,41,5,1
93.6573616010683,28.31580287971119,62.212776334775825,12.062375648225371,48.44970159591982,14.201521880612086,37,2,0
135.5205582768695,36.036457389607385,75.12887097377039,20.562695271345586,67.59912843176484,5.263100809879376,32,0,0
99.9556596214655,43.746112675765545,89.91729392992019,35.423168706804304,50.031329052431296,11.643997853566118,40,1,0
252.05720397065951,39.33703277160262,122.57913470365895,46.54513280865034,77.64131788552396,4.212524803285611,37,5,1
90.66429618768646,41.870776787417554,83.93024861537714,20.881466743398185,66.48801816151575,13.009463696732293,41,2,0
105.87926068409723,36.99821331336149,139.77769277509708,5.582930130975132,78.93850762114516,10.745332266068692,36,6,1
139.50624916955957,25.853694911859694,74.57424518274104,17.193942654932084,75.85774568046338,10.896216895626775,34,1,0
130.31256176887914,22.756974657923333,82.68004662828608,29.09741899712408,70.55798238466572,13.836135619626816,55,1,0
139.5684422405607,33.14444590874852,29.366313497336,17.204689839698517,56.75927816198218,10.271447545724897,38,3,0
130.44285091867872,26.41041614820586,73.25524709235779,6.28572873884816,44.58966930899537,12.48636615829605,35,0,0
171.97442804698272,41.7599786764033,94.2825549004176,35.210038966049034,76.42874493891692,12.440857401954391,42,6,1
113.38421551344885,20.689982883675583,74.14408299324286,13.232858290863074,73.70695988904976,8.670394092959764,33,2,0
221.61723570579355,42.43230945305401,91.3575791374116,47.98414979164819,89.26319016641322,19.60572631537599,37,2,1
101.79804918726869,44.00831409071989,148.81847930913068,21.472321374300694,94.94895117386709,16.89131500414324,33,2,1
165.2424224387415,19.36160401196106,83.22752652800938,30.467201202649722,90.15826947621639,12.430882795418773,33,0,1
137.87395378778223,51.21631307330203,88.22694910310855,24.8670490866507,75.01276883511728,15.897597421205283,46,1,0
137.8590774021754,27.16848115120124,92.38121896734627,21.842858413027777,54.85135337596218,10.927080258640855,40,0,0
156.59240403432176,9.749600863238271,54.10679057063166,19.979382120671833,79.78651287548503,23.994936422009857,36,0,0
154.58360479085053,30.90652249119063,82.69581892295506,34.6326956914752,73.12385791800978,11.578185505712131,40,7,1
178.34829251970868,17.875570072507283,84.6348935921646,32.83678449698853,75.46287890371505,14.835305802447275,36,2,1
165.63303673077684,29.18105620427507,75.79142440102171,20.79212007974948,55.36202730350121,14.984696214800193,38,0,0
156.34860844792422,50.197905274695,64.28517436107474,23.1452714731158,88.990640873621,22.13096729989256,32,5,1
89.2991950493528,37.47444971427056,74.80843592329977,19.241662817287875,50.307208016556345,8.893151636562356,44,0,0
162.85381892333868,22.053765674938628,70.35046969272715,30.376473721693603,57.82575880983735,14.61717921417374,34,1,1
134.25424057722662,34.501556339466475,51.30722969978256,23.251515156499487,68.99041532837124,15.979573339553516,35,0,0
166.52419492859445,66.21165585910173,112.36924784776437,46.08077135453547,77.88555293762045,17.500670523581825,42,2,1
112.55361894124154,47.75490849240048,87.25761687539692,31.800209343817727,64.82039797219649,11.592494579851792,44,0,0
217.02688838010886,38.126654561152485,111.77663903083895,30.291744267680958,74.04519541216635,16.69480332976,39,3,1
166.7690041590779,69.96288082175849,103.33935246668327,32.69783929399936,97.97885405974085,16.13709861412446,34,4,1
159.5935674539913,37.859061633332,129.21360664258273,30.115938593253713,62.01070747463477,11.77444877106206,43,6,1
124.44579711601708,38.13280406064593,70.02948642273479,10.9688280988398,56.20108791312416,13.552729170896606,43,1,0
145.57731626626787,21.561461225751007,78.1838685141417,24.6409559143682,61.15860758842,1.6465633457942062,37,0,0
100.95367238522405,12.56327397603464,100.48340555648267,22.634281703526028,61.74515661545795,12.067679196667001,39,0,0
106.46009723082938,31.568230160981933,79.30255128310164,24.244973098738143,56.476951266508294,9.015515949659857,32,2,0
104.54681109458352,32.812304922186044,86.7508200677772,23.448266407691367,60.629450965419935,17.6094506138009,42,1,0
159.76135204048578,17.355946406284865,100.57131525555172,38.228592227833516,56.42591446465606,13.149666976624392,41,3,1
138.00797176790127,17.296379536749136,87.30263103451236,38.906065286847166,56.202688749661604,10.562883860185138,34,2,0
129.02450638637015,41.5469376671672,105.15859389461686,19.466700310336567,70.76664651502271,5.111085757147222,34,1,0
143.66987333779855,53.67414364027121,94.93290037511171,26.55436166580531,61.75413641826411,12.467507879674265,46,1,0
96.43918265247238,26.22235112477523,78.7781601833318,16.703071328151978,63.47066272200277,11.17828268202718,33,0,0
172.9882188038395,63.19768782587385,102.60258876196085,40.41107816524563,77.48545532485048,16.383536290003992,41,6,1
150.46477243424516,25.93025633626629,88.66275431910817,26.575239231627187,64.2345833183039,18.66635737350217,40,0,0
194.4157358007232,35.74071439681669,88.87068444300047,54.84144080745336,97.99745185219624,26.4165858634842,40,7,1
155.6359781754212,35.63787875006915,96.67930041290613,31.6847285966355,56.016613773112475,9.653223675149366,44,2,0
191.6385892054977,63.09803585181454,108.87785678085773,32.040003810776916,92.2997542001064,21.90868830522664,40,7,1
159.71965362919778,49.03579039523561,124.42331500008174,36.77149974133293,78.46331581558192,8.42980669826271,40,3,1
105.29393078636096,18.854676849919382,89.62818592216654,21.486660602164427,67.84367135770546,12.965292813197562,39,1,0
132.04194408024495,38.79826944792307,72.25426973138268,18.72495752913504,76.53729122392195,15.992723826458263,34,3,1
98.99718520795709,41.06710424287317,66.15391405526634,21.25600664906453,65.41582931999412,16.247181353814586,40,1,0
180.53801458477173,42.17107756278767,128.7217869236403,40.08991476931648,83.44568858701889,23.339700576456522,36,3,1
147.41072287993427,27.958702311272837,78.85582772390626,15.368170903235765,65.50679322625038,11.596634609821699,38,0,0
142.84831674190164,22.053388798359958,96.72732658285017,32.73935736931338,80.86543768538878,30.371609736021682,38,2,1
297.42631609311115,22.58604706400642,120.88772103753158,42.409391873848065,63.80366434990482,11.72469703489358,55,4,1
137.06687871108417,47.71306667223649,168.57820956016428,38.4635142620602,62.480668870671394,18.703940981005644,39,4,1
162.84608297575707,37.626833792896434,102.30304628880951,15.368987487503013,61.610583463374184,25.93690961490253,41,1,1
144.99237810593334,29.491992113804663,102.52818700694479,19.80818396393447,49.06231599774492,15.15799503860017,41,1,0
135.58698007810665,31.606499403531167,76.0848691374153,17.6198614656358,67.1716997461329,7.783578252017258,35,0,0
119.21960961244912,36.6226298215962,80.1413954084566,19.475436997933937,54.35639575315967,3.765277255178832,32,1,0
111.6418090846822,19.608888316322606,84.54457810380924,20.201942263552294,45.02141325220533,19.287581263704084,39,0,0
200.2463062184285,54.80218472927611,103.38806149824138,43.18607828178045,62.65044386306034,17.88443546355981,41,1,1
98.58295162631123,32.45114284372618,82.88928721380404,18.578075675736002,52.0110110190687,9.111363353913218,36,1,0
169.72219499512875,43.01093882639255,130.70243479625304,22.15888465943761,75.85957532131404,19.70314373897316,42,5,1
192.3132949005554,62.65500955185506,126.20389712108602,41.14082436135439,77.9626428183872,18.91803223907199,31,4,1
262.72904166023295,25.31299044827175,117.29169583503543,24.083541846575542,69.00851291033327,19.00955461412755,44,2,1
140.14887946390397,27.429475911869353,60.29708302469008,35.797267305181364,53.33443768766954,8.175327758997323,35,0,0
228.1030602090091,19.93279252806977,118.4210625609585,35.32596487614065,82.0854276094167,27.734148952580192,40,3,1
187.19657478185667,32.42457179998789,114.11026772120493,24.527815597340272,88.67827925234043,17.198041600425466,39,5,1
138.7583107502131,20.030683735978734,81.93274432033871,38.69472762404145,63.5603246712714,18.556528511718135,34,2,0
175.9202113345627,56.729138031778774,65.39555747709029,32.961845539884635,68.84617428652388,21.384701558401186,35,3,1
146.30269479494694,44.01884649606909,84.4645218162588,31.602592866416657,66.80841573585454,20.107020856570387,36,3,1
86.62801482243609,21.461769124956227,74.69521167677674,24.14472088241744,45.779246725741736,9.163863553885191,44,0,0
141.1745705976776,23.568166579729695,83.40988860234785,24.361077205084243,65.8581729746745,13.344491611782288,37,1,0
116.5439652520707,36.98953071717421,99.45946300888319,23.74957835946732,63.06456320649569,6.91418520228873,46,0,0
135.4384030967335,23.709621387963892,78.80935789969531,12.285408046567543,57.402526166016905,11.512278345672009,36,1,0
128.82614303398492,28.823450683978358,83.21694901201327,22.572703332929883,51.15963625795119,11.555549143709134,37,4,0
105.33687605780007,30.15027750287097,78.55423045527654,10.725970873048327,66.93983240327037,10.739366774738905,50,0,0
124.5799278491868,10.826511139897011,98.560546903454,18.77946014511226,50.27596260389379,13.539883925278788,41,0,0
82.84197097203426,15.28873594626482,76.13413157620558,14.92067780405699,81.33645604681897,7.971876540589896,45,0,0
141.36869468544162,32.90220251315158,89.3982082799026,11.91657945975766,83.1185851248354,24.343107231306547,42,3,1
125.96316931981052,22.62970638847303,78.44618158029402,22.33888373136764,47.766929522134966,13.751488579797423,39,1,0
161.32964752194238,38.472918780569486,81.83692102784659,36.10133545087935,98.06444327527856,13.667190778027514,36,3,1
141.162366501743,39.668071042505446,90.19059755861181,22.01107600924361,57.21865661710183,11.908745223808308,48,1,0
127.35239680419421,37.19168666355437,75.42998249366516,15.75222260749521,84.12376653923846,14.01468309384869,41,0,0
122.96178839596553,48.197717873125974,89.30751348648744,18.172975574538242,51.15411053190503,15.032320041189362,39,0,0
102.37863326677416,29.16910672256817,39.05893422614399,26.442773128781393,58.83782736748613,15.322020754533966,46,2,0
105.75558472701898,36.488819259038394,80.07807892842419,27.4749967410608,54.62171630134978,8.185901096653446,41,0,0
114.91980316533005,86.52560408438914,109.59021125882606,36.518415719803556,71.91083371066983,23.05294701827936,36,3,1
148.72670811411956,54.52369912868724,64.05111970203083,9.283506572411476,54.78116586294956,9.23970162422586,37,2,0
230.10162924116923,16.116489595006843,112.25252754674224,23.24960988580532,61.86023258265261,9.217088495093751,40,5,1
148.83922313920058,67.40564638508302,98.3422603225027,41.97494516564363,67.15680857781994,25.2366875351672,35,5,1
101.90771250012467,33.86586229905192,79.28021307724129,28.50418821128124,57.006061566677566,13.853262881540067,37,0,0
143.4551369053489,43.592975993648054,59.49010308072566,13.527016837191798,54.07755622375986,13.464943012734954,51,2,0
227.64343419093908,31.003213669707876,123.13607897826945,45.291010066732476,66.2062420667556,20.871546659218456,35,1,1
158.824348729275,23.433759292002954,100.49322177808682,32.84101933198061,71.84695797881002,19.752761883108157,47,0,0
102.43353845640522,38.73989751006883,84.2139274542174,22.907180340682338,56.802597857324955,13.916750123147843,55,0,0
158.0837878317226,16.11033272332348,115.35687389336223,31.92679929849472,84.06554056645156,15.059433239602262,36,3,1
124.62891845051145,31.829944496452605,96.41843681920693,26.991085990581688,55.37884036200144,4.937914844336792,33,0,0
208.9654623725799,38.490143066760645,100.67741098870488,32.13596574564316,86.68942161880437,14.310109479536209,46,9,1
231.63033696489714,67.4335760472364,90.52953236891605,17.906755322215865,84.99756394078014,16.696504029491415,40,2,1
102.54077819092599,32.36142409879101,72.51197002586105,20.243281348042935,76.25977960006398,6.708868101095051,29,4,0
137.62815057847143,39.049620414942,69.22274022258325,20.72893371614938,68.67579477506273,8.184945336512811,40,1,0
134.42270725091163,27.741932509239582,91.75198472487102,26.41430267407,74.30172743618779,6.940423166186535,40,0,0
101.6745179887255,44.36429519558867,90.623993294861,22.86079333592786,63.921281254876824,6.872863219541559,32,1,0
147.1088560221099,22.960836745844553,91.63512949423534,-0.5534066064468064,39.06302549869899,12.24219128145684,34,0,0
121.18041795074998,38.63102750966786,93.81512184734541,36.56506083175227,83.56279381894832,11.936399756093662,44,5,1
122.68592994495586,29.327696928038687,80.17054863197741,4.688333595167698,51.364316402901075,13.33627744864555,35,0,0
121.59195724752072,29.174074246487095,86.39234839469277,21.227556684587338,52.17813255997901,18.70390348427202,44,0,0
183.15856182672337,40.394274886123476,100.43330823407128,27.685819387950076,75.6664648907,24.90421964800037,40,4,1
154.3567493384658,62.1534906739292,91.41635419544691,32.45528172056168,80.20156409032232,16.02268873202723,49,3,1
206.36217375653678,46.59740970435138,101.59991710487164,35.58558153281572,83.00873325669401,14.104268031833932,33,2,1
76.9523291078164,49.66916962508253,75.37676107758755,24.719008035839924,69.06281120176021,16.77357774559149,36,2,0
203.98310164981422,55.5304548550099,80.88491284354711,15.910157000482652,62.07133243321276,17.540784364389598,38,3,1
88.77013555116281,42.497104201843186,70.32656212033493,11.213956529563896,56.72392473907888,18.117322614766806,31,0,0
150.06839656857997,19.435029293747398,69.05844426728527,9.737732589857895,63.45943667980067,13.811766372551276,49,1,0
113.39759812067099,40.75221541181916,72.14443575665712,19.999078196411435,58.69929158716467,4.646921062410444,39,2,0
234.5350605415336,50.877430615741524,105.13438345591481,22.50333049054086,71.83800632488753,23.56554912704528,34,5,1
107.44532187830988,38.634372801898785,68.22023119605143,31.898199195390497,68.30117664495226,13.188005177058916,37,0,0
114.23922252155847,29.84436911129706,109.2344466717143,23.943830523136366,65.91341321172706,16.321423205094575,38,1,0
148.37062690296074,0.4575105875796872,91.03482715462053,14.890023298939465,34.740387182306215,19.27854628644627,36,1,0
70.2438268692984,23.582728563478707,93.88856265091577,26.207898616420096,61.27988363677264,15.630902078834797,52,0,0
120.15364747341401,21.495609432489708,110.9505306087124,34.517002009759395,77.95341275340485,12.8061207325301,47,6,1
143.27151333960833,51.10635575098247,114.51180350964643,27.76601583657909,79.75521499878604,28.358738231272127,53,1,1
232.90977867540542,74.29589543309845,128.7990808285726,28.028920120626047,77.67436795452352,16.79894617920893,39,1,1
98.49375213901524,25.810365544787654,61.551753270701894,20.716675388433572,46.752140896007745,6.148488652770283,39,0,0
153.52786054416407,21.75387990234978,67.94414508657972,15.590928556038374,64.6313847997504,12.165984344891442,55,0,0
101.08986240114538,19.411998517521802,72.95405305265604,20.67501265669953,56.43698682267938,13.461161309835623,42,1,0
96.93298978808082,22.844870145147713,75.49145914122127,3.904496126340568,65.74692993707599,7.185369496352308,46,0,0
142.74629084729457,41.21499211849928,73.29533670790939,21.18878670808581,53.29085622315229,17.306486557999765,34,2,0
171.65326515118136,51.3187106803647,103.1419730128766,12.128614124155487,72.78654635214518,13.049442159989901,44,6,1
101.24148846927203,24.850612935667275,80.52943086117824,27.615581772879864,70.01064842570763,6.512954338848523,45,2,0
124.33249950809238,25.433023849767537,69.15747807232626,23.65323863894559,62.9682710854588,17.4633291551595,41,1,0
99.48494632719445,33.389935138094195,47.36676834518645,18.049346600027885,57.86711586614053,10.76674252316061,32,0,0
142.0164279684521,34.562494885285325,65.10696941931953,23.939039020574555,68.52408877798197,8.886033739526606,44,1,0
141.22741929746266,-0.4465653924316193,71.76142020031136,13.153480161355134,63.92547815237406,16.317110770986105,43,2,0
174.83863539480865,57.45242058519457,90.3008891024477,24.25206772784683,94.11727465803511,18.5598596283658,43,7,1
145.93351302662427,50.592633729837374,67.27396429801081,42.79614119177748,62.54271616246759,15.079827907022917,36,2,1
149.64117204386622,48.30283971307699,129.89462014538609,44.49292428403826,74.6693287618132,16.909982582298653,41,4,1
119.99372654776451,20.277017552651653,63.0351891727162,16.869429482257335,47.47588815514455,5.073369904109382,39,0,0
96.36251749158397,25.497466122217286,78.11270972677501,19.84149108904538,49.496158926501934,10.878246875335433,37,0,0
128.98947825664612,22.43995980543395,63.903630074560766,18.625944675779635,52.19739274521202,15.15688999624189,45,0,0
161.7209409907423,32.23926873946606,67.26643015444303,30.199712783591835,44.975754023564484,8.291428057857827,31,0,0
187.5390304407241,43.70674352988821,77.83650607030506,32.563246529688534,66.70045889492025,13.856831845070957,47,4,1
112.77074466612028,18.820723919632602,77.69748956645324,15.651885295883396,66.00116455244506,12.915709610811016,40,2,0
128.32892076202904,45.391972001749075,67.00328345071402,6.588916815840861,59.78581705047663,6.145251159329934,48,0,0
118.92190301988522,20.71780032651982,93.60176400013144,30.57200655891202,54.65878358387104,13.226770798453655,44,1,0
100.35392839245371,42.43428278102925,86.08775400039349,18.2759690017384,71.26457757129158,10.637507795087291,35,1,0
172.25178480780153,38.042183557410816,97.17516357862937,40.38654287319735,73.7896689230517,21.690225766566265,34,6,1
166.4008144403452,11.907322854117417,68.03771753984317,19.632621223825,63.429829673663185,6.464684784301593,40,3,0
123.92262918047814,36.35329195216206,85.70780457974455,24.45365079901227,71.5423480489976,17.192652605775613,39,2,0
101.91863420528,28.823326978071467,90.36051334022956,22.431543824612874,58.76758061148866,11.26786206002524,35,3,0
89.0207894989305,25.445329437502593,82.14032618302446,38.53518949489961,80.6021407262468,15.054090671619292,37,1,0
188.41212160887983,20.778752065630034,100.35939830032942,45.4610856043141,76.55817396560232,16.693045111009578,41,3,1
187.93574068709947,23.31722778382015,111.3049424794946,44.14743819359813,66.5240435196445,18.69396610566252,35,5,1
179.63270586459444,50.4287140609579,130.28495199961773,29.344708845110485,72.94250483230992,13.508620679436735,45,5,1
159.2897021111112,33.038428243948516,52.8307171558507,24.314606951109994,70.97659830579195,12.565027423097563,36,6,1
108.21456696421387,34.081359127783564,90.13496679885465,9.487141527591135,53.57467831193763,6.5194490289604285,47,2,0
199.0235374371433,48.3790458302257,101.10793823566668,56.64614492001434,46.78610144265396,7.360568530425525,34,3,1
136.69502652649766,25.26354542348809,73.12402455180809,25.48427674346242,55.21767392141572,16.447413475186497,44,1,0
138.2754324277117,59.43048335268621,85.2404533022357,15.706454795637349,62.90871190644086,20.294656701735022,39,1,0
169.80212118385643,40.354337822901414,84.89751203102963,23.918464483795905,71.28381861555927,21.844478285991922,36,2,1
151.79677956361368,53.69287300811497,87.61417734414871,30.611616024059636,69.37225173666614,12.409714656312035,43,0,0
227.73244023708503,58.0755387839822,147.6919560066294,32.438269266167644,49.5066582828797,25.47957788573192,35,7,1
147.99189290291588,32.41802071555749,58.62543242276882,5.525271364658892,76.83414844742668,11.951217733624423,41,0,0
160.0815261272863,42.190045352680485,125.31045842837081,30.8004126921526,58.74612459165179,19.395960551846517,36,2,1
159.498635574138,65.87186950433913,96.1599745947716,43.2240432481173,72.57239987895463,19.353372102614507,34,4,1
147.93889639581835,41.81633535240104,87.99591550828744,12.006433187835267,104.06346576642292,20.79142930328696,44,6,1
166.1125401955095,45.49160456333672,84.38390096842014,38.26583965137248,80.52286731873501,21.03415500778472,36,3,1
210.83208879951886,45.31833976251388,90.23452550606623,43.747979700547795,95.34735039933705,31.175838317375742,30,4,1
134.12157827630264,24.003600051787963,78.82503726604764,28.070539238823415,56.77758846164279,13.57428804461837,35,0,0
115.14637446375933,34.1195299906181,72.26796090374211,15.160655971860564,46.8739173284731,11.61936259405754,45,0,0
99.47261584668216,38.51591045893197,72.79756575210433,25.425625882219485,59.23006335861662,15.748825082326741,41,0,0
157.54648014231176,51.67452473064264,96.49283651210318,34.410826618604034,73.6875712030745,17.68861567907389,39,2,1
100.7058914849857,25.48697135656335,81.67972898931886,16.810362513904376,70.03137003305565,9.674976200097857,35,0,0
246.99438691656258,42.573490782514966,107.24901737251221,26.930036428373963,59.18626875611817,23.906910014607938,44,3,1
114.31230700786982,21.77834393310593,75.90271630220147,18.30727461229714,71.12268293035108,8.751900501784691,39,1,0
151.811641452357,17.12394716346939,100.16426862851895,26.468686901885523,49.40481415305823,9.367489097773259,36,0,0
100.04444372555001,54.138582463346296,60.732827134689586,38.48805457731449,99.37144340818979,10.221369746490032,42,3,1
117.26009021115084,44.19455680797839,83.78050969902316,8.481414284122575,63.958049407302084,11.161191574817789,43,1,0
109.61207256347747,20.845229709097076,59.88110409144893,17.261125995647216,58.69585173182888,19.08974617318361,42,2,0
113.1818424530784,31.2645921906069,88.07754734958566,13.777526336581605,57.531766695234424,6.492844700171371,36,0,0
186.70280423203963,29.892075187095323,118.18574793387387,34.220143594106936,69.87884605393718,11.732401263729491,39,4,1
226.49038390022667,47.52345811775542,118.77142134119879,27.832849886135726,78.73674428894422,20.939044588427354,40,5,1
108.1237718386259,43.111622966036165,91.01638779214501,25.040094722853762,68.17866424949636,18.26791538947997,45,0,0
116.68737179364736,38.64069982138947,101.33634432928733,17.146375950038454,62.43221573252226,24.546744193289094,30,1,0
121.571540594383,33.061345531027555,80.80076408718533,14.232970825638393,69.01998378210092,17.72581208315142,38,0,0
143.80208668247735,56.21319188679689,85.05794492665868,22.691651003023292,81.9650632811549,14.579931008554475,44,1,1
107.71834420272735,39.07429721745649,69.850021667965,37.104245340914495,75.54886954803196,8.470409139350833,35,2,1
100.40557550566386,49.43528881122197,84.38398184233569,13.461961485560998,60.06547966636634,7.255110953955829,33,1,0
96.9333519358851,22.403269822474467,99.94301365955786,8.708882304961216,68.54199648612817,13.440760737460886,37,0,0
86.2531130577858,36.636463470328415,71.15864882769664,20.486346813547552,57.685477850123455,5.207695408321742,36,1,0
182.4753341154854,44.562409511601594,83.4701724857953,34.62547922797749,73.38461480324125,16.40732173064698,33,3,1
142.89786676753087,47.089794460943395,82.66053087134895,33.770609096284,90.04718156610576,16.869565103095507,35,6,1
105.8195808473902,40.38012527315962,76.60006694414001,9.868227355587416,58.385528668301326,16.608933542258463,39,0,0
159.06518275053136,37.642132033388556,89.7372158160563,16.20541511466485,59.29885855921969,10.713198752265606,34,1,0
109.48240648209593,47.27963835381765,73.20110711079437,32.69035054461124,72.2638994392192,12.506387781880756,48,0,0
167.85495708407996,65.03355683305135,54.94932970432701,38.09779272561425,71.75985615058558,13.45554806412353,32,3,1
128.00962773012657,17.14135982720285,60.654858530584164,18.34426723532713,77.46077518294194,4.405894359109711,53,2,0
243.55761313776333,50.53895666474857,96.87612199805609,8.572801536014538,98.75200342060654,10.635247720726227,38,7,1
130.31013865803084,22.412513920040695,95.50159538128956,25.667158263721454,101.2894261705284,15.562542762588992,43,3,1
96.0941247280151,30.582127270850563,53.06025898123965,30.83117688161375,61.79398039180446,10.594048939185209,36,1,0
149.01855096558424,26.065621037254495,83.56812734523301,21.19727644846003,66.20093197586867,14.647718258936031,33,0,0
156.14393287275772,10.90802541022757,76.18088020979175,20.935751867663363,51.866400635511084,10.436434319158383,42,2,0
197.2652651855039,32.859799728076794,99.50339371746706,9.837056895768349,73.20045572524475,17.528929771429464,30,7,1
209.58701872471335,29.614149075380887,108.25282722885932,33.15496808323492,83.15030570309015,19.384611231987645,39,10,1
282.8798126997988,14.027020834745375,91.40334353704293,36.53864504642378,61.3780784437701,23.658582221529567,40,3,1
100.70924410179617,36.09135519053514,94.63755337435727,28.046339425799708,59.83975009586381,17.363878453637383,34,0,0
130.11931106911732,35.72445306155102,88.77430239629666,24.678332607243128,56.86838477119886,14.075522702821342,35,3,0
157.71477709711075,47.35718675553802,111.18710819430872,28.88481103494207,66.38165239454852,12.913594621042627,41,3,1
156.54339404444906,44.96642825288728,116.53892121885599,60.71336701606002,73.46338585524387,14.948310635468056,39,1,1
143.81097188687193,33.95373681185666,79.59178801433214,24.673094723336256,60.49661355708217,10.085978478704316,31,2,0
143.64921316768107,26.1140263282771,110.518883612496,43.69114367674751,99.06921953411565,22.028866028592518,40,4,1
247.38099338413807,29.920273110041467,118.56777358272342,26.058419034739263,90.15633683780284,13.928276294778708,41,5,1
142.11800848714617,27.510263447193246,76.95247206522981,26.217101252204092,69.98862160328214,16.423229213651187,31,0,0
180.927839142295,50.49909370520707,104.08307743992054,24.73044856435008,81.09015446498793,12.33880730012435,45,4,1
234.04063009948,33.06423504719083,96.34563076371344,32.77479241337466,79.75077728332042,20.886334344850763,43,2,1
119.49884138804498,71.19735947391932,133.5536818179962,40.37466669565043,91.61174103636944,17.842222794806155,39,2,1
137.2327224899589,34.39150133700417,89.07699523638423,20.667123794075323,46.88856178213024,14.697471142593548,38,1,0
122.78120797306835,38.33179431270182,75.79575930384229,25.46706268225006,68.80214139624177,11.941434584786727,27,0,0
152.0234183950685,43.20511646290275,107.45588317058412,20.346179792955056,87.92899798622608,31.09360685817296,44,6,1
103.94351112098315,30.780074184788575,86.18106705599035,24.516284475366312,65.5679594682778,6.947697397896316,30,0,0
118.52054272811245,16.922234348523393,87.87753969893252,25.906801421399372,71.00428442256865,9.687345507752548,50,1,0
118.4866879134834,26.5489590318081,44.17202806283471,17.540655451810018,78.04119091964404,11.631115367490347,39,0,0
159.45084353579617,30.440625674065995,67.48492720126006,20.124267823213003,51.69737849279949,8.992573024120265,43,0,0
212.1261897045609,55.527345608150156,95.43697301423532,22.90157340555276,76.79505942684823,2.793982849157306,34,1,1
189.5851007295599,54.55362118504478,105.64899528111201,30.37092341936456,50.80763736582873,17.9985870905113,50,1,1
149.7822621665658,31.423779125104662,67.9495935085146,19.158096424719638,57.52388463558549,13.93793695651896,49,1,0
165.42899490845593,33.81352834580285,79.42798146763039,13.545829723759727,46.25826547628457,18.024668523537844,46,2,0
111.91205153632077,43.65526462526266,76.84197589470512,14.989218602876749,59.21830063864207,6.786110284873678,37,0,0
132.48939040329893,55.72854875836849,78.96904883319678,36.28730548259637,76.45211091838574,24.234542531860416,38,4,1
164.10706989794554,39.099733127656904,80.44491197915903,28.12402999908388,79.36407177406778,14.797711439731833,34,4,1
123.90963463106581,28.901358768980643,70.41522418899984,10.649212083946347,52.13172369264963,13.72005352009434,42,2,0
183.64374425023652,41.89025855987633,84.56219249628091,27.39569413504887,86.96820787861832,15.400066683860196,38,6,1
145.93840080882725,54.35288698238788,82.29942735474403,26.972254548744615,67.41066969523226,11.181663895606011,39,7,1
180.25092624737673,72.0812526962967,102.1015194241659,36.60488982345697,77.23937791288283,27.41831752452515,47,1,1
118.73858739025428,27.03063056489007,69.8986828619259,28.675744150566633,77.72905521525259,18.28810690294846,38,1,1
122.52355807323934,36.99464246895702,102.80960144025568,20.134812771457877,46.556595278551086,12.093618042976521,45,1,0
171.78863922014995,39.15894657711935,141.08191165847288,4.795615293809348,90.32379670875663,24.2682674505876,32,3,1
160.93724391439116,41.79988529689787,102.95278435694841,27.124571783251724,44.38957424413222,14.631947319099893,36,0,0
158.93873251615827,44.47587749312051,85.06873295460178,11.728040625287399,87.2090600377068,25.296763486029608,40,2,1
159.0569604637367,31.390101609416014,108.36430156532394,17.790494290011296,76.37895271645776,21.020485461295934,39,5,1
149.43252853448615,53.38042924382729,111.34660953973258,16.64677461244495,94.6030179889087,11.754588813162666,42,1,1
215.04695726772303,38.9304221993858,119.88828840180477,19.57416846466174,62.50345093774171,20.69310498804903,45,8,1
108.99769434126922,52.88790660880289,80.51590692961375,14.372557590324051,51.33965554776608,12.13381648080594,55,1,0
117.059491531383,12.36763301096515,70.36651282334016,28.51569762784676,62.78745754130064,6.307358891405741,41,0,0
164.7019040932284,71.01062931633929,59.23106950235655,36.64275204257125,76.5995466061725,22.88272046953258,38,4,1
100.96146800433522,50.76313832474193,78.87383739048494,32.22387814134697,93.49762074933847,17.573108626853788,43,2,1
94.14749305695474,29.800816037002686,75.46475650502374,17.795277112816784,64.05354169329135,10.586160918854864,41,3,0
109.3566287374562,27.52119880921337,92.62448383647613,17.522340286283622,48.61419266265617,9.855182877839345,34,1,0
107.85291133575578,25.716817422022444,82.7632584429514,25.057470386100558,47.35662698237643,19.99137909450858,36,0,0
132.38369057302037,49.20353919003742,105.18839982526319,26.714334837470417,36.444556673819726,16.48548166955777,37,5,1
217.03900402858466,49.38253242310989,87.5231950262548,29.391140230932976,84.54038152542041,31.414108088553107,41,5,1
128.36411511775944,40.291804361279674,74.86973981292837,14.270674397088822,61.68692744809392,12.5560527242359,42,0,0
84.47976491903196,12.058564888013997,62.69776203667035,21.18564228959895,63.27639236721421,13.31471296939233,44,2,0
206.2356855115033,45.34656519001096,118.178749937772,14.251200125372653,76.00777892993706,9.333686913010375,36,3,1
218.5562773630345,30.330917466710417,80.05879345273475,27.55682961360351,75.88366671528287,23.437295215233608,40,8,1
147.69064095187812,18.290751061925462,71.14667050541547,19.88835191116261,60.97436286978658,12.348919569677681,36,1,0
128.88396654581345,32.02383370598695,78.77188734213742,18.914565687110652,39.92696100324697,12.948939502524068,41,1,0
142.02645915471524,14.43048913293522,88.45510481405233,28.31932476552467,42.521154053381444,14.754649180585663,43,3,0
129.33090622900255,30.397138217196346,75.96983183712565,15.419606902614277,79.27949180242084,16.75967886419067,37,1,0
146.92451512405495,15.771230921884456,85.21510313367499,24.105606103326,60.00071867058863,15.747596777216422,44,0,0
184.28229811969186,40.7723272590435,106.9477968341711,49.17848001606666,64.6677227221409,21.211290885658173,48,3,1
166.1941247544789,35.4468528869035,108.12170219748859,28.709200119531477,56.56962394961388,15.415941648238707,41,3,1
207.5173188820571,68.13820817061176,74.66922342110057,20.3056755671168,52.63122209933145,17.002097640421894,42,5,1
155.48066914917243,23.701842535936066,123.3458143476756,27.29707682375505,90.75011212745322,19.45173241392607,38,3,1
131.47488842008826,22.27457888157764,77.19251678204209,19.424998680989944,84.65927331461364,13.001594789117222,32,1,0
94.47391166923327,29.420360003316976,99.14395981810331,32.70254417126154,62.53242422364143,15.304514535291808,27,1,0
94.23384765072925,14.861694987551463,85.56810145205088,20.705627093218418,54.651420944938025,19.548664246684993,38,2,0
125.85430964283707,36.30875603596156,80.27346495705676,31.582678211066945,43.48460286569809,7.292147179762702,41,3,0
155.92222232259292,18.626866850168472,125.45820434494848,31.247638628773853,67.47027018742615,23.56629551250051,42,6,1
154.6707441314009,41.233232480363384,98.73804894091307,17.973089711051323,73.41405897173611,19.20020497278103,31,4,1
122.8196539922412,30.91168146666439,71.84024879940975,30.775495658204854,67.44229119561598,15.741399277098928,42,0,0
151.7725385608719,37.88204140797187,86.41064068206195,23.059123354513932,68.55997290306546,11.83511702652753,36,2,0
210.22663354977257,66.5126555478049,163.7314982362211,36.1762066508465,93.78984712912936,21.001100529209545,41,9,1
97.17982980494523,45.02734326305588,88.89581075424532,23.294000215802082,66.72452775386157,12.520347745046951,35,3,0
117.76982345714113,37.762285047241065,74.17239399321721,17.951836750646727,53.95861713248382,9.437943102576078,44,1,0
250.72677172239133,36.709605693247546,81.7439102679761,28.64869992924298,72.86137184918573,32.9474899800436,43,4,1
192.79860764580653,39.27553356880183,102.87179650958984,28.365927692686878,78.58997480626174,8.617553473971723,40,3,1
111.72768668740714,27.455239233546585,54.9037398124139,27.6645383894935,58.41810620177801,16.55238837644179,41,1,0
110.4470883479199,25.419748169854437,71.27628855159173,32.865594209945925,65.18512833602655,13.792211194419702,38,1,0
184.4354553131367,51.23704088580668,102.80933951469713,37.68116952430694,89.44649690152315,23.27907554374134,31,5,1
117.4469063696362,19.366455001696814,52.80908052390286,18.258936031422273,66.37931960055289,11.55438345839091,40,1,0
108.7878472630538,40.21624764399948,64.51200085685883,25.8449259916501,44.43463065798375,11.601520200878106,52,1,0
219.04162877423786,56.666964463165726,83.01165060567389,26.906715072257033,74.9703858082539,14.200878356704774,35,8,1
161.05944049003327,19.49945210176814,89.1426484431866,31.467968281954953,56.75524842503575,12.342673353416709,44,1,0
154.8538277970172,56.72037179709772,82.81845367269487,15.783309519409677,63.27029600216741,14.427171668030297,47,4,1
112.47398550150008,37.59500037516122,92.43647660027503,18.84094719202684,64.29006848016388,13.12484211982351,36,3,0
138.5476301050492,60.68190360723379,115.0093972387019,32.26315952898479,68.65064799270593,16.914657270443488,32,1,1
96.56691305364876,16.520042156328312,74.27343204988935,23.76223460707641,73.45184655346299,9.560715133090806,35,3,0
153.91445755621731,23.94320000064202,88.82654270360462,9.162168322384154,56.60795234790116,8.473339487670579,42,2,0
157.94577389546222,29.679576293195133,86.56259305209555,25.432611610037952,62.91965862457907,10.499305100657775,44,4,0
123.1338745649305,18.190275163356144,71.339869764375,24.114845853060526,64.45643504490099,16.566150640940453,42,2,0
150.0761574151341,48.88395642338535,77.8563346023648,21.330747606555654,55.65170842889552,30.582071467281686,40,6,1
101.30699743096022,53.05211203837356,105.21312309410405,36.934958206046,73.24178065186152,20.949967049136056,45,8,1
93.26549122248139,21.39434596186113,77.88275491485791,30.730847732717592,78.20580268264966,8.233668134130301,35,2,0
111.76353262072685,26.769576312269933,75.1139166022607,26.103954257988043,69.26520184346444,11.675305558732836,39,0,0
189.97670750740167,17.105054391753022,101.15508293334456,20.946638324851477,74.71142609880208,21.213075269191886,42,3,1
166.93307009963823,34.72781835391656,112.7947501339779,15.447110240987845,78.37371903229872,13.87425168563191,41,1,1
115.62693445129928,36.21346739969103,81.84093361558226,13.842283306097542,65.34135942265985,14.20297076613019,45,2,0
118.17200884981771,39.481429504720495,99.30420929174629,23.858983329429112,49.726865769490274,15.850739668210277,38,1,0
118.38243004269077,26.94045568468408,78.13177280470364,12.999027551320303,58.61027268444893,18.16226644536525,44,1,0
165.0652629998766,17.125627676623388,68.9308773267347,14.919241201989898,73.78488373852187,26.874767330732652,38,7,1
98.78789867206798,42.744402278489034,77.57534308282084,29.260813158418802,64.15072509699084,10.43184052521151,34,0,0
173.20590569289078,13.09749768301102,69.89441647677118,37.56087880695006,53.75070692890733,14.155348355480516,47,6,1
94.30831468600061,47.30321814857169,101.35848405870277,18.701160257850024,59.59477616473068,14.348457588283933,45,1,0
172.6679716189521,49.075253767500456,92.95900687935416,10.237839356096885,63.533774778969146,25.602768856348437,42,1,1
77.88706116319351,31.9540322128332,81.61287500646198,26.18788212328767,55.43005961443541,15.025245162757631,35,1,0
143.0718068663385,49.18606333876208,60.81896217771116,31.265403629269137,57.47876841227924,9.97245060053111,37,0,0
147.72698794525687,26.467358645618418,61.61161604840081,8.201553249919957,60.21973295963216,17.487808202716625,44,1,0
258.39349018978703,53.757556223085885,142.20685304192756,38.49521986994124,62.04081261723793,18.213611807430205,46,7,1
67.93725824345402,32.95511691590339,85.04484453981921,18.137883131077572,57.33936344237997,14.778182207832732,48,1,0
112.77378876065418,24.412041811150427,74.38065771010918,10.195311015794166,35.14205087713817,16.78162599569176,46,2,0
118.71631677422361,26.87928067947267,72.79745623689149,16.60422986487157,54.144784381042605,16.460497261979874,41,1,0
99.78803560142174,26.62184905808597,71.1080115023203,22.994382610454277,68.55189053392827,13.443313633607186,34,3,0
209.8060345713927,64.42810609004466,115.9849291503449,23.236354969643944,62.38641917068598,24.803655321835038,36,3,1
185.36665663983374,42.56906846944764,111.31477008907902,26.48126203713484,70.4494856408813,15.11428362186944,40,4,1
197.133682026429,62.92766117267125,100.71686589716099,39.45689037497155,72.98597481143483,32.630396071023924,40,1,1
101.508717712438,32.50628232103302,70.59423731828974,21.863245056429264,49.25010432869595,9.08141439175368,32,1,0
164.62172484091633,49.03276179601488,88.06025937908936,30.687500567635723,54.90516449191311,25.97553377748049,44,3,1
113.45965364780457,27.35644166796533,67.79279537106606,12.314515458530675,89.3032028549251,11.850875127921638,37,1,0
115.73086441299124,22.257961816470996,82.7070221274681,21.82494313379893,78.45801320371932,2.6079954623826236,42,0,0
129.92398374726633,23.973756953854426,83.39814126396494,18.85050351170954,60.52622130017261,13.847992094812371,34,1,0
109.29366574864682,30.017830411046088,99.46874758491143,6.780336110992156,61.60144164915374,12.466602600062428,27,0,0
197.2344967606015,31.107551047751876,105.59643191888554,24.554270681762084,77.14825097075423,14.844167643576094,32,6,1
128.97269360017074,26.85847006561412,105.30576689567616,34.930864020479376,65.82350724494445,11.98234318145951,38,4,1
174.8581482699217,63.64240339990241,71.4134705805187,24.208138588530698,90.33142815878065,18.730807933880218,41,6,1
119.03822985338455,51.24556229829014,70.04250345761464,22.570157835301313,54.75107434363515,12.674723437642038,42,1,0
116.3369905789341,2.261850600660832,76.38405166301328,27.721582948053573,69.04149594851582,13.520709550421785,37,0,0
112.86653731640257,28.20380278594367,73.489499685146,18.909712839917532,75.69685680977757,12.375331781542275,28,0,0
143.6128182490429,47.25693792814771,88.30441114037347,19.39417687523578,63.32620784781039,12.082834734741613,46,1,0
107.45373108097394,31.21844464132454,86.30464726227807,27.636853193336258,61.01737205839927,7.725092183174694,49,1,0
120.90445417999965,37.53417473421093,88.87701786717524,31.639441024256286,43.19220375089348,11.444331452100307,47,2,0
121.02395803762171,30.99826315099768,98.88925567154253,29.107676854259353,67.4761024527205,10.60637668198234,35,1,0
109.96431614376937,23.326666187835198,107.94303682100265,12.535458472306267,48.56328698460942,16.29083496306976,47,1,0
213.67123099136052,59.86066269936128,127.01987811455032,42.931480750212714,82.33549376685893,8.306467809191535,31,3,1
137.9511988086999,43.18468453485654,117.67249097941944,32.63866020902945,77.8148402392384,7.116705177182933,42,7,1
78.72922734996746,55.90756889300924,96.79027559342875,26.053202913394966,82.21299285729317,30.49685994125109,48,2,1
170.91575968876296,38.9444484900314,77.54197687846334,32.783856953208826,87.14695089183486,14.80906634861267,38,3,1
109.32799387121666,25.010127440208883,95.92263735763765,25.74403768168263,55.910844650800136,14.231146895544653,46,1,0
185.42253665658836,9.13382152074061,95.24553253305774,34.550450942422216,61.13909254847833,19.473979448263496,37,4,1
209.14074574058145,29.702979994581092,90.53785173278955,48.22392832551398,74.5495343835331,21.302417869979564,42,6,1
154.24080568035785,32.17207937528401,69.97462754013667,17.69391226692616,53.65204517895758,12.347439103254445,41,2,0
85.04726980343477,25.352327760882723,59.08207343201785,10.451767846124802,43.868699810853116,12.465656911562695,41,2,0
227.82125552346838,48.113134423331125,102.97773207907541,19.739319172588424,62.106019324094305,27.004418295947648,33,5,1
129.50861365053248,34.68540161546069,102.99518813373774,33.18667721829362,63.94523605161876,12.786047704004858,39,0,0
104.08885864118236,47.82905600065144,75.3523264795389,16.661168980321587,65.60529284870513,16.79815135459164,40,0,0
128.48787875722024,27.526596129748434,91.77689878190083,24.807928839446035,50.455959494248575,15.383375378738751,38,0,0
145.5903733952032,6.2100395924677585,92.65927100778397,24.8702205473085,48.04929436484944,12.112304724464684,47,1,0
75.66362321291871,36.700496718155236,75.74470668609241,21.340094331412264,60.5351427431356,18.805300425826616,38,1,0
130.0548961498163,39.853997114500494,99.74517256279279,20.048473047306,60.641025649502254,15.491942565370277,45,1,0
70.13458359339845,14.141543596141526,36.37008883279245,13.535995559950251,58.52730172487055,10.247275523210604,38,1,0
100.68670392953584,31.76484183662953,61.65874581892737,4.028365493055958,57.10516730812151,6.478606585064248,44,1,0
155.4184486523562,77.57704001094902,92.54448411070494,46.955158192498565,74.13755057027072,23.566882071432218,31,2,1
108.36435933215893,29.268926979910614,67.70427465698916,17.267870956218104,64.26025011792979,13.653395114201011,35,0,0
96.52240071182055,22.092290809146462,85.04394426778843,27.68195881195895,79.70678391466491,14.388801482525707,45,0,0
116.04124542030637,40.15937223563556,84.35056704580853,19.27810356354037,72.68965025431633,17.436550733208076,54,0,0
180.5217349750781,51.62640974474219,112.50221092497895,40.02579814271594,74.69506356814087,9.088228909307352,34,4,1
83.36635505587948,15.148138373000679,88.9412224119873,13.763101906325987,49.255372336439976,10.243378664212758,40,2,0
98.9738017672131,9.505255143303192,65.74843146281526,24.597640799566364,65.9317099099803,7.289429320501948,47,1,0
231.6824133730609,57.13887942184948,112.7579663251985,35.54254476026521,62.41045524134576,19.875148894939564,43,1,1
150.03313093587033,63.48492907821996,117.40120433814968,38.090542890877785,68.38280625124318,24.620985007633955,47,4,1
117.93137551419431,30.87973547129169,70.54651889530342,24.243047898309285,74.96003169555526,13.466448977176084,28,2,0
188.41985195686016,36.045419581483266,124.19787920038209,40.34799130526236,55.00572914368071,18.581601754384437,54,5,1
161.91687003618318,24.71001585796873,94.57016426812223,17.5382803000936,49.448983697333155,8.206583573513301,35,1,0
151.88884783498395,19.242633515583886,100.92652859753446,33.63112960222773,55.854361367513064,8.762896322451041,45,1,0
133.57893975524465,25.685443554401154,103.3574133454799,27.85365344340657,52.03775877226181,4.880707298706264,35,0,0
103.7519530212516,8.799127848798257,82.8051158221208,9.237477472356925,53.06302032383333,12.857408833107982,27,2,0
130.70275043343997,25.6574989541403,79.88888057632505,34.60788848261401,81.05737633098084,19.490839307982554,38,2,1
116.79279837910339,26.89062483648906,100.54802335042866,22.54168902862727,77.30815193044742,18.65212551284739,37,0,0
126.61702609231156,36.09880047190419,70.37876314964849,14.66489075881646,53.336827834553745,13.639235198598378,38,1,0
246.79691125618555,36.39270129134822,108.02859318734924,23.306337608812466,68.83947014982421,10.387212524826653,39,5,1
228.95795012584017,56.747334840197624,87.12255977783295,47.51409073748911,62.630216670599204,16.592804444891517,34,3,1
98.45247846030483,43.491351051134295,93.70567478513887,14.485692196656924,63.96271563586086,6.021319119223083,47,1,0
165.39036090040614,66.12929240168879,107.80385221210805,14.603743057940395,83.37918643790515,13.084514923627989,37,5,1
126.26264280026311,34.70509847378557,99.44385064622003,17.517237480484695,60.13655663837458,9.51143618171146,43,0,0
261.4349414072717,55.069052050580304,78.32806910654924,30.436436368795874,92.40851908961308,27.508437858270717,43,1,1
198.75912312593871,56.190359294742244,120.76772074319265,31.398252713260533,84.1893664737633,18.272799157399163,35,4,1
160.32172380522067,35.58689995883891,142.11712688726652,49.69656684951096,82.90428976686742,13.920912392079295,38,4,1
119.28348842587074,46.797473822215295,65.78703888541833,18.45853329256146,62.96251931889965,14.057062369659437,34,0,0
109.3709089728157,33.42106039650418,98.79587315365872,7.698036407180714,67.83973142992615,10.165470410793088,33,0,0
88.64281149269088,49.17259148426123,78.64635677839517,22.177273457576547,57.10998781398783,19.740609073061268,35,0,0
